#{"t_start": 1625681791.1903946, "env_id": "AntBulletEnv-v0"}
r,l,t
141.982392,302,0.438562
438.771442,1000,1.601703
500.337123,1000,2.798249
103.321293,207,3.036487
475.835741,1000,4.196102
459.537184,1000,5.369769
472.637625,1000,6.536404
508.571633,1000,7.699976
483.647248,1000,9.046731
52.000837,117,9.295927
509.215458,1000,11.421234
510.922779,1000,13.560753
170.938845,369,14.337359
29.207427,48,14.76089
433.054826,1000,46.177659
34.42056,90,48.344231
195.247347,1000,81.766242
88.683698,589,100.619919
261.806248,1000,133.563538
116.26902,1000,166.304826
186.712788,677,187.072796
-2.682328,20,187.123163
-2.586345,20,188.99983
356.960646,1000,219.47735
236.913675,1000,252.197227
246.972516,1000,285.085246
506.769048,1000,315.71978
420.482425,1000,361.051011
418.863005,1000,391.787123
551.051193,1000,424.231911
450.41833,1000,456.951479
434.903831,1000,487.615941
16.617922,179,493.677068
401.107744,1000,526.143848
460.117383,1000,556.98121
426.832887,1000,589.973075
473.666741,1000,622.44318
426.106764,1000,653.031745
475.75056,1000,697.710995
474.896781,1000,729.94899
527.412456,1000,760.533465
610.00429,1000,793.557426
406.99277,1000,824.35956
531.869561,1000,857.059991
422.812011,1000,889.794324
357.575683,1000,920.678673
498.320739,1000,953.341055
354.217393,633,973.58179
462.070198,1000,1014.775338
554.97719,1000,1047.79072
107.63357,225,1055.977422
433.556905,1000,1086.89253
401.079054,982,1119.359453
455.979629,1000,1150.040383
424.547476,1000,1182.772218
584.118476,1000,1213.442084
248.305945,1000,1245.719123
711.985195,1000,1278.006371
485.424113,1000,1308.476557
494.253779,1000,1352.978047
516.579537,1000,1385.776764
531.258083,1000,1416.421837
707.984506,1000,1448.826913
576.908081,1000,1479.688385
99.17211,212,1487.663621
18.032119,38,1487.760483
593.450482,1000,1520.244554
217.862705,568,1538.519987
499.040156,1000,1569.047716
462.659831,1000,1601.609408
465.990117,1000,1634.156467
571.436481,1000,1676.885375
608.89306,1000,1709.118497
676.334322,1000,1741.91292
215.442897,390,1754.136288
319.082604,1000,1784.819527
418.905125,1000,1817.676339
543.631085,1000,1850.227998
573.207594,1000,1880.923337
390.473526,1000,1914.088696
532.824775,1000,1945.00788
478.123444,1000,1977.980556
411.989688,1000,2023.20704
474.101002,1000,2054.597211
328.879282,608,2075.197545
14.848605,42,2075.304674
514.056163,1000,2108.895137
432.246399,843,2136.521899
487.392053,1000,2170.266807
726.900504,1000,2202.297172
621.612875,1000,2236.63532
35.409313,67,2238.781509
509.86609,1000,2273.390202
449.700446,1000,2305.745932
473.15691,1000,2351.641169
39.243231,134,2356.015366
585.018873,1000,2390.920785
644.539244,1000,2423.706844
649.262457,1000,2458.46933
531.152815,1000,2493.434116
577.619928,1000,2526.235929
469.062398,1000,2561.109794
625.489096,1000,2594.309006
650.513305,1000,2629.449426
715.056696,1000,2664.31537
499.817366,1000,2709.843377
771.064594,1000,2745.374833
534.513138,1000,2780.810863
428.38255,1000,2814.229891
709.688329,1000,2849.967926
685.633272,1000,2883.453436
748.933338,1000,2918.704924
599.337107,1000,2954.062145
755.770467,1000,2987.256205
88.728064,151,2993.738577
482.780281,1000,3026.822797
779.071046,1000,3073.088437
459.040271,1000,3108.423767
570.224693,1000,3141.655876
725.500677,1000,3177.171318
655.46595,1000,3210.370619
692.002585,1000,3245.884836
761.29898,1000,3281.029178
606.538084,1000,3314.102947
498.222923,1000,3349.379118
609.184755,1000,3384.474109
617.477974,1000,3429.859128
504.037019,1000,3465.122013
764.880866,1000,3498.577015
638.711796,1000,3533.711267
732.622902,1000,3568.82313
595.034606,1000,3602.0112
596.411736,1000,3637.228205
493.375517,1000,3672.375339
606.029762,1000,3705.444861
559.962777,1000,3740.481574
679.009054,1000,3786.075274
593.953196,1000,3821.337784
590.572972,1000,3856.632169
561.057514,1000,3889.696759
758.25344,1000,3924.847872
4.414115,21,3924.89968
833.699711,1000,3959.986406
675.7719,1000,3995.242578
497.22395,906,4026.26056
427.183527,1000,4059.285133
714.937959,1000,4094.539543
724.163721,1000,4142.023485
425.491878,1000,4175.183502
758.241584,1000,4210.389211
514.669912,1000,4243.647453
739.041436,1000,4278.832667
493.385738,1000,4314.082515
371.428101,1000,4347.447239
535.192738,1000,4382.84879
678.790728,1000,4417.995017
338.028733,766,4444.44803
801.726575,1000,4489.692678
523.48432,1000,4524.888315
818.178858,1000,4558.014405
664.234859,1000,4593.230609
692.456856,1000,4628.36033
747.139294,1000,4661.653255
757.381914,1000,4696.916568
661.365415,1000,4732.038303
575.382437,841,4760.764555
779.296864,1000,4793.841948
527.989117,1000,4841.260654
883.027481,1000,4876.468498
682.229328,1000,4909.546217
380.638045,1000,4944.637026
538.229851,1000,4977.845071
492.298269,1000,5013.031885
731.143133,1000,5048.240615
415.088796,1000,5081.318465
718.900333,1000,5116.323034
770.357301,1000,5151.425161
528.030437,1000,5193.756492
697.596619,1000,5228.779933
755.733763,1000,5261.888428
7.184141,22,5263.973549
37.629147,48,5266.206524
803.10666,1000,5299.424283
739.130423,1000,5334.672183
772.562774,1000,5368.023101
493.083828,1000,5403.242046
544.92466,1000,5438.317827
586.769038,1000,5471.321425
786.855877,1000,5506.714982
493.605468,1000,5554.104347
591.736627,1000,5587.433527
625.395856,1000,5622.718892
445.473987,1000,5655.861395
593.554777,1000,5690.8711
737.434428,1000,5725.885918
806.701532,1000,5758.775344
377.548587,1000,5793.788984
740.987041,1000,5828.724897
536.455073,1000,5861.870342
750.752712,1000,5909.549962
714.358342,1000,5942.776473
754.130839,1000,5977.896632
537.760247,1000,6012.994097
827.212238,1000,6046.13759
755.70684,1000,6081.139556
651.634602,1000,6116.526107
778.952502,1000,6149.63814
961.555847,1000,6184.909112
604.70261,1000,6218.076442
649.687704,1000,6265.839304
591.926113,1000,6301.176752
777.066962,1000,6334.616844
680.591296,1000,6370.259385
810.446097,1000,6405.675818
586.237837,1000,6439.007227
828.147892,1000,6474.445907
801.382296,1000,6507.695217
537.554343,1000,6543.046534
804.604461,1000,6578.429751
884.601145,1000,6623.826964
634.950743,1000,6659.297544
835.963485,1000,6694.590302
931.355674,1000,6727.782885
1052.777456,1000,6763.110853
803.936943,1000,6796.585335
522.991583,1000,6832.313357
914.265404,1000,6867.48767
808.307382,1000,6900.632586
783.694647,1000,6936.066787
711.955481,1000,6983.290873
630.837942,1000,7016.353943
858.436527,1000,7051.485455
663.671843,1000,7084.70246
713.539821,1000,7119.73437
719.762545,1000,7154.841285
824.368865,1000,7188.11578
900.000203,1000,7223.339514
748.395617,1000,7258.566783
574.228636,1000,7291.708996
474.801202,1000,7338.992599
629.473827,1000,7372.288262
1050.431691,1000,7407.400347
842.566075,1000,7442.68725
929.642338,1000,7479.331562
704.286494,1000,7514.770235
685.028264,1000,7549.913864
844.12357,1000,7582.979662
895.748293,1000,7618.312303
891.699722,1000,7651.299491
653.975741,1000,7698.768713
773.27282,1000,7734.011422
659.11222,1000,7767.400272
868.207886,1000,7802.473519
795.641928,1000,7837.686579
1218.949708,1000,7870.644826
962.293119,1000,7905.663442
921.72144,1000,7938.774746
1033.76901,1000,7974.021551
945.245044,1000,8009.217722
1121.646196,1000,8054.479632
977.17757,1000,8089.626283
1006.939963,1000,8124.697927
810.446607,1000,8157.906675
702.478968,1000,8193.057225
1036.415492,1000,8226.317969
536.098215,1000,8261.524414
865.78647,1000,8296.820305
530.105228,1000,8330.000323
767.803348,1000,8365.393639
935.723312,1000,8412.742606
1008.369793,1000,8445.856063
1124.363201,1000,8481.116934
745.615879,1000,8514.338385
952.049825,1000,8549.548364
1194.072215,1000,8584.856033
939.774027,1000,8617.915012
912.26559,1000,8653.155812
1332.085312,1000,8688.286811
486.210291,1000,8721.241332
1266.476874,1000,8768.818088
1342.542446,1000,8801.864882
901.476062,1000,8836.94042
1223.204751,1000,8871.988213
823.69375,1000,8905.017528
1440.610803,1000,8940.021438
1410.455748,1000,8975.150872
1514.016276,1000,9008.212418
1135.200326,1000,9043.188605
1332.651593,1000,9076.340948
1489.150598,1000,9123.670818
721.28944,1000,9158.922743
1609.406549,1000,9192.067972
1458.465637,1000,9227.32311
1463.789219,1000,9262.454976
1327.061869,1000,9295.54271
1384.932439,1000,9330.574587
1534.859225,1000,9363.567427
1429.764567,1000,9398.504105
61.322908,237,9407.189367
697.007378,1000,9440.360148
1523.61923,1000,9487.502092
1553.29953,1000,9522.506639
1420.043079,1000,9555.618411
1498.578584,1000,9590.593637
1454.453296,1000,9623.636578
1517.897006,1000,9658.673316
1501.275319,1000,9693.80793
1504.34006,1000,9726.809983
1548.668834,1000,9761.87335
1513.96327,1000,9797.062653
1456.660325,1000,9841.944002
895.601788,1000,9876.907645
1590.407892,1000,9910.086308
1388.124619,1000,9945.416536
1442.354232,1000,9981.062427
1439.044809,1000,10014.238905
1646.898074,1000,10049.477507
1467.59743,1000,10084.787543
1491.087844,1000,10118.085239
1526.012759,1000,10153.286563
1587.632006,1000,10198.444126
1479.88285,1000,10233.699544
1508.278167,1000,10268.906262
1502.143937,1000,10302.265934
1576.721035,1000,10337.579744
1616.893703,1000,10372.945642
1575.819641,1000,10406.24324
1710.808198,1000,10441.537319
1757.725985,1000,10474.759112
1687.087767,1000,10509.943856
1694.217893,1000,10556.85595
1662.653941,1000,10589.79116
1743.589861,1000,10624.885036
1502.186306,1000,10660.07307
1723.858013,1000,10693.402467
1740.034265,1000,10728.440653
1750.517905,1000,10761.724644
1789.762747,1000,10796.724558
1762.837812,1000,10831.760857
1719.883586,1000,10864.846509
1609.952739,1000,10912.035217
1774.901308,1000,10947.024493
1646.435282,1000,10980.261637
1688.29477,1000,11015.358232
1807.89517,1000,11048.650288
1877.375015,1000,11083.875899
1774.356839,1000,11118.997544
1832.673377,1000,11152.093072
1678.502275,1000,11187.198765
1766.361106,1000,11222.360676
1726.134318,1000,11267.345134
1799.264926,1000,11302.791327
1812.516942,1000,11335.824629
1760.712848,1000,11371.066059
1759.34889,1000,11406.263261
1796.670124,1000,11439.34571
1786.027008,1000,11474.656806
1760.007053,1000,11509.628707
1841.097429,1000,11542.875072
1833.170231,1000,11578.084188
1843.936077,1000,11623.054638
1895.226669,1000,11658.171481
1806.352557,1000,11693.489316
1782.899634,1000,11726.526561
1795.226654,1000,11761.805597
1806.934767,1000,11796.755075
1831.599704,1000,11830.074819
1851.04517,1000,11865.21303
1719.755036,1000,11898.520418
1923.65569,1000,11933.573121
1850.28372,1000,11980.659355
1704.064903,1000,12013.603214
1945.016616,1000,12048.805626
1952.041899,1000,12083.806338
1748.627552,1000,12116.775998
1949.097816,1000,12151.81247
1825.317318,1000,12185.110423
1894.538073,1000,12220.186378
1835.057639,1000,12255.640079
1956.368728,1000,12288.810643
1705.801585,1000,12335.725759
1820.731591,1000,12370.749476
1871.715804,1000,12403.837874
1969.886187,1000,12438.879984
1843.885252,1000,12472.090234
1916.359665,1000,12507.226344
1825.284302,1000,12542.330505
1826.315196,1000,12575.437736
1862.853307,1000,12610.644527
1963.842066,1000,12645.692651
1337.143347,1000,12690.544445
1963.692112,1000,12725.869491
1846.081032,1000,12758.907861
1872.535028,1000,12794.331403
2020.883245,1000,12829.482749
1860.557848,1000,12862.564842
1928.585017,1000,12897.757597
1838.727942,1000,12932.883456
1983.052651,1000,12965.968981
1993.801831,1000,13001.164076
1913.062858,1000,13046.098209
2033.556049,1000,13081.285276
1897.525742,1000,13116.428996
1954.708336,1000,13149.505259
1846.424112,1000,13184.742368
1998.511799,1000,13219.980874
1954.686287,1000,13253.188856
1945.112389,1000,13288.307004
2004.688383,1000,13321.555086
2041.029839,1000,13356.661708
2014.69718,1000,13404.121745
1987.053683,1000,13437.712634
2032.677178,1000,13473.444208
2025.29489,1000,13509.467824
1966.745455,1000,13543.479414
2008.522833,1000,13579.438696
1791.898475,1000,13612.9019
1967.771656,1000,13648.345655
1998.477972,1000,13683.638051
2006.181265,1000,13716.738778
1976.469792,1000,13763.9009
2026.415321,1000,13799.126494
2026.033104,1000,13832.239822
1864.784746,1000,13867.424196
1893.181623,1000,13900.622136
1911.735745,1000,13936.014868
2050.612665,1000,13971.451679
2000.923546,1000,14004.567259
1943.641127,1000,14040.103701
1955.563256,1000,14075.327024
2025.567307,1000,14120.30292
2088.919642,1000,14155.478812
2005.737055,1000,14188.462952
1997.830791,1000,14223.453872
2025.638297,1000,14258.574499
2097.931916,1000,14291.709002
2077.277963,1000,14326.777775
2107.425962,1000,14362.137929
2061.232801,1000,14395.412166
2107.79065,1000,14430.575967
2084.499624,1000,14475.503969
1886.271559,1000,14510.572015
2136.843359,1000,14545.720633
2084.087425,1000,14578.760425
1976.723179,1000,14613.740381
2072.469893,1000,14648.947717
2062.83302,1000,14681.932039
2090.675445,1000,14717.049549
2068.230257,1000,14750.092978
1950.511314,1000,14785.06496
2043.823068,1000,14831.98728
2158.136733,1000,14864.88874
2110.839589,1000,14900.042073
2080.872622,1000,14935.1088
2049.326617,1000,14968.09709
2197.754106,1000,15003.342786
2174.442931,1000,15036.273988
2149.691768,1000,15071.273266
2101.635622,1000,15106.368255
2147.037577,1000,15139.315838
2088.752987,1000,15186.056656
2228.416617,1000,15221.022803
2129.796266,1000,15253.984551
2202.841313,1000,15288.929049
2061.792113,1000,15321.766868
2079.970116,1000,15356.734327
2179.555722,1000,15391.638301
2182.424238,1000,15424.564993
2170.779634,1000,15459.614144
2228.527451,1000,15494.791703
2119.701469,1000,15539.282136
2229.625551,1000,15574.332802
2124.479904,1000,15607.17707
2235.466907,1000,15641.985119
2212.924628,1000,15676.833265
2262.880374,1000,15709.653872
2219.590634,1000,15744.444481
2257.30485,1000,15779.418915
2213.859382,1000,15812.404941
2206.267501,1000,15847.54528
2297.992001,1000,15892.315927
2188.431405,1000,15927.188123
2323.888185,1000,15962.25422
2302.534183,1000,15995.584422
2245.513587,1000,16030.404835
2257.659204,1000,16065.415927
2031.437348,1000,16098.53291
2292.619872,1000,16133.480364
2294.32368,1000,16166.452735
2277.444287,1000,16201.409295
2341.458665,1000,16248.344249
2334.606308,1000,16281.132136
2252.849795,1000,16316.230216
2391.379265,1000,16351.188927
2366.35231,1000,16384.31207
2369.315666,1000,16419.146217
2363.071978,1000,16452.134366
2296.34796,1000,16487.140155
2359.749285,1000,16521.969517
2366.532836,1000,16554.772206
2391.69469,1000,16601.620135
2361.144227,1000,16636.531615
2386.271277,1000,16669.586527
2376.664621,1000,16704.554736
2349.842625,1000,16737.456318
2400.879573,1000,16772.308997
2350.612603,1000,16807.389466
2422.151511,1000,16840.424323
2408.411894,1000,16875.39492
2168.073984,1000,16910.302998
2446.380902,1000,16954.753863
2381.874917,1000,16990.007241
2444.314487,1000,17022.971434
2454.900346,1000,17058.070903
2337.473334,1000,17093.047848
2381.223269,1000,17124.811173
2377.953597,1000,17158.077906
2405.817414,1000,17191.594887
2227.000178,1000,17222.745038
2424.648952,1000,17255.916501
2434.515377,1000,17298.079748
2472.978575,1000,17330.185608
2268.75742,1000,17363.359679
2530.110807,1000,17394.586413
2464.263017,1000,17427.719888
2339.091137,1000,17460.828719
2443.035067,1000,17491.971658
2475.980406,1000,17525.139857
2129.523802,1000,17556.473902
2470.812366,1000,17589.963734
2503.167698,1000,17634.280756
2478.119618,1000,17664.584619
2543.046222,1000,17697.508117
2510.932674,1000,17730.258874
2456.041876,1000,17761.327688
2535.08223,1000,17794.356277
2520.143866,1000,17825.572161
2477.382185,1000,17858.519836
2423.341933,1000,17891.54321
2499.074576,1000,17922.841145
2549.585799,1000,17966.720301
2581.282542,1000,17998.820117
2592.05624,1000,18029.902042
2548.764869,1000,18063.010513
2480.334388,1000,18093.930127
2477.815973,1000,18126.788791
2490.393348,1000,18159.681965
2575.389927,1000,18191.108864
2570.868522,1000,18224.323633
2466.130171,1000,18257.326324
2560.012337,1000,18298.873644
2599.337728,1000,18330.946694
2528.950278,1000,18362.091018
2566.083746,1000,18394.820321
2621.587529,1000,18427.797744
2406.524852,1000,18458.905368
2480.650705,1000,18491.912129
2597.444328,1000,18524.993758
2488.335158,1000,18556.243859
2606.196079,1000,18589.297183
2510.074791,1000,18630.53682
2586.14367,1000,18663.31363
2560.457122,1000,18696.41763
2544.923424,1000,18727.672332
2591.035154,1000,18760.684439
2562.746963,1000,18793.870923
2567.936267,1000,18825.078571
2562.732274,1000,18858.124011
2568.166348,1000,18889.301253
2602.587064,1000,18922.232316
2572.520025,1000,18964.97859
2633.449649,1000,18996.092774
2580.613791,1000,19029.186947
2492.769558,1000,19062.304625
2603.922855,1000,19093.596908
2622.009138,1000,19126.644221
2575.057561,1000,19157.868196
2677.51474,1000,19191.162297
2689.510412,1000,19224.163606
2643.475638,1000,19255.343286
2606.907884,1000,19298.343
2669.018933,1000,19331.486479
2636.792876,1000,19362.630682
2613.979256,1000,19395.871768
2653.945004,1000,19427.085873
2672.79854,1000,19460.12026
2634.446364,1000,19493.448701
2688.119625,1000,19524.774289
2686.658688,1000,19558.27636
2638.645307,1000,19591.286724
2571.990258,1000,19632.197023
2543.937119,1000,19665.365498
2730.370862,1000,19696.558851
2606.183447,1000,19729.716092
2702.669403,1000,19762.973256
2705.71015,1000,19794.090403
2704.845574,1000,19827.152779
2628.680896,1000,19860.185116
2642.848924,1000,19891.457582
2672.015835,1000,19924.722493
2660.2885,1000,19965.797471
2592.851929,1000,19998.962316
2639.512598,1000,20032.340096
2631.652059,1000,20063.465445
2709.938586,1000,20096.990269
2621.845849,1000,20130.46721
2329.740913,1000,20161.637895
2611.838632,1000,20194.631921
2511.936265,1000,20226.065759
2428.594752,1000,20259.203461
2744.021447,1000,20302.255911
2668.727334,1000,20333.676038
2669.719648,1000,20366.822954
2624.81515,1000,20400.116849
2719.458165,1000,20431.20136
2695.40097,1000,20464.42392
2677.669504,1000,20495.519004
2633.609966,1000,20528.768368
2715.143733,1000,20561.783269
2690.761211,1000,20593.19606
2643.892769,1000,20636.26247
2736.63756,1000,20669.454062
2662.05977,1000,20700.808523
2716.035678,1000,20734.071049
2706.524116,1000,20765.997615
2613.638462,1000,20799.507307
2764.919236,1000,20832.947051
2602.437641,1000,20864.347922
2720.335798,1000,20897.728445
2737.675577,1000,20930.943101
2715.984749,1000,20972.082278
2685.173562,1000,21005.379788
2763.709136,1000,21036.733016
2611.357988,1000,21070.148688
2710.17539,1000,21103.413217
2686.660857,1000,21135.079804
2688.783477,1000,21168.857341
2635.539302,1000,21202.079162
2690.866733,1000,21233.685924
2738.007488,1000,21266.796249
2673.593017,1000,21307.850345
2725.204858,1000,21341.249076
2753.014281,1000,21374.44994
2593.849834,1000,21405.736525
2623.489808,1000,21438.964549
1752.08003,1000,21472.309397
2750.668822,1000,21503.37507
1401.440911,1000,21536.642589
2506.853784,1000,21568.220929
2711.971444,1000,21600.984779
2678.918754,1000,21643.984378
2746.994548,1000,21675.150698
2734.214912,1000,21708.279259
2723.327242,1000,21741.460544
2706.037232,1000,21772.81495
2766.357288,1000,21806.15864
2732.428164,1000,21837.646558
2773.81954,1000,21870.795467
2420.312522,1000,21904.080248
2870.269382,1000,21934.863893
2761.646473,1000,21978.116336
2766.340023,1000,22011.209341
2788.088561,1000,22042.443825
2788.991066,1000,22075.988014
2829.171481,1000,22107.16639
2774.580945,1000,22140.41414
2783.760302,1000,22173.601653
2767.788445,1000,22205.073641
2775.213172,1000,22238.312821
2784.974219,1000,22270.570341
2845.397593,1000,22312.339523
2773.392514,1000,22345.57101
2781.089692,1000,22376.840652
2786.282013,1000,22409.947768
2786.690675,1000,22443.341298
2779.080156,1000,22474.544818
2849.032909,1000,22507.632062
2802.982185,1000,22540.823013
2720.300506,1000,22572.219523
2828.911384,1000,22604.496133
2874.624292,1000,22646.390037
2300.670974,1000,22679.681686
2776.181776,1000,22712.785295
2575.972661,1000,22744.005206
2834.028277,1000,22777.37826
2832.556659,1000,22810.579281
2852.091046,1000,22841.882041
2871.854057,1000,22875.023753
2728.788389,1000,22906.276825
2783.061713,1000,22938.486737
2811.181681,1000,22982.155951
2857.168224,1000,23013.429094
2832.320098,1000,23046.826437
2717.732915,1000,23080.23951
2818.557395,1000,23111.612467
2804.443032,1000,23144.782461
2744.910443,1000,23176.070178
2753.595669,1000,23209.634267
2760.849958,1000,23242.723592
2741.871493,1000,23273.290709
2858.530733,1000,23317.201144
2839.150154,1000,23350.712026
2750.236986,1000,23381.921299
2779.846646,1000,23415.093135
2813.145074,1000,23446.400772
2804.289525,1000,23479.562866
2837.572483,1000,23512.973774
2798.19042,1000,23544.277427
2813.352497,1000,23577.452675
2811.496216,1000,23609.839151
2878.176877,1000,23651.982199
2789.4923,1000,23685.279684
2771.222179,1000,23716.520366
2797.743648,1000,23749.764663
2841.860711,1000,23782.972426
2768.025973,1000,23814.21687
2814.765189,1000,23847.611557
2786.986754,1000,23880.853742
2844.328418,1000,23912.16963
2874.52974,1000,23944.478747
2811.70747,1000,23986.192243
2820.816893,1000,24019.715347
2772.671588,1000,24053.287712
2821.183524,1000,24084.530147
2895.531457,1000,24117.882347
2830.878599,1000,24151.114202
2771.837648,1000,24182.629579
2759.463151,1000,24215.933857
2756.43596,1000,24247.343787
2803.346519,1000,24280.113045
2874.491466,1000,24324.177061
2822.142784,1000,24356.080947
2817.887667,1000,24389.491994
2874.283159,1000,24423.098722
2804.788143,1000,24454.824837
2810.056263,1000,24488.271688
2827.730217,1000,24519.938718
2861.970937,1000,24553.515211
2878.770808,1000,24586.433377
2883.436949,1000,24617.53897
2847.793871,1000,24661.7936
2792.990515,1000,24695.05918
2835.842748,1000,24726.866348
2790.056292,1000,24760.238187
2858.129023,1000,24791.849887
2752.09789,1000,24825.364264
2876.344761,1000,24858.704633
2839.91665,1000,24890.072745
2820.766607,1000,24922.323435
2736.35483,1000,24955.64111
2847.980327,1000,24997.52238
2897.340295,1000,25031.027173
2897.233193,1000,25062.324223
2866.328543,1000,25095.915234
2853.679937,1000,25129.083837
2874.629303,1000,25160.566944
2890.573517,1000,25193.970603
2825.522408,1000,25227.133136
2641.829889,1000,25257.463168
2904.806447,1000,25290.749094
2829.761735,1000,25332.693426
453.93838,1000,25366.082299
675.678577,1000,25399.341963
2876.339222,1000,25430.737147
2847.436955,1000,25463.993962
2884.451604,1000,25497.246649
2810.677816,1000,25528.649597
2938.03965,1000,25561.811498
2903.611895,1000,25592.198811
2852.320341,1000,25625.540739
2888.332466,1000,25669.762944
2860.947295,1000,25701.137561
2909.908364,1000,25734.317023
2926.917981,1000,25767.696152
2885.340006,1000,25799.068597
2862.595402,1000,25832.452346
2927.349742,1000,25863.828989
2951.287738,1000,25897.109616
2773.319205,1000,25929.41105
2863.61136,1000,25960.837888
2930.157785,1000,26004.778228
2897.475591,1000,26038.454495
2890.706411,1000,26069.696804
2921.952473,1000,26102.96906
2905.418565,1000,26134.40797
2889.437611,1000,26167.859916
2840.081192,1000,26201.277382
2819.584296,1000,26232.723595
2880.04851,1000,26265.359935
2912.499116,1000,26298.62215
2882.900708,1000,26340.536226
2914.730352,1000,26373.866264
2946.879533,1000,26405.440445
2912.827573,1000,26438.651631
2903.565046,1000,26472.015083
2907.160975,1000,26503.580126
2875.828429,1000,26536.89726
2907.328587,1000,26569.835145
2934.642397,1000,26600.8407
2899.671247,1000,26634.432953
2888.320233,1000,26676.143279
2937.361834,1000,26709.689226
2892.871087,1000,26743.089383
2834.079318,1000,26774.338749
2876.138173,1000,26807.745094
2906.71092,1000,26841.076936
2849.914908,1000,26872.39518
2847.455459,1000,26904.850675
2922.610887,1000,26936.113369
3009.900364,1000,26969.938761
2900.4546,1000,27013.690443
2938.130636,1000,27045.059317
2889.203085,1000,27078.801812
2968.001063,1000,27112.151258
2939.548272,1000,27143.316108
2934.927174,1000,27176.759483
2894.58823,1000,27208.171417
2708.763122,1000,27240.555518
2934.313482,1000,27273.719731
2922.873939,1000,27305.016823
2912.256111,1000,27348.81236
2968.034591,1000,27382.202623
2949.081862,1000,27413.525647
2848.341772,1000,27446.855553
2976.752811,1000,27478.536386
2850.140583,1000,27511.563926
2935.784828,1000,27544.652862
2896.107038,1000,27575.314413
2964.089071,1000,27608.270744
2799.542548,1000,27641.135967
2939.175129,1000,27681.766499
2897.816956,1000,27714.869592
2944.61745,1000,27745.804659
3005.780184,1000,27778.77916
2951.267392,1000,27811.836529
483.288753,1000,27843.451728
2771.898017,1000,27876.24387
2999.91011,1000,27909.249738
2941.309196,1000,27940.229725
599.948622,1000,27973.530436
2925.081138,1000,28014.125539
2948.362865,1000,28047.294414
2841.996279,1000,28080.651992
2958.662202,1000,28111.719069
2970.305365,1000,28144.688711
2901.025208,1000,28177.817434
2915.674261,1000,28208.93038
2926.558303,1000,28241.872768
2948.001017,1000,28272.84001
2926.721861,1000,28305.842484
2978.419074,1000,28348.275521
2954.572665,1000,28379.548211
2908.63261,1000,28412.899318
2887.125085,1000,28446.019789
2903.860018,1000,28476.94661
2892.985768,1000,28509.739432
2982.908526,1000,28540.646165
2968.564021,1000,28573.151592
2917.202179,1000,28606.080967
2939.925624,1000,28636.999097
2943.666426,1000,28679.399105
2969.683493,1000,28712.291952
2998.144173,1000,28743.530168
2941.878044,1000,28776.51208
2993.725213,1000,28807.455138
2990.861085,1000,28840.485196
2992.914648,1000,28873.493276
2911.305346,1000,28904.159321
2949.458221,1000,28937.04244
3012.452932,1000,28970.161606
2948.21445,1000,29010.301288
2937.875029,1000,29043.25466
2974.386666,1000,29074.152902
2999.197375,1000,29107.081378
2980.077502,1000,29139.796803
2883.745492,1000,29170.680284
2969.741147,1000,29203.563533
2986.692395,1000,29236.316351
2974.833886,1000,29267.371816
2874.100751,1000,29300.300599
2956.495285,1000,29340.523502
2974.589831,1000,29373.485679
2976.886602,1000,29406.328933
2984.82598,1000,29437.213085
2935.908252,1000,29469.997262
2918.506545,1000,29502.85072
2920.647547,1000,29533.63009
2981.947513,1000,29566.618991
3037.51768,1000,29597.574288
2934.225349,1000,29630.684862
2964.070535,1000,29672.908103
2957.386179,1000,29703.736418
2935.589032,1000,29736.686119
2884.82015,1000,29769.437437
2886.731333,1000,29800.293711
2997.49731,1000,29833.019534
3010.130313,1000,29863.676003
2949.006213,1000,29896.683776
2875.428253,1000,29929.649527
2919.265507,1000,29960.839238
2990.460306,1000,30003.092926
3013.538639,1000,30035.966774
2978.751311,1000,30066.93119
2963.723069,1000,30099.874066
2964.432868,1000,30130.789286
3017.496181,1000,30163.609475
2987.924155,1000,30196.366128
2946.033367,1000,30227.62962
3017.650932,1000,30260.551011
2953.927819,1000,30293.555734
2945.202367,1000,30334.043429
2992.386679,1000,30366.965287
3002.972272,1000,30398.020369
2949.347745,1000,30430.887468
2993.71419,1000,30463.814165
3017.298166,1000,30495.258309
3058.626292,1000,30528.185914
2998.305562,1000,30561.149992
3035.727386,1000,30592.071068
2999.251293,1000,30624.982119
3031.44502,1000,30665.768087
2985.380232,1000,30698.946599
2997.797956,1000,30731.846141
2985.433166,1000,30762.923637
2966.082157,1000,30796.268584
2955.319199,1000,30829.395504
3006.792236,1000,30860.113019
3003.380472,1000,30893.073487
3041.173442,1000,30924.073708
2993.252234,1000,30957.01036
3019.251666,1000,30999.416351
2968.047708,1000,31030.437554
2934.306225,1000,31063.143716
3008.581522,1000,31096.09109
3019.872866,1000,31127.120103
2984.020693,1000,31160.16974
2956.577546,1000,31190.724496
2992.177528,1000,31223.690385
3007.543727,1000,31256.650939
2996.889557,1000,31287.603845
2999.56823,1000,31330.072411
3031.215066,1000,31362.932094
3012.470465,1000,31394.089889
3028.69062,1000,31427.147256
3005.996508,1000,31458.241652
2935.758936,1000,31491.370476
2998.56526,1000,31524.309867
3004.333707,1000,31555.562215
2853.784837,1000,31589.101372
3031.659656,1000,31622.158996
3016.843837,1000,31662.793785
3046.615928,1000,31696.174939
3072.345089,1000,31727.419862
2924.948003,1000,31760.569112
3039.177442,1000,31793.601696
2982.987412,1000,31826.827017
2933.989854,1000,31862.440103
2893.966296,1000,31898.287388
3029.197451,1000,31931.869184
2993.100465,1000,31967.6031
3031.890969,1000,32012.620677
2965.058676,1000,32048.237916
2616.724981,1000,32084.053237
3039.964751,1000,32117.436047
3064.78793,1000,32152.753742
3037.471761,1000,32188.162662
3042.851151,1000,32221.494303
3022.434731,1000,32257.037354
2828.919514,1000,32290.664056
3021.679771,1000,32325.981268
3007.653364,1000,32372.712972
2986.113295,1000,32405.942227
2993.227336,1000,32441.406345
2959.569943,1000,32476.904149
2955.696132,1000,32510.232625
3052.365087,1000,32545.771407
3061.065987,1000,32579.21309
3024.513207,1000,32614.476873
3049.187077,1000,32649.940465
3053.747191,1000,32683.246158
2967.760226,1000,32730.024088
3005.152559,1000,32765.403547
3044.27168,1000,32798.733371
2991.405267,1000,32834.055952
3026.02716,1000,32867.294936
3041.830527,1000,32902.578481
3049.072073,1000,32937.892629
3022.708224,1000,32971.319526
3075.371545,1000,33006.703529
2922.810177,1000,33042.106818
3013.322181,1000,33086.883823
3084.479555,1000,33122.19562
3054.073415,1000,33155.590848
3074.501554,1000,33191.114025
3002.93803,1000,33226.668685
3020.708166,1000,33260.146328
3026.150929,1000,33295.648356
3101.730751,1000,33331.105966
3052.876246,1000,33364.384288
3080.9807,1000,33399.735045
3038.121632,1000,33444.592471
2994.038316,1000,33480.302219
3016.664844,1000,33515.762444
3068.033204,1000,33549.278276
3091.816875,1000,33584.773454
3053.999697,1000,33612.286275
3030.358703,1000,33633.601866
3065.383566,1000,33656.075738
3021.211412,1000,33677.417297
3004.845928,1000,33700.038741
3085.335392,1000,33729.919884
3033.733673,1000,33751.190904
3060.962589,1000,33774.04576
3076.254261,1000,33796.589548
3112.074187,1000,33817.850896
2993.213351,1000,33840.716454
2228.161056,1000,33861.950996
3086.13023,1000,33884.663231
3023.787371,1000,33907.240112
3007.586493,1000,33928.550924
