#{"t_start": 1626890524.8657777, "env_id": "Walker2DBulletEnv-v0"}
r,l,t
12.793605,10,0.108955
16.234271,12,0.129392
15.031333,10,0.14559
16.416746,13,0.167764
13.100375,11,0.187322
20.644974,19,0.219246
26.049,26,0.261828
20.245841,16,0.287882
17.62662,12,0.30977
14.414713,11,0.327966
11.624615,9,0.343631
13.542917,15,0.368032
17.010866,15,0.394305
14.696951,11,0.413771
20.485367,17,0.441946
16.288748,19,0.472754
12.73981,10,0.490531
16.484992,17,0.517709
21.157111,19,0.548522
11.733625,9,0.563903
18.425616,16,0.590523
14.044758,12,0.60946
12.904386,9,0.625023
21.775359,25,0.664338
18.13742,16,0.69243
16.235862,13,0.713783
20.18995,18,0.743135
20.441447,20,0.774986
21.079425,18,0.805544
15.772246,16,0.827975
16.465868,12,0.844604
19.387604,13,0.861638
14.91054,15,0.881951
11.825213,8,0.892945
22.249568,21,0.921432
12.557604,7,0.931127
14.498716,10,0.945735
15.221385,10,0.959262
17.065262,13,0.97643
18.343303,15,0.995772
16.014664,20,1.028326
21.066996,21,1.062288
17.815033,18,1.09078
14.749017,10,1.106674
13.833188,14,1.131446
15.76156,12,1.152108
14.731871,10,1.167886
15.53272,16,1.193836
18.063916,12,1.215506
17.13351,16,1.241731
15.028935,12,1.261119
15.583932,10,1.27824
14.926979,13,1.300675
14.594475,10,1.316563
21.287167,23,1.355208
25.25964,25,1.396385
17.688154,17,1.425362
19.979537,14,1.449141
20.241776,20,1.482846
22.452088,22,1.518526
15.22992,14,1.543465
15.561602,12,1.563207
15.854488,11,1.582081
14.694662,11,1.599546
16.777534,15,1.626552
21.740329,21,1.66179
16.000698,11,1.680813
15.970883,13,1.702108
15.011743,14,1.726116
16.97483,14,1.749178
15.412356,11,1.769335
19.958573,18,1.798662
14.458225,10,1.816041
12.875089,8,1.830478
21.222915,22,1.866018
17.343321,17,1.894716
22.507345,21,1.929148
19.965765,16,1.956097
17.00297,16,1.982275
14.155685,14,2.004324
20.454124,22,2.041416
22.540547,24,2.081353
16.498976,14,2.104003
13.232048,9,2.127167
18.431843,14,2.167461
13.036908,11,2.197377
12.557699,8,2.218932
16.241325,12,2.252866
13.767015,15,2.28088
13.750421,11,2.299168
21.602117,25,2.339701
16.518397,15,2.36529
20.126714,17,2.39502
18.887915,18,2.424519
12.931641,9,2.440358
16.063675,16,2.467551
11.381064,6,2.479885
20.786456,17,2.50783
17.291431,13,2.529576
11.87418,9,2.544934
15.056865,12,2.567257
17.52418,14,2.590466
19.410656,15,2.615313
19.512118,20,2.648023
18.606698,15,2.67436
15.170242,14,2.697804
15.846393,13,2.719872
16.939121,16,2.74485
18.097002,15,2.770318
18.591697,15,2.795551
15.798155,11,2.814751
19.189215,16,2.841238
15.473145,12,2.861919
14.665091,11,2.879952
17.626096,14,2.904605
15.814244,15,2.928826
13.561321,9,2.945293
18.380977,16,2.971541
18.850709,15,2.991268
18.555808,16,3.012637
19.174275,16,3.034792
13.866678,15,3.054083
15.103259,11,3.06829
16.799843,12,3.084897
12.069285,8,3.096676
14.094693,11,3.111211
15.071269,10,3.124641
17.108994,13,3.141686
15.704162,11,3.160658
17.923011,15,3.186372
16.663106,13,3.209403
18.448936,16,3.237216
15.854704,14,3.262005
13.121975,9,3.277031
19.708253,15,3.303847
14.785155,13,3.325838
15.410177,13,3.348865
12.01415,8,3.364169
13.115219,9,3.379022
13.515552,10,3.397514
19.496451,15,3.425177
13.657553,11,3.443904
16.15336,13,3.466387
15.146525,12,3.48717
16.880131,16,3.5165
15.72985,10,3.533311
15.047101,12,3.554192
23.550402,21,3.588479
13.844527,10,3.607186
18.508126,21,3.643323
15.701478,12,3.663855
20.315794,20,3.698471
11.752762,6,3.711208
19.184752,19,3.743694
15.909348,16,3.771352
19.713685,13,3.793965
18.567758,15,3.821479
13.459236,9,3.837019
16.649407,12,3.858615
15.54154,13,3.881793
12.233032,7,3.894861
16.925417,13,3.917842
19.277413,14,3.942297
23.15519,24,3.983015
13.022133,10,4.002037
17.888274,12,4.022698
13.874252,11,4.042995
17.67417,15,4.068529
16.576359,12,4.091545
17.068322,11,4.111029
11.819122,7,4.123078
13.512071,8,4.138124
15.34965,12,4.158846
16.649445,13,4.180679
14.893398,13,4.203421
17.237859,16,4.229897
16.973785,11,4.24948
20.562158,18,4.279033
16.17149,12,4.301052
15.516634,11,4.319354
17.591819,16,4.348128
18.439264,15,4.373762
17.902042,12,4.395104
15.848925,11,4.414454
14.291539,10,4.433558
15.78139,17,4.463103
23.178287,26,4.507159
20.278243,17,4.536335
20.130294,18,4.567922
21.257322,19,4.600309
27.754063,26,4.647775
14.595824,12,4.672749
19.061494,15,4.70556
18.051953,23,4.752181
15.143473,10,4.773329
20.422059,19,4.811849
22.406842,19,4.850431
16.982563,14,4.878956
16.699755,13,4.906367
13.635649,17,4.939368
10.708197,7,4.955417
16.14046,15,4.985343
19.09955,15,5.01533
15.095507,11,5.038122
18.002233,15,5.070684
14.441023,10,5.091014
16.588191,14,5.118647
12.743272,8,5.134718
19.705719,25,5.184116
20.342845,18,5.21212
13.811686,10,5.228152
14.213225,10,5.243916
20.855985,16,5.27126
19.550199,15,5.294533
14.219865,15,5.317979
13.166796,9,5.332318
16.208299,18,5.363321
12.752189,8,5.382015
20.422867,18,5.418993
29.831265,31,5.482531
19.299803,16,5.517462
20.04135,20,5.558407
17.198963,13,5.585438
12.044443,8,5.601734
14.389788,11,5.621731
16.834349,13,5.643899
17.102028,13,5.665836
13.2783,9,5.681554
15.363603,12,5.703018
16.341228,18,5.733154
19.256701,21,5.768641
15.733446,15,5.79364
18.580706,16,5.822073
14.038709,9,5.83801
12.424996,8,5.851428
21.118564,20,5.885537
14.74709,10,5.905515
15.414399,11,5.924141
14.78979,10,5.940925
16.759625,14,5.965564
17.749357,16,5.993977
19.364906,19,6.025589
17.7337,14,6.048905
13.737432,12,6.069044
12.095276,8,6.085451
13.972998,9,6.100363
18.639436,14,6.124334
14.95671,10,6.141814
14.207091,11,6.161885
18.217146,14,6.185258
11.5971,7,6.198282
15.709065,11,6.216693
15.797277,11,6.237775
14.997171,10,6.254301
18.872938,16,6.280895
23.166516,30,6.330447
22.646734,20,6.364696
14.250545,12,6.38416
14.182801,10,6.400542
15.943554,14,6.425437
17.636914,17,6.455146
17.980594,14,6.478444
14.36283,9,6.493921
14.753161,11,6.513289
15.350729,10,6.531614
18.57985,14,6.555541
13.65766,8,6.569823
20.245315,21,6.605049
11.17929,7,6.618895
16.323364,12,6.641197
13.596365,12,6.661585
19.225998,20,6.694993
14.487397,10,6.713126
13.070385,8,6.727385
13.832245,11,6.746665
12.917492,8,6.761188
17.180259,12,6.783221
16.305002,13,6.805273
20.518918,18,6.836236
18.504461,15,6.862832
15.498021,13,6.886294
14.400623,9,6.900918
15.80249,14,6.924039
17.193932,12,6.944435
15.025699,12,6.96644
15.688128,11,6.984726
16.302797,12,7.005259
17.911,15,7.029867
16.560722,19,7.061943
14.533515,9,7.077211
12.239969,8,7.091337
13.055218,10,7.108465
17.610807,15,7.135371
15.350503,13,7.157073
14.093688,12,7.176622
14.713034,10,7.195235
20.025782,27,7.240043
17.111428,13,7.261677
14.055724,10,7.278422
18.859268,19,7.31068
15.741474,18,7.336622
16.866889,13,7.353653
20.409281,18,7.377897
16.186169,14,7.39696
16.236924,14,7.417032
18.771616,15,7.436804
16.24903,14,7.45579
14.438426,11,7.471249
15.339696,13,7.490155
19.130457,21,7.524033
14.628766,12,7.543944
13.427962,9,7.558552
18.391582,13,7.583153
16.169683,13,7.604842
14.792977,11,7.623492
14.561796,13,7.646872
12.502866,9,7.664563
13.06466,7,7.677439
18.461161,14,7.702275
15.382375,13,7.724363
15.978764,14,7.749065
14.763252,11,7.768658
13.714377,11,7.786854
18.656622,16,7.813674
17.501814,15,7.840997
15.551834,11,7.861125
16.043162,14,7.88362
20.539826,20,7.917817
15.190791,11,7.937685
13.386711,8,7.952449
17.747701,15,7.977792
15.540465,14,8.00099
14.855167,13,8.025601
19.158215,21,8.060966
16.173562,12,8.081395
14.526939,15,8.107821
16.654944,20,8.143333
16.015691,12,8.163759
11.965518,7,8.175631
12.777121,14,8.200104
15.64918,12,8.221838
13.7807,10,8.239109
13.468285,9,8.255908
14.392867,11,8.274421
14.564296,10,8.294556
15.518888,13,8.316128
21.989133,22,8.35385
14.494049,13,8.376187
13.808819,11,8.396332
19.126811,18,8.42637
16.4827,14,8.45023
20.145497,18,8.480931
17.950356,15,8.507827
17.622139,14,8.531225
12.886956,8,8.545529
16.523447,17,8.574023
14.790244,10,8.5928
15.01832,9,8.608133
13.068694,9,8.623365
17.976296,15,8.647857
14.721256,10,8.666731
13.999206,11,8.685782
21.375328,21,8.720529
17.436119,15,8.744445
18.316074,18,8.775789
19.996248,23,8.815503
18.064153,15,8.840919
12.900272,9,8.856539
13.486345,9,8.874713
17.397991,13,8.8965
14.183624,13,8.918891
18.017765,18,8.948508
16.572381,11,8.969478
13.538499,10,8.98534
13.916413,11,9.00332
18.23489,20,9.035399
16.950171,15,9.061944
16.593858,15,9.086838
17.84589,14,9.109818
19.463915,22,9.147259
16.056475,13,9.170516
15.468768,12,9.191065
20.748927,17,9.219929
15.54027,15,9.246779
19.495456,20,9.28118
16.971922,17,9.309363
20.420566,18,9.339571
18.187823,15,9.365016
15.015856,11,9.384712
19.045217,19,9.415427
12.489279,9,9.431032
19.877402,19,9.460732
12.305085,9,9.475898
18.498889,20,9.502071
21.342889,24,9.534362
21.924446,20,9.561651
13.152338,11,9.5776
17.746728,14,9.596688
20.562717,22,9.626484
23.291846,23,9.657005
16.761672,13,9.681974
13.490562,9,9.696704
17.539167,16,9.723296
16.181491,15,9.748801
15.355951,11,9.769437
14.313155,11,9.787172
16.98103,17,9.815124
14.37912,12,9.836179
14.974867,9,9.854348
18.186887,18,9.882612
21.545947,18,9.912057
17.436443,16,9.938603
12.439497,9,9.956439
15.552333,13,9.978553
16.835605,16,10.004501
21.76017,17,10.03247
21.02756,18,10.064122
15.429258,14,10.086952
20.240075,16,10.114622
16.827765,13,10.136622
13.333141,9,10.153729
21.296319,17,10.18351
12.183411,9,10.198792
15.874989,12,10.219323
19.965291,20,10.254035
17.552713,17,10.283796
23.359129,20,10.316801
24.24785,37,10.378136
18.705532,17,10.409997
18.463974,18,10.439113
14.143015,10,10.455531
16.154782,16,10.481834
15.871509,11,10.503108
13.579141,11,10.521283
17.080846,15,10.546018
14.289044,11,10.564698
17.022159,13,10.587602
13.554578,9,10.603129
18.267177,13,10.625354
19.52428,16,10.65144
17.934956,17,10.681043
22.762057,20,10.715413
15.204443,14,10.744486
14.390046,10,10.764799
17.15943,16,10.799639
14.057757,10,10.820373
16.431793,14,10.850049
17.75271,16,10.882919
14.499281,10,10.905346
16.357638,16,10.937236
15.165876,10,10.958289
14.674776,11,10.980999
21.566388,18,11.018669
17.508709,17,11.051596
16.083313,11,11.072669
17.675274,14,11.100905
16.216292,11,11.125332
15.099053,15,11.155231
14.602504,9,11.174722
15.819724,17,11.207881
15.477102,11,11.233328
17.200436,14,11.261811
29.408177,28,11.316769
15.922648,12,11.340905
13.873065,9,11.360949
18.953403,16,11.394043
14.386672,9,11.41386
22.573677,23,11.460354
16.944466,12,11.487287
20.843867,22,11.534401
16.198215,11,11.556264
20.468151,17,11.585561
16.082975,14,11.610831
12.655098,9,11.627973
19.670901,18,11.653135
23.765675,20,11.681119
16.185986,16,11.708277
18.100193,18,11.736902
13.225614,12,11.755799
15.490276,16,11.780645
16.29363,12,11.803656
21.00815,18,11.839599
22.081059,18,11.876061
19.380847,20,11.914797
18.024502,15,11.946836
14.705007,9,11.967578
14.957452,11,11.990057
19.610183,23,12.034797
17.205759,14,12.064715
15.623614,14,12.092413
16.756317,12,12.117357
22.988369,20,12.155833
15.893784,11,12.180102
13.57699,9,12.19808
17.013666,14,12.227574
17.766185,16,12.260332
16.062473,12,12.286869
17.675743,14,12.315988
16.020273,15,12.346714
13.995168,13,12.373754
14.046792,11,12.399429
29.405615,25,12.450141
19.675855,22,12.495504
14.750091,16,12.525495
20.572647,23,12.565395
17.179686,11,12.584974
13.875465,11,12.603062
20.394624,18,12.634048
16.462193,13,12.657218
19.53661,19,12.68951
20.317259,26,12.734393
15.356286,13,12.755502
20.813523,18,12.787002
14.423831,10,12.804577
18.601121,17,12.833979
15.076908,14,12.857841
14.33572,10,12.875794
18.66637,15,12.900991
12.55745,9,12.917738
17.029629,15,12.943324
14.099743,12,12.964975
13.667192,11,12.985353
17.506023,19,13.016798
14.485371,12,13.036512
15.272428,17,13.066301
16.367252,12,13.086017
15.670419,14,13.10933
15.808585,13,13.130209
13.865587,11,13.14949
14.002991,10,13.167032
12.367753,8,13.179902
14.974321,9,13.195687
15.754115,13,13.218509
14.267422,11,13.236579
17.726527,14,13.260046
15.551841,11,13.278564
19.289088,16,13.306281
14.827086,12,13.326619
21.765069,21,13.360436
15.769696,10,13.378114
18.011182,16,13.405699
16.410824,11,13.423727
13.924127,15,13.449127
14.469467,14,13.472363
23.090859,26,13.517326
14.476578,17,13.546554
12.880618,9,13.562729
12.697178,8,13.576687
13.230222,15,13.604342
14.349597,8,13.617967
18.972794,19,13.650437
16.49318,12,13.671361
12.89745,11,13.692587
22.946491,26,13.736212
18.304183,20,13.768324
15.350578,14,13.787073
16.921543,15,13.809256
17.246038,16,13.830507
15.707986,12,13.846692
11.753949,8,13.857777
14.595183,10,13.872573
16.320059,20,13.899327
19.943263,20,13.926639
17.550543,13,13.944192
19.027256,16,13.970574
14.994415,12,13.991356
19.647013,16,14.017776
15.294614,12,14.038306
21.146471,17,14.067276
13.135096,9,14.082271
18.379216,14,14.105572
13.623684,11,14.124016
18.449013,17,14.153791
17.041471,11,14.171955
13.41582,8,14.186119
12.967754,7,14.198066
21.821068,21,14.234806
14.377577,9,14.250536
16.349808,14,14.273386
12.489861,8,14.287739
14.269411,11,14.307182
13.204044,8,14.321298
20.478073,20,14.354028
15.655654,10,14.37107
12.774803,8,14.386113
19.099553,17,14.415062
19.150786,21,14.451936
15.177402,17,14.480445
21.194354,22,14.51867
17.390754,12,14.539843
18.512906,17,14.568763
17.997137,14,14.591669
16.10426,12,14.613583
20.741628,18,14.642997
16.906905,17,14.671883
23.075526,29,14.719375
18.05297,15,14.745298
12.854272,9,14.762433
18.828825,15,14.786653
13.229644,8,14.800136
11.966343,7,14.814265
17.33797,12,14.834493
15.412434,13,14.857184
13.6733,9,14.874254
13.288906,9,14.891864
17.390971,17,14.920539
20.137999,19,14.952096
16.067481,15,14.976657
15.092114,11,14.996766
14.473538,9,15.012338
20.329349,22,15.048315
11.177115,6,15.058174
20.843048,17,15.088794
16.375539,10,15.105902
21.805225,21,15.140903
22.228786,19,15.170854
23.196288,26,15.214457
16.685332,15,15.238413
18.220195,19,15.267717
14.18361,9,15.282299
15.360809,12,15.304295
18.566431,20,15.336309
16.242927,15,15.359825
13.401702,8,15.373619
17.244482,12,15.394291
16.970028,14,15.417735
15.447249,10,15.434893
15.049143,11,15.452504
16.578176,12,15.473857
28.979149,30,15.523709
17.104447,13,15.545638
17.122485,12,15.56695
20.39929,22,15.603695
17.709978,15,15.629222
17.189465,15,15.653681
16.000926,16,15.679532
17.722508,15,15.705738
20.431772,19,15.737702
19.603599,16,15.764757
13.982922,10,15.78094
18.151215,18,15.812386
12.941524,9,15.828547
12.359845,7,15.840946
19.274964,22,15.876513
12.524123,8,15.892383
14.491164,11,15.910722
14.69052,10,15.928655
18.339975,19,15.95948
14.052873,20,15.993842
12.052082,8,16.006275
15.013097,10,16.020068
15.367968,12,16.035865
12.980145,8,16.048719
22.027098,22,16.077987
14.829757,13,16.095365
17.824175,15,16.115619
21.32659,20,16.143732
14.337454,9,16.155927
18.509381,15,16.175791
22.293947,20,16.206584
14.798919,9,16.222983
15.869412,11,16.242605
15.014195,13,16.26353
13.979868,11,16.281687
18.246642,17,16.311031
22.835325,20,16.3437
14.280082,11,16.361087
16.39892,11,16.379045
16.591446,15,16.403976
10.975736,6,16.413834
17.886776,21,16.448344
22.37227,24,16.48665
15.777686,13,16.510417
16.773157,19,16.541752
14.767386,11,16.560323
21.489067,22,16.595979
23.408179,24,16.636761
20.594499,16,16.664149
16.436258,17,16.692273
15.921612,12,16.713046
17.855963,12,16.733996
21.706306,23,16.77252
18.758823,16,16.799126
13.422757,8,16.813046
14.870586,9,16.829626
13.035307,10,16.84732
17.943294,14,16.870886
13.244816,9,16.886084
11.068474,8,16.902071
18.219455,17,16.930216
16.66316,13,16.952037
13.30027,8,16.965748
22.687121,22,17.003778
13.439763,9,17.019293
16.459186,13,17.041161
18.269335,14,17.064357
22.130684,20,17.099961
21.078786,26,17.141891
11.577859,7,17.153361
14.034946,9,17.168955
12.95935,10,17.186093
25.156705,27,17.229559
18.441145,20,17.262299
21.385416,22,17.297704
17.272307,17,17.328051
38.133494,31,17.783086
29.380455,26,19.719705
13.807883,13,19.749162
14.187811,13,19.798842
13.69642,12,19.827853
14.535673,13,19.882311
45.598406,78,23.94305
11.041447,10,23.984012
11.967958,11,24.011642
13.078804,11,24.038316
11.84632,10,24.061748
11.724625,10,24.087559
9.70971,12,25.901192
10.283225,10,25.925573
9.894589,10,25.949794
9.922589,10,25.989961
9.086535,10,26.01368
10.222297,10,26.037408
9.870101,11,27.886693
10.924554,12,27.922593
12.580971,12,27.945787
12.582512,13,27.970193
11.221187,13,27.999169
11.161561,12,29.856044
11.303643,12,29.885081
10.50609,12,29.913694
11.000286,12,29.942792
10.282041,12,29.987522
11.186744,12,31.783783
13.729964,14,31.818201
14.762062,15,31.854848
13.830791,14,31.903782
13.898855,14,31.936239
16.52107,14,33.750339
10.795575,56,33.884422
28.719858,70,37.562055
11.300296,7,37.578711
11.304505,7,37.596402
10.925283,7,37.613778
11.415209,7,37.652141
11.193968,7,37.669719
11.949426,8,37.690497
11.088453,7,37.707306
11.307858,7,37.727183
50.773515,45,39.645826
52.050078,41,41.719043
16.791915,15,41.754914
20.19483,16,41.813666
18.390026,16,43.812108
23.008096,75,45.939711
13.45796,52,47.96202
13.132804,63,50.024578
101.532335,137,54.140317
1.832104,49,54.254465
40.075081,55,56.300851
62.687083,81,60.33081
65.835176,89,62.425594
10.543154,38,64.400056
13.958706,82,66.753664
13.007365,118,70.849914
69.415972,98,72.977295
48.24486,67,75.07344
21.615294,61,77.177151
42.700341,42,79.305235
33.826849,32,79.400052
80.99605,92,83.701185
28.962238,55,85.865382
28.464856,137,90.019949
49.135231,84,92.29323
44.703337,63,94.376068
105.429513,210,100.731875
9.870909,63,102.828258
19.863099,58,104.884501
68.135564,59,106.950662
37.941928,63,109.014388
17.034573,37,111.042162
68.070046,67,113.119725
94.280986,96,115.301699
33.749819,82,119.329659
109.869861,98,121.551132
47.919685,51,123.583158
33.68425,120,127.838359
57.333352,54,129.87574
55.111598,71,132.027427
67.112631,70,134.094074
23.955035,57,136.176089
30.359718,31,136.237118
34.70557,34,138.280376
27.849772,30,138.356017
41.855458,55,140.399097
64.463936,70,142.514653
108.777703,176,148.714247
85.609041,193,154.896649
168.384137,231,163.088014
53.95892,135,167.220693
61.932366,52,167.370297
37.92503,72,171.420118
155.127575,167,175.612
82.848205,87,179.638955
59.807223,53,179.788943
65.793102,50,181.828644
126.774297,147,186.030622
65.503309,113,190.162523
61.024607,57,192.246274
76.851503,66,194.339648
78.80847,67,196.450144
75.108121,74,198.543333
90.509675,77,202.675792
49.526878,52,202.800582
82.153823,75,206.984019
22.652855,63,209.186563
22.606439,28,209.275588
95.212127,77,211.406359
72.490741,64,213.614286
27.165458,44,215.653617
55.166445,44,217.718548
41.839532,79,219.869135
92.958078,66,221.966635
91.700364,84,224.202955
113.61678,85,226.432524
56.75701,49,228.487628
113.217574,104,232.624666
81.737454,68,234.696822
126.37331,120,238.897785
92.717301,79,241.023002
142.826835,132,245.193851
16.877674,49,247.254001
10.846384,79,249.399618
84.205707,73,251.512404
84.82597,86,255.591934
76.404159,76,257.715196
74.202838,70,259.843525
63.87853,57,261.930553
60.982758,58,264.003526
68.279721,68,266.089293
78.966142,77,268.228526
102.647771,108,272.471231
6.88961,56,272.607033
51.366622,53,274.644207
120.903695,122,278.856721
26.354027,43,281.052266
25.911162,41,281.16721
96.973286,93,285.335194
32.113601,118,289.671132
30.447369,54,291.896905
89.050575,78,294.021774
94.077605,87,296.182111
74.988836,70,298.313224
63.30197,56,300.37995
60.844743,64,302.592408
155.087495,145,307.02217
100.977031,84,311.180637
54.706709,46,311.286046
20.046562,62,313.353713
92.783093,86,317.430759
123.811029,110,321.602885
146.663476,175,325.87717
80.068858,76,327.981006
110.608377,85,332.050821
93.020939,85,334.304296
228.720359,192,340.567368
86.172728,146,345.402911
13.433415,62,347.285347
36.819738,91,350.836236
26.250331,69,352.693823
76.863471,63,354.456398
64.15855,56,356.208487
58.741329,99,358.174918
143.815762,132,362.592524
30.987897,87,366.640437
118.708375,94,368.780264
90.232273,73,370.969683
87.525937,73,373.130879
44.693555,82,377.305933
75.673713,141,381.47375
124.078275,128,385.679993
112.965314,144,389.919183
127.747421,138,394.128914
130.045296,116,398.30237
102.863096,100,402.421943
197.727868,166,406.810446
64.616214,56,408.885564
124.421327,110,413.112373
87.125729,69,415.31416
104.533406,86,417.591578
90.106806,74,419.702521
86.436558,90,423.762935
124.967995,123,427.975206
112.865134,88,430.109179
90.849729,91,434.184468
107.322879,87,436.304695
45.360699,82,438.458034
19.348142,56,440.519574
126.665782,114,444.825702
86.904994,84,446.923268
73.756767,67,449.016114
59.205097,53,451.076366
58.865333,53,453.118492
97.629573,100,455.364842
76.908492,69,459.576713
101.197389,94,461.74192
106.39884,84,463.869447
83.891664,71,465.975747
21.687604,85,470.077337
89.928883,71,472.169084
77.633401,68,474.24577
105.111734,91,476.517081
26.649429,67,478.634775
152.772823,110,482.877133
75.041746,63,484.949874
29.96263,83,487.184971
139.82152,119,491.451284
16.626052,75,493.562998
67.555384,54,495.610439
82.82048,98,499.796028
100.255134,74,502.039821
89.527494,80,504.298229
61.417746,51,506.451947
32.59947,76,508.565306
126.746621,106,512.701937
22.560799,38,512.791131
57.749652,52,514.843957
93.926826,72,516.939321
102.392416,76,520.997454
62.768554,53,521.124068
79.879353,62,523.204464
18.762746,35,525.214882
74.829922,63,527.318454
144.13626,110,531.414398
143.56592,121,533.738642
63.513218,57,535.797898
94.270965,72,539.832736
30.655921,101,541.995087
555.215994,897,571.315253
82.853558,67,573.418225
74.716331,87,577.593458
77.456276,64,579.679542
71.699076,78,581.787768
85.400211,86,583.933107
78.057522,63,586.232291
70.368544,57,588.450998
91.365534,72,590.557756
65.510589,58,592.617057
27.053289,79,594.770894
108.221355,93,598.853014
55.862857,56,600.918095
95.358291,103,603.085609
72.1713,60,605.182561
71.029728,80,607.314718
82.918636,80,611.374578
63.470628,57,611.512031
60.202694,73,615.613013
10.774872,87,617.760094
8.818786,47,619.814221
75.234988,70,621.979501
134.516669,120,626.33902
136.18758,115,628.553848
130.037035,104,632.666765
74.786421,63,634.726966
138.36742,112,638.875518
66.697566,61,641.021055
73.519998,55,643.059507
72.143901,58,645.101903
98.516239,111,647.26245
576.236644,1000,681.57231
73.565688,63,683.625543
68.821568,60,685.688953
118.694662,106,687.889956
85.643551,76,691.914382
94.625755,71,693.998945
123.003317,93,696.027444
131.974514,95,699.784715
70.024343,54,701.72815
82.879623,113,703.690427
108.138648,79,707.336351
158.889388,129,711.434954
100.03988,74,713.536738
82.639515,69,715.631362
79.694624,58,717.691823
47.786633,159,721.800164
185.204586,153,727.722407
59.064091,55,727.849337
100.488074,84,731.751699
63.609839,51,733.836525
89.841541,103,736.008979
73.026144,63,738.106279
91.128466,66,740.206965
69.568696,55,742.290403
65.281617,55,744.4715
72.153274,53,746.538465
96.466834,91,748.700311
93.352829,83,750.916667
72.666797,55,752.995304
70.904004,57,755.096809
95.580683,78,757.220768
69.314173,63,759.374781
119.517403,100,763.59984
115.817024,102,767.702314
88.516058,97,769.861555
93.175668,69,772.034886
103.317887,91,776.241595
122.071854,112,778.561161
98.287268,80,782.649709
135.253311,120,784.868167
96.077976,75,788.913928
638.453965,1000,820.95818
92.898217,76,823.151482
90.121352,72,827.26367
164.700808,143,831.601708
276.7414,354,842.144706
108.831642,109,846.288023
82.055118,59,848.399466
104.721106,95,850.611568
87.890558,71,854.657532
50.076972,49,854.775943
82.303134,85,858.979798
210.38256,276,867.653567
59.188375,56,869.747139
103.834505,89,871.935607
126.268966,125,876.17624
83.70227,88,880.406984
74.382076,65,882.536199
84.653157,67,884.653241
70.847786,74,886.805283
100.797259,95,888.978431
69.501246,68,891.080274
74.339129,70,893.195457
29.62189,60,895.317518
80.118938,77,899.411513
48.40209,65,901.518259
670.234054,1000,933.544173
551.244498,664,956.813787
71.078591,56,956.946985
70.90306,57,959.038778
51.119022,80,963.146227
28.18952,47,963.287107
516.904151,730,988.519634
106.744966,95,990.699336
50.190758,93,994.826088
92.559387,69,996.972181
79.657423,66,999.141167
80.781294,57,1001.289744
180.761914,171,1011.367464
706.626212,980,1045.161885
173.435207,169,1049.377146
146.190795,130,1053.234595
83.350535,75,1055.247368
165.166993,156,1060.990778
712.839327,1000,1094.806072
106.186556,87,1096.975242
115.056471,82,1099.24364
173.869312,132,1103.589842
112.600855,83,1107.691247
227.881967,343,1118.311135
109.570238,74,1120.42424
720.828072,1000,1154.553253
106.160899,75,1156.701728
91.176077,61,1158.806997
161.941802,113,1163.004445
115.109025,82,1165.28589
130.347315,147,1169.838366
111.790011,84,1172.145898
23.689384,92,1176.58456
135.805643,105,1181.130979
146.959195,121,1183.641211
131.110904,92,1188.203078
709.38984,1000,1224.858913
104.058468,74,1227.158485
202.025206,179,1231.834495
32.415699,109,1236.433645
172.630296,147,1241.007458
714.300072,1000,1277.446126
6.245464,85,1279.875818
141.170722,117,1284.45841
23.243362,55,1286.815645
204.058693,162,1293.712584
243.829508,243,1300.685871
347.820712,421,1316.457585
129.279004,99,1320.92815
111.737242,99,1323.299046
148.679098,132,1327.771749
227.384925,230,1336.800744
59.18417,55,1339.02753
105.128965,81,1341.503013
255.775694,206,1348.566366
129.956404,106,1355.302522
170.9495,175,1359.920946
288.648895,231,1368.423462
239.370591,212,1374.75912
211.850787,184,1381.249103
183.615885,155,1387.472774
204.559191,171,1391.81243
414.731392,491,1408.716002
111.056917,98,1412.727667
499.406999,652,1433.657886
47.780199,41,1433.77806
586.467357,694,1456.925552
225.49426,213,1465.230563
145.110422,106,1467.393457
137.824867,101,1471.52759
742.950324,906,1501.268784
218.340629,187,1507.564854
168.680743,147,1511.77773
286.319866,213,1520.067702
143.067883,114,1522.388379
188.964136,143,1528.704223
182.080022,145,1533.003633
108.328888,103,1535.220765
35.135343,93,1539.355458
139.317325,108,1543.515813
152.114957,130,1547.752857
123.240958,87,1549.927409
13.693216,60,1552.061884
109.831865,83,1554.206919
121.652728,87,1558.422855
15.81574,63,1560.57424
144.06107,112,1562.916884
151.7434,131,1567.144033
130.233768,100,1571.276819
151.573899,105,1575.516879
140.472741,109,1577.734928
424.788483,500,1594.552942
365.027299,253,1602.940158
686.203285,858,1630.490632
801.132661,1000,1664.17183
183.300751,176,1670.402311
181.089026,132,1674.586474
285.155428,210,1680.920943
293.077624,224,1691.566787
158.67991,144,1695.763291
37.980846,73,1697.879827
193.670475,147,1702.127887
244.504317,266,1710.717914
155.693213,114,1714.972284
723.969362,1000,1748.620002
329.137705,313,1758.144372
753.336939,1000,1789.417135
535.963795,458,1806.204833
246.645258,183,1810.562342
420.59463,372,1823.193873
169.208805,146,1827.459714
304.697351,220,1835.742183
181.154585,166,1841.949776
477.539002,470,1856.857414
339.060421,237,1865.244598
565.471975,435,1878.042407
149.985383,156,1884.285367
33.35307,63,1886.424218
218.95295,195,1892.870269
662.11629,564,1911.95875
222.572431,195,1918.281576
481.728415,412,1931.144991
383.024146,312,1941.803985
167.801993,125,1946.019001
1281.418064,1000,1979.93549
608.686008,505,1995.005888
704.929408,663,2020.41677
153.089423,108,2024.608914
267.751241,204,2030.995568
248.87863,187,2037.441897
230.856454,199,2043.917205
850.4243,1000,2076.224127
344.090388,315,2086.997873
213.038954,144,2093.311328
759.892958,1000,2124.182204
245.990865,204,2130.643248
724.282722,1000,2165.497523
792.758205,1000,2200.699163
715.598619,1000,2233.255631
789.921311,1000,2268.436604
831.628397,1000,2301.734922
835.110595,1000,2337.260466
200.471914,183,2343.893553
894.88716,1000,2385.650614
335.063757,257,2394.69733
332.12967,257,2403.749681
952.363655,1000,2437.747433
180.855821,142,2442.233924
931.476917,1000,2476.955317
117.167884,87,2479.28297
895.693417,1000,2514.785269
969.444024,1000,2550.608539
64.35232,58,2552.835248
979.847953,904,2584.582615
554.320565,1000,2618.700476
80.924176,66,2620.931153
304.517128,245,2629.832002
1312.434806,1000,2666.265432
980.381833,1000,2700.204617
1010.740725,1000,2744.281511
1190.821332,1000,2780.571678
156.441515,102,2782.932105
925.60126,689,2807.660116
1396.426051,1000,2842.454645
1451.651337,1000,2876.595071
258.5138,179,2883.272827
783.461485,722,2908.158401
736.679927,580,2928.392824
1201.19852,1000,2964.481029
361.443191,293,2975.863399
412.356833,423,2989.553485
1554.56776,1000,3025.709003
721.094251,1000,3061.577861
1538.382104,1000,3104.754933
1174.229001,779,3131.808641
812.973942,554,3151.8266
476.105767,298,3162.962281
732.554512,1000,3196.243336
1453.723909,1000,3231.75103
1457.300951,1000,3267.525848
92.216618,70,3269.790658
1033.755947,719,3294.314259
1306.54302,1000,3328.146188
1506.223734,1000,3363.885173
67.88308,52,3366.058218
1421.75307,1000,3401.863294
1490.81674,1000,3443.947138
1511.678915,1000,3479.665927
1524.427533,1000,3513.315648
1535.873019,1000,3549.299361
1524.325887,1000,3584.147064
1504.934987,1000,3618.220693
1567.712063,1000,3654.207127
1564.559502,1000,3690.22195
1536.146842,1000,3724.086473
1582.88735,1000,3759.811464
1590.355116,1000,3804.205679
1557.931768,1000,3840.36365
1522.137526,1000,3876.458527
1501.024396,1000,3910.092521
1573.405396,1000,3944.970417
1579.097454,1000,3981.160972
1617.971991,1000,4015.041284
1610.270595,1000,4051.175946
1603.839194,1000,4084.734586
1608.958291,1000,4120.762934
1627.006342,1000,4165.0201
117.436579,90,4167.341673
1613.000193,1000,4203.444227
1562.376974,1000,4237.1963
1651.595293,1000,4272.990446
1599.033288,1000,4308.468079
1617.900056,1000,4342.712306
19.344335,29,4344.893245
1622.160407,1000,4378.637177
1590.518747,1000,4414.64153
1627.801829,1000,4450.698624
1655.431697,1000,4484.511982
1574.313019,1000,4531.007158
79.154993,68,4533.251412
69.210941,58,4535.466558
128.51235,113,4537.871826
1615.831914,1000,4573.733971
1585.286505,1000,4609.76396
1569.186376,1000,4643.928123
1504.738819,1000,4679.088473
1607.370189,1000,4715.143997
1597.935189,1000,4748.801716
1603.674083,1000,4784.360328
1618.999546,1000,4818.310197
1581.674199,1000,4854.275593
1613.72524,1000,4901.147554
1638.990147,1000,4934.955113
1621.123267,1000,4970.892206
354.419854,242,4979.910964
1615.230726,1000,5014.061341
1663.790615,1000,5048.734158
1562.611274,1000,5084.238719
624.275237,389,5097.676352
1663.357875,1000,5130.628609
1666.436858,1000,5165.976378
1619.254458,1000,5201.508264
1588.4869,1000,5245.806486
1662.277781,1000,5281.614622
1651.37445,1000,5315.106293
1658.364741,1000,5351.000352
1681.695089,1000,5386.500273
1681.220615,1000,5418.850515
1682.967209,1000,5454.021036
1676.729087,1000,5490.076189
1674.277637,1000,5523.805164
1657.63499,1000,5559.453273
659.075803,403,5572.827921
1716.563125,1000,5618.921069
1689.773969,1000,5652.278296
1707.208818,1000,5687.973732
1663.883269,1000,5723.78474
1666.901726,1000,5757.65125
1713.077564,1000,5791.665226
1690.479277,1000,5827.501435
1707.682506,1000,5860.985484
90.568787,65,5863.228081
1688.795739,1000,5898.81567
1693.270018,1000,5932.440464
1703.892412,1000,5979.152845
1706.731764,1000,6014.974797
1749.310767,1000,6048.727018
1711.35809,1000,6084.540876
1747.335481,1000,6120.280579
1740.356146,1000,6152.585107
1715.315054,1000,6188.053061
1766.741951,1000,6221.416821
1747.15114,1000,6256.847007
1739.065174,1000,6292.863349
1726.50909,1000,6340.894782
1757.472783,1000,6379.228968
1749.489845,1000,6417.554601
1713.370418,1000,6454.071073
1750.61536,1000,6492.191164
1750.037941,1000,6528.251159
1784.711616,1000,6566.444673
1757.51955,1000,6604.673794
1766.180568,1000,6640.808357
1756.111083,1000,6679.125091
1738.878527,1000,6729.315498
1766.346806,1000,6765.391178
1767.195646,1000,6803.658961
1763.027455,1000,6839.336199
1721.612964,1000,6877.362711
1735.613327,1000,6915.777692
858.908584,491,6933.019002
1735.523235,1000,6971.225063
1728.424609,1000,7009.669176
1742.748491,1000,7043.939705
1722.119606,1000,7091.396101
1702.870773,1000,7125.702773
1725.892684,1000,7161.35519
1739.729948,1000,7197.768121
1764.032271,1000,7231.801095
1754.491169,1000,7268.212628
1735.078222,1000,7304.837373
1754.712635,1000,7339.037276
1794.545149,1000,7375.486491
1782.473485,1000,7409.429523
1760.019982,1000,7456.228497
1765.20215,1000,7492.370183
109.826582,82,7494.686789
1727.514082,1000,7529.65644
1717.69988,1000,7563.67443
1760.204298,1000,7599.707447
1785.440771,1000,7633.969753
1796.496937,1000,7669.998476
1765.375988,1000,7706.298329
1765.907991,1000,7740.38391
1739.689774,1000,7776.35265
1823.529863,1000,7822.980032
1826.64456,1000,7855.990192
1742.373348,1000,7892.131445
1746.2489,1000,7926.272317
66.118321,62,7928.510635
1802.575991,1000,7964.891559
1755.712632,1000,8001.477293
1797.913355,1000,8035.730504
1746.607339,1000,8071.954457
1811.006069,1000,8108.406417
1810.108458,1000,8142.542059
1796.360015,1000,8189.471273
1788.116263,1000,8222.928718
1226.435245,707,8250.211122
1800.609549,1000,8284.366467
1733.448742,1000,8320.526271
1815.54076,1000,8354.814156
1745.39209,1000,8390.944977
1774.332008,1000,8427.696867
1794.076749,1000,8462.130491
1788.997381,1000,8498.499046
1788.860882,1000,8534.072028
1792.531367,1000,8577.321035
1773.365831,1000,8613.063933
1795.853684,1000,8646.704697
1778.048348,1000,8682.626101
1727.53834,1000,8718.724159
1759.450729,1000,8752.450958
1740.750687,1000,8787.983932
1779.324577,1000,8823.650744
1784.370019,1000,8857.125909
1790.187806,1000,8892.524204
1751.764107,1000,8933.44305
1775.575349,1000,8969.124774
1791.3972,1000,9005.029705
1816.620425,1000,9038.672317
1762.824259,1000,9074.682752
1829.810465,1000,9110.068959
1796.970638,1000,9143.577119
1832.385321,1000,9179.732699
1815.729716,1000,9213.777917
1854.35223,1000,9249.875106
1805.853672,1000,9296.139788
1823.590723,1000,9330.251805
1819.343672,1000,9367.869165
1780.714082,1000,9406.104035
1818.204217,1000,9442.362904
1810.311481,1000,9480.338765
1866.327489,1000,9516.106222
1829.076278,1000,9554.161982
1829.459605,1000,9592.437407
1822.892696,1000,9628.101362
1794.13181,1000,9677.36934
1825.462305,1000,9715.715069
1821.197447,1000,9751.389576
1849.748119,1000,9789.595583
1846.321916,1000,9825.663886
1822.485292,1000,9863.529306
1842.501535,1000,9902.058496
1836.357634,1000,9937.919869
1831.885665,1000,9975.880064
1806.703549,1000,10013.985471
1816.528822,1000,10061.37603
1839.976062,1000,10099.42332
1847.212267,1000,10135.373726
1861.78039,1000,10173.760005
1820.757248,1000,10211.737675
1833.693423,1000,10247.505357
1859.114579,1000,10285.668574
1836.524163,1000,10323.71992
1864.863311,1000,10359.586906
1840.142888,1000,10397.884021
1868.566995,1000,10445.297407
1866.020797,1000,10483.652778
1841.41062,1000,10521.911803
1865.125612,1000,10556.564813
1873.545572,1000,10592.045876
1885.237723,1000,10627.369366
1640.328058,894,10656.473725
1869.958121,1000,10691.884934
1867.984637,1000,10727.490624
1893.651901,1000,10760.754511
1871.373398,1000,10805.133894
1883.785626,1000,10840.494977
1838.810069,1000,10874.112859
1903.382612,1000,10909.825935
1907.860027,1000,10942.988472
288.334741,173,10949.568993
1926.390849,1000,10984.95068
713.096464,420,10998.743781
1893.973553,1000,11034.121331
1895.09547,1000,11069.669799
1875.552251,1000,11103.379403
207.58216,126,11107.899566
1600.640835,848,11146.248169
1856.354709,1000,11181.084901
1928.587944,1000,11217.068988
1883.393426,1000,11250.703784
1859.970032,1000,11286.751273
1811.741369,1000,11322.233142
1873.146035,1000,11355.716243
1876.622177,1000,11391.350249
1895.023023,1000,11424.613076
1831.009895,1000,11460.56359
1889.905868,1000,11504.9842
1327.522042,706,11529.441428
1945.486387,1000,11562.823277
456.393669,247,11571.709432
549.945641,306,11582.783617
1894.17999,1000,11618.364138
1903.640059,1000,11652.05447
1891.866763,1000,11687.906317
1900.960356,1000,11723.418658
1867.41987,1000,11756.916111
1898.394926,1000,11792.504838
1894.821461,1000,11825.741853
1822.850327,963,11867.982746
1915.972408,1000,11903.634703
35.094606,28,11903.709125
41.268388,32,11905.897254
22.055138,20,11905.942754
1938.727606,1000,11941.425325
1502.888415,801,11968.109544
1929.689138,1000,12003.848429
325.838671,194,12010.481711
1940.346862,1000,12045.989906
1917.892984,1000,12079.72457
1940.912625,1000,12115.603965
1927.564266,1000,12151.010726
1253.873541,661,12173.455173
1865.828754,1000,12218.135698
524.165222,281,12227.019213
1923.558533,1000,12262.542434
568.204337,333,12273.663732
1482.301133,775,12302.451952
44.488939,32,12302.536621
29.86548,26,12304.829577
36.027952,26,12304.892504
1919.906881,1000,12343.052383
1935.743573,1000,12379.565955
735.45603,1000,12418.228812
907.206421,494,12437.482137
1904.349544,1000,12474.07934
1898.302058,1000,12512.760345
1971.873669,1000,12551.679676
1452.593757,761,12592.71936
1988.957019,1000,12629.229256
34.266448,27,12631.555367
25.735888,24,12631.614481
385.891894,225,12638.949897
1990.507631,1000,12677.980697
1931.935219,1000,12716.785778
1949.038829,1000,12753.272274
1951.789184,1000,12791.894803
1952.981812,1000,12830.841148
1946.555905,1000,12867.232564
940.482821,484,12886.527756
402.490369,223,12893.934032
1939.904062,1000,12932.41396
1993.28368,1000,12971.36899
1937.132334,1000,13019.691145
1989.4999,1000,13058.372436
1920.802167,1000,13094.830709
1900.151011,1000,13133.582321
1932.65533,1000,13172.30004
1369.006791,744,13199.026816
673.270417,358,13213.515772
36.7924,36,13213.608306
1797.296464,1000,13252.329957
1917.623171,1000,13291.262052
227.443977,137,13296.12679
1944.300186,1000,13332.748775
723.174389,398,13349.458154
1944.78616,1000,13397.39966
2001.455656,1000,13436.00165
1923.832376,984,13472.569164
1941.78759,1000,13511.133569
1927.873015,1000,13549.828058
44.912434,48,13549.978499
1940.943041,1000,13588.786527
39.142585,32,13588.868566
42.874878,34,13591.244246
35.581651,30,13591.349325
1927.308885,1000,13630.250479
1958.583232,1000,13669.017426
1958.539038,1000,13705.679344
428.550316,234,13715.436315
1927.34505,1000,13763.358385
1956.751939,1000,13799.858652
1351.990824,686,13826.563374
1968.11271,1000,13865.557988
1959.446894,1000,13902.047361
1959.176201,1000,13940.865572
1994.073086,1000,13977.278887
1980.778366,1000,14015.963143
32.932382,25,14016.02483
1980.182771,1000,14054.758402
1930.692207,1000,14093.537816
38.767069,32,14093.642789
42.910901,53,14096.061567
35.530532,33,14098.40134
14.14163,41,14098.506579
37.863799,36,14100.883857
1892.367276,1000,14137.428465
1948.288545,1000,14185.753148
1892.311692,1000,14224.515879
1965.159194,1000,14260.79357
1948.474798,1000,14299.557356
1121.93012,575,14321.535749
1985.70285,1000,14358.306241
103.733771,76,14363.044826
191.535121,113,14365.566723
92.753399,71,14370.274615
176.950924,112,14372.821038
969.586541,504,14392.215599
27.785718,24,14394.565759
813.915639,429,14409.213508
776.675412,404,14426.083271
2000.080581,1000,14462.663046
1979.641661,1000,14501.550115
1956.253036,1000,14549.335526
1017.66705,534,14571.048961
1993.61482,1000,14607.766771
2019.565131,1000,14646.731096
934.553324,473,14663.943267
2009.33434,1000,14702.469732
733.083254,380,14717.193914
1102.345704,554,14739.01626
1995.824373,1000,14775.559718
1964.895951,1000,14814.336941
1985.936881,1000,14853.389958
1993.961696,1000,14889.871349
2001.090876,1000,14933.880655
1981.920119,1000,14970.467232
1967.124183,1000,15009.34179
1999.060254,1000,15048.382307
1972.927551,1000,15084.170576
1970.899463,1000,15122.512396
229.049151,128,15127.32959
2025.715536,1000,15165.666421
1956.235484,1000,15202.042026
1983.270846,1000,15240.491351
1978.505376,1000,15276.882198
43.428227,35,15279.20763
1907.183466,960,15322.078187
1954.419014,1000,15360.524698
535.585052,299,15370.070083
1644.736319,852,15403.699769
15.605144,13,15403.732836
17.232628,15,15403.770945
20.363443,18,15403.844039
15.462764,14,15403.880023
30.419106,23,15406.183279
32.741414,28,15406.254346
34.801353,27,15408.66407
20.700069,16,15408.704819
69.540681,51,15411.071447
87.223793,58,15413.454633
1984.108757,1000,15449.969526
1974.674953,1000,15488.059115
1369.175029,704,15514.52444
1986.973705,1000,15553.109379
1998.702061,1000,15589.486573
1990.04253,1000,15628.141306
2035.494181,1000,15664.460315
579.722243,302,15676.53106
36.479821,32,15678.895681
2009.11034,1000,15726.769088
2001.767909,1000,15765.19729
2012.038546,1000,15801.91018
1961.740146,1000,15840.134889
2009.426109,1000,15878.43416
2012.206309,1000,15914.719771
2024.32575,1000,15953.229048
2018.091505,1000,15992.1649
2002.455756,1000,16028.447791
2015.295026,1000,16067.036112
48.133957,37,16067.124276
32.361512,35,16069.454236
1871.982597,1000,16117.413531
2009.029339,1000,16154.138579
36.524021,34,16156.463628
1994.881188,1000,16192.95711
2022.731403,1000,16231.512151
1996.646431,1000,16270.087766
2020.051796,1000,16306.421947
1913.289968,948,16343.094105
1969.670389,1000,16381.518303
1975.333832,1000,16417.931885
93.03946,72,16420.343298
858.187307,428,16436.779348
754.235668,388,16451.304284
2006.82833,1000,16501.510679
2060.128348,1000,16538.065896
1992.585976,1000,16576.66888
44.188271,52,16579.033887
2010.88731,1000,16617.55813
19.991461,15,16617.593563
2003.828369,1000,16653.715578
72.45316,51,16656.226964
1395.229906,688,16682.80672
2077.431161,1000,16721.407123
2052.511805,1000,16757.621032
2013.551195,1000,16796.178192
2032.938677,1000,16832.440634
2055.629508,1000,16882.329974
860.576742,422,16899.34321
1050.496323,524,16918.725111
2050.005122,1000,16954.982417
1585.192237,792,16986.405726
1013.503115,503,17005.781632
1099.860996,560,17025.163126
2071.853844,1000,17063.606908
1103.42065,541,17085.156077
2021.583637,1000,17121.539019
824.680367,424,17138.31126
231.302725,130,17143.095801
2023.734422,1000,17179.208952
2021.156468,1000,17217.969357
2090.185758,1000,17268.629236
544.591936,293,17278.37827
46.413346,47,17280.761753
583.152918,307,17293.014935
457.462796,265,17302.685014
1993.834043,1000,17341.184263
456.432894,247,17348.514051
1469.629525,762,17377.736359
2023.448726,1000,17416.222535
1054.346136,528,17435.71997
1256.370941,641,17459.681165
70.017629,58,17461.94104
2026.095961,1000,17497.972837
1959.695978,1000,17531.472562
1917.742181,1000,17567.20955
1991.167173,1000,17603.227922
1935.023236,1000,17647.910102
1983.702082,1000,17684.027818
1954.902496,1000,17718.397758
835.645357,432,17734.264131
1984.047995,1000,17770.143434
2022.433649,1000,17803.825598
110.819686,75,17808.184466
1991.620467,1000,17842.288025
2022.535574,1000,17878.362578
51.330943,54,17880.604324
708.192829,363,17891.90708
1713.206131,856,17922.002695
1818.232059,906,17953.809433
1994.849091,1000,18000.428522
1990.878817,1000,18034.451158
1637.891474,821,18064.050439
1967.44245,1000,18100.179003
870.281162,455,18116.090735
1944.060066,1000,18149.951215
1946.071499,1000,18185.604842
1963.621213,1000,18221.713178
1151.858481,584,18241.799838
1983.954957,1000,18275.125317
1785.342683,1000,18311.091487
2002.753536,1000,18357.896844
1933.731617,1000,18391.88679
1706.265109,867,18423.666954
1812.720955,898,18455.492708
1981.110242,1000,18489.737058
957.8644,478,18507.698253
279.512098,149,18512.22972
1979.792082,1000,18548.401329
2043.184348,1000,18584.324714
2008.404826,1000,18618.467363
1966.660807,1000,18653.829826
1972.275625,1000,18687.965439
2003.125965,1000,18732.794735
2035.790421,1000,18769.010985
1954.499771,1000,18802.910181
1974.835431,1000,18839.264789
1979.323484,1000,18875.359502
2036.723485,1000,18910.143975
2013.799922,1000,18946.020347
20.301961,19,18946.088914
1283.454815,634,18968.288862
2059.696688,1000,19004.315476
1832.929352,949,19035.26871
177.167537,112,19039.74768
64.681495,60,19041.990891
2052.006821,1000,19088.562859
2006.067282,1000,19122.697728
2014.492712,1000,19158.881414
2059.588302,1000,19195.152035
2015.967227,1000,19229.247131
1985.116429,1000,19265.834068
2013.450069,1000,19299.775131
1997.346277,1000,19335.53599
27.168881,25,19337.610116
37.715678,40,19337.699343
20.234195,17,19337.764031
34.678479,34,19339.872967
1561.082365,804,19366.861557
283.870972,172,19373.838142
1961.12674,978,19407.3032
2067.954958,1000,19449.762775
25.670022,20,19449.802501
2056.159192,1000,19485.690449
1879.694156,930,19519.79933
46.421575,42,19519.891362
2037.698558,1000,19555.824504
24.658249,19,19555.869323
2030.286985,1000,19592.015241
2002.929181,1000,19626.12898
1956.942315,1000,19661.996982
2074.067011,1000,19698.276686
2085.096382,1000,19732.176437
2026.431691,1000,19767.429434
2025.811164,1000,19813.78583
2003.953568,1000,19847.723852
32.537504,27,19849.898485
33.702923,29,19849.965699
2100.943654,1000,19886.372425
2056.640086,1000,19920.52112
1444.653354,693,19945.282377
281.114827,153,19949.813101
20.105392,17,19951.971895
2061.83665,1000,19985.893031
2053.32369,1000,20021.929265
2072.850096,1000,20058.303332
2088.520007,1000,20092.12222
2088.56101,1000,20128.546955
2047.265901,1000,20172.297701
1475.300119,713,20199.197099
1226.146323,609,20219.595435
2098.353369,1000,20255.850452
2048.850521,1000,20289.947354
2054.136611,1000,20326.11603
14.840033,12,20326.138824
2082.124621,1000,20361.705883
2073.631099,1000,20396.22016
49.702478,55,20398.45721
1752.942934,850,20430.222901
2047.734941,1000,20464.320204
2038.778584,1000,20500.898129
2037.014012,1000,20544.173632
2054.413289,1000,20580.218989
2041.688155,1000,20616.436129
2086.4822,1000,20650.636104
2062.198146,1000,20687.258631
2056.971187,1000,20723.430951
2030.162025,1000,20757.512499
2098.183513,1000,20793.97116
155.489569,110,20798.522996
2073.811381,1000,20832.672491
2089.432237,1000,20868.644774
2016.915955,1000,20911.701815
2062.872306,1000,20947.968039
2067.770168,1000,20984.835728
1656.260393,809,21012.111867
256.847339,142,21018.758711
2092.296544,1000,21052.883364
705.979391,346,21066.125808
2068.933977,1000,21099.927466
2050.197502,1000,21136.16982
2045.699577,1000,21170.49164
2064.099561,1000,21206.88916
1182.940176,594,21227.351079
2034.900109,1000,21272.583524
2068.602528,1000,21308.680904
2034.474888,1000,21342.465785
2054.998832,1000,21378.66446
2077.175865,1000,21412.43569
2048.154862,1000,21448.415403
2085.421719,1000,21484.502522
2028.732723,1000,21518.768376
329.998296,174,21525.623476
2050.021338,1000,21561.922693
2062.610663,1000,21595.955746
1919.608184,932,21639.424913
2075.182899,1000,21675.70194
2061.664081,1000,21709.545368
2043.390397,1000,21745.67961
2059.154933,1000,21780.299898
2038.307343,1000,21815.95674
2069.709635,1000,21852.619426
2082.862837,1000,21886.356665
2052.747809,1000,21922.888784
2061.135189,1000,21959.05121
956.972978,479,21985.448353
111.163005,74,21987.825036
185.499307,118,21992.324758
2064.536188,1000,22027.596519
2089.737853,1000,22061.878909
2086.274677,1000,22097.906183
2116.939711,1000,22134.142539
2039.676461,1000,22167.681351
2112.198374,1000,22203.551415
2090.018746,1000,22237.577146
2045.199737,1000,22273.760901
2073.51504,1000,22309.826298
63.710759,51,22309.944547
2089.865542,1000,22356.965327
2062.296821,1000,22392.033598
1323.772272,650,22414.675322
2073.095181,1000,22448.738345
2058.44209,1000,22484.810828
2063.765355,1000,22520.693073
2039.089407,1000,22554.94089
25.854673,23,22557.101541
2100.177087,1000,22591.112569
247.762143,142,22597.807597
2038.946067,1000,22631.774317
2095.693955,1000,22668.038088
28.513746,23,22668.092333
31.556283,26,22670.30476
2115.497751,1000,22714.929245
1092.431791,546,22735.390137
2007.136481,1000,22768.106378
2085.272968,1000,22804.040501
2094.178641,1000,22840.178534
1431.605757,694,22862.764548
2125.898741,1000,22898.011344
1446.015048,720,22922.844246
2095.234663,1000,22958.767208
22.468565,20,22958.812854
2066.618133,1000,22994.90695
2088.564598,1000,23028.924475
2096.208627,1000,23075.446799
2131.268488,1000,23111.567276
602.724185,319,23122.733736
2133.462457,1000,23155.683348
1911.073911,926,23189.399124
181.122273,112,23193.84433
2085.436443,1000,23227.941693
2110.467532,1000,23264.186087
59.977236,52,23266.440752
1028.014639,509,23284.018951
2083.647461,1000,23317.77559
24.985464,20,23319.907788
2083.647803,1000,23353.580561
468.003161,241,23362.637944
2046.300042,1000,23398.832489
2081.976506,1000,23443.667437
2079.85169,1000,23479.626073
2083.259168,1000,23512.725698
2095.57588,1000,23548.897008
2114.287723,1000,23585.136305
2085.162347,1000,23619.228299
2090.910466,1000,23655.029213
2133.597947,1000,23690.840959
2097.557007,1000,23724.717749
2126.988021,1000,23760.725469
2119.61861,1000,23805.615454
2147.438237,1000,23841.433859
1478.28179,701,23866.089399
2147.461401,1000,23900.878772
2099.084337,1000,23934.621271
749.465827,373,23948.091076
2110.792943,1000,23984.192878
2134.101093,1000,24018.139581
20.040247,22,24020.306237
2065.47206,1000,24054.199215
2105.450366,1000,24090.224851
2106.001885,1000,24126.32204
32.115704,24,24126.374624
2126.626807,1000,24170.689664
91.653006,84,24172.989711
2081.541099,1000,24207.306503
13.954108,17,24209.431882
16.29117,18,24209.466706
100.531494,81,24211.737351
14.266543,13,24211.788196
13.262979,11,24214.04761
2030.30523,1000,24250.364415
2124.850272,1000,24288.844159
2099.419553,1000,24327.068038
2116.410761,1000,24363.287153
2106.840001,1000,24401.716515
2098.412508,1000,24437.64435
2098.227806,1000,24476.192927
2133.950093,1000,24514.661735
2144.272091,1000,24562.709288
2144.565146,1000,24601.095913
2154.670759,1000,24639.681158
2129.817282,1000,24675.860615
2103.691663,1000,24714.187805
2124.974036,1000,24750.583628
72.236141,58,24753.0041
2092.289965,1000,24791.546145
2114.686815,1000,24829.69648
2141.997732,1000,24865.678635
51.515076,38,24868.039177
2142.566573,1000,24904.111153
2096.853455,1000,24954.060538
2157.221594,1000,24992.233829
1600.182556,760,25020.959507
2152.94977,1000,25056.955943
2162.134193,1000,25095.248359
2123.806192,1000,25131.296185
2137.234941,1000,25169.624897
70.822795,54,25172.005521
1601.191717,764,25200.904615
2116.323918,1000,25237.12198
2135.184884,1000,25275.491277
2112.823596,1000,25325.61964
59.183468,45,25325.73366
2134.84423,1000,25364.283003
1068.940843,514,25383.430744
2107.313724,1000,25421.782346
2135.81508,1000,25457.788179
2168.821721,1000,25496.421993
2165.062037,1000,25534.880445
2156.201373,1000,25571.016371
570.752568,282,25583.016455
650.887204,324,25594.919411
2118.603084,1000,25631.120463
33.625007,30,25633.440764
2139.396174,1000,25669.591711
2133.622323,1000,25719.767446
2129.930258,1000,25758.150383
2136.452546,1000,25794.54966
43.275276,34,25796.87527
2094.835216,988,25833.052162
2138.098578,1000,25872.010262
2139.527463,1000,25908.538517
2099.251377,1000,25947.375705
2078.738407,1000,25985.816108
2050.537834,951,26022.075784
2137.252273,1000,26058.385566
2141.216512,1000,26103.857844
2174.340338,1000,26139.915204
2193.114849,1000,26178.460612
2184.715573,1000,26216.806987
2135.845465,1000,26253.149042
2134.29249,1000,26291.844734
2163.769356,1000,26330.967604
2122.140156,1000,26367.151568
2144.016132,1000,26406.096698
2121.286164,1000,26442.529839
23.664355,21,26444.854174
26.49033,24,26444.911054
2112.940896,1000,26494.509961
2118.17493,1000,26530.90618
2156.504749,1000,26569.710945
2160.55807,1000,26608.289227
2175.596827,1000,26644.58759
2161.222972,1000,26683.306825
2134.189332,1000,26722.074407
366.741573,205,26729.308887
2161.190634,1000,26765.636431
2156.28518,1000,26804.81563
2198.419249,1000,26843.482231
2149.778088,1000,26891.11317
2146.903524,1000,26929.741751
918.541664,440,26946.81149
2177.971549,1000,26983.377265
2151.793781,1000,27022.045976
2175.771295,1000,27061.003619
30.169903,25,27061.067804
893.910463,432,27078.169665
1361.628924,642,27102.418054
2187.167976,1000,27138.81156
2189.859255,1000,27177.456378
2185.475985,1000,27216.240488
1565.697728,735,27252.512928
27.899902,23,27252.56927
2202.831665,1000,27291.257754
2133.602464,1000,27330.240406
21.443566,19,27330.297248
2121.34826,1000,27369.157383
1609.277413,754,27395.786226
24.631441,19,27398.128785
560.925438,273,27407.848993
2164.936081,1000,27446.648318
1793.571998,843,27478.139946
2182.77586,1000,27514.183004
2150.996488,1000,27552.546071
2177.070214,1000,27591.024964
2137.298342,1000,27627.554909
2117.014865,1000,27675.993047
258.213146,151,27681.019947
2140.292541,1000,27719.751973
2127.451312,1000,27758.306478
1637.319518,769,27787.34672
110.723984,74,27789.779284
2175.135856,1000,27826.291207
2139.036555,1000,27864.990237
449.998153,222,27872.259175
2135.684674,1000,27909.986678
2178.434952,1000,27947.866936
1662.480423,779,27976.231981
1876.183442,877,28009.3187
40.044695,30,28009.393589
76.542258,72,28011.764374
61.001938,50,28025.721962
2191.245662,1000,28063.875537
2183.682495,1000,28099.410676
35.201362,43,28101.785864
2191.357993,1000,28137.200909
2168.800708,1000,28175.1358
2160.714464,1000,28212.930617
1098.051571,526,28232.017723
2152.754542,1000,28270.315668
2127.253266,1000,28305.92
2132.775731,1000,28343.779227
2134.676104,1000,28379.362481
2177.987015,1000,28428.658104
2198.336202,1000,28466.529944
2140.210864,1000,28502.53805
1012.76996,483,28522.054793
2004.417606,927,28556.096849
2174.932832,1000,28594.797043
2149.856789,1000,28633.557466
1349.282987,625,28655.445724
2126.565182,1000,28694.142632
1165.843371,549,28715.900877
2173.963339,1000,28752.722473
2165.546991,1000,28801.509993
48.893842,50,28803.887396
2155.809111,1000,28840.371255
1839.938972,869,28874.126065
98.043291,78,28876.572052
2149.889329,1000,28915.44596
16.207716,13,28915.506854
2136.164436,1000,28951.936131
430.499066,219,28961.523721
2161.457596,1000,29000.065406
2140.845097,1000,29036.443495
2148.999492,1000,29075.135356
1875.292907,875,29106.77075
92.562702,69,29111.449369
60.567241,50,29111.599331
147.889796,95,29116.369109
2161.566674,1000,29152.87743
2182.295575,1000,29202.796516
2153.67479,1000,29241.260425
75.80434,56,29243.694682
2138.189432,1000,29280.383206
2142.763612,1000,29319.022161
2126.868682,1000,29355.366388
29.403408,22,29357.666782
30.550108,23,29357.725862
103.294328,72,29360.153821
38.880755,35,29362.519073
2149.002228,1000,29398.866266
47.159967,36,29401.200561
2157.249621,1000,29440.108578
2144.363268,1000,29476.558468
1493.16382,694,29503.198689
1820.76606,856,29534.857064
2062.936655,966,29584.720626
1030.334793,492,29601.809838
1442.660379,668,29628.539042
328.451638,172,29633.460147
2120.724415,1000,29671.924783
817.505291,389,29686.607794
2194.555445,1000,29725.332174
2120.568703,1000,29761.46941
2196.754838,1000,29800.029043
2162.309696,1000,29838.456991
2139.447895,1000,29875.00481
2120.794915,1000,29913.74011
2144.712138,1000,29949.913229
2160.976848,1000,30000.352558
2162.828009,1000,30038.972959
1132.350745,542,30058.495501
2172.188286,1000,30097.198128
765.05782,375,30111.491051
2060.545317,1000,30148.051173
2218.872497,1000,30186.723556
2171.618842,1000,30225.369647
2160.653904,1000,30261.804087
2196.898863,1000,30300.295485
317.077782,162,30305.370116
2174.088931,1000,30353.248418
2158.173969,1000,30392.376886
44.239773,36,30392.464446
2136.379537,1000,30431.095234
426.884763,221,30438.391215
2117.069267,1000,30477.400449
2147.818118,1000,30513.873066
2143.178145,1000,30552.417673
2141.986866,1000,30591.516675
2147.155358,1000,30627.842513
2119.951951,1000,30666.622485
491.666039,244,30676.255037
2104.260683,1000,30712.5655
2161.595163,1000,30760.722386
60.53357,56,30763.112322
2168.824134,1000,30799.848228
792.300282,380,30814.45433
2165.309633,1000,30853.162184
2105.535835,1000,30891.710948
2176.496678,1000,30928.102623
2169.75378,1000,30966.8058
2178.613989,1000,31005.284422
2139.013052,1000,31041.528599
2192.521925,1000,31080.393583
2138.816922,1000,31116.598593
2145.875174,1000,31164.664637
2135.537215,1000,31203.451191
2142.31911,1000,31239.948768
2139.330041,1000,31278.576994
2131.567638,1000,31317.295794
2154.133005,1000,31353.546268
2168.216085,1000,31392.210063
2145.546275,1000,31428.905322
2148.811513,1000,31467.821262
2143.52447,1000,31506.160923
24.981992,46,31517.608562
2182.564535,1000,31556.329478
80.421258,64,31558.766987
2161.724503,1000,31597.457493
2156.702627,1000,31633.803475
2186.952547,1000,31672.432671
2125.474564,1000,31711.039167
2120.153078,1000,31747.594119
786.188507,398,31762.183178
2161.56243,1000,31800.844017
2154.757191,1000,31839.562188
2170.796816,1000,31875.915198
1895.900557,880,31921.532328
2149.672577,1000,31960.084419
2172.23964,1000,31996.649328
2153.352793,1000,32035.250628
2195.597075,1000,32071.340328
2152.564128,1000,32110.015393
2157.956943,1000,32148.657536
2176.687451,1000,32185.080037
2184.415516,1000,32224.261611
2187.858281,1000,32263.205506
2156.778934,1000,32311.336493
2139.765881,1000,32350.165284
2152.592272,1000,32386.621811
2124.220703,1000,32425.090349
2146.861024,1000,32463.912595
2172.349032,1000,32500.364808
2099.341758,1000,32539.272247
2139.175567,1000,32577.968611
2153.218667,1000,32614.603331
2135.059126,1000,32653.352118
787.512151,388,32667.828065
22.448658,21,32667.881541
21.723991,20,32670.206493
2166.956648,1000,32715.515444
2129.814447,1000,32754.399035
2171.828065,1000,32789.997488
20.74234,19,32792.300282
2166.754733,1000,32828.503621
2120.141609,1000,32866.840614
1520.832611,699,32893.183973
2125.223718,1000,32931.841633
2184.329477,1000,32967.787596
1259.548143,593,32989.549321
2150.409432,1000,33028.186215
48.351448,50,33030.661635
2161.92363,1000,33072.851521
1183.276256,570,33092.903539
2133.193085,1000,33128.781893
2155.458593,1000,33163.226944
32.187975,28,33163.285398
2152.484379,1000,33198.998619
1694.90516,787,33226.173527
31.273812,29,33226.265811
24.705278,21,33228.609785
2147.509729,1000,33262.545579
2138.640514,1000,33298.617799
2163.695174,1000,33334.487351
2157.372965,1000,33368.315711
2182.221341,1000,33404.483151
26.835777,20,33404.522526
24.264383,18,33404.579824
2155.36462,1000,33451.595461
29.948809,25,33451.653052
2159.652469,1000,33487.620271
2167.039903,1000,33523.096591
2132.748323,1000,33557.217514
2176.983691,1000,33593.68633
2161.470583,1000,33630.295851
2141.228038,1000,33664.415962
2152.399586,1000,33701.308312
2137.072052,1000,33735.783313
2154.367426,1000,33772.316502
2150.051811,1000,33819.450411
2184.585912,1000,33853.156822
2164.529417,1000,33889.273301
2193.389412,1000,33925.801293
2157.737892,1000,33960.456175
2176.23738,1000,33997.212712
2141.892391,1000,34031.571289
91.948682,64,34033.832224
2171.752298,1000,34070.417805
2097.849353,1000,34107.120547
2196.28211,1000,34140.542854
48.205814,49,34142.892834
2164.297272,1000,34185.707631
2143.969633,1000,34220.379659
2189.604348,1000,34256.877133
1633.712104,757,34284.452226
1034.943414,504,34303.016504
2143.451537,1000,34336.949136
2161.299249,1000,34373.139041
2145.581699,1000,34409.688145
2160.643287,1000,34443.162683
46.426402,44,34445.372849
2153.075651,1000,34481.686941
257.473172,139,34486.222205
2187.707785,1000,34531.727715
2182.800585,1000,34568.05722
2128.29215,1000,34604.118452
2134.232093,1000,34638.059023
2038.488043,951,34672.342515
2174.14115,1000,34708.771637
2157.791225,1000,34742.504114
2204.987196,1000,34778.704498
2155.483755,1000,34815.300923
2197.079726,1000,34849.432205
2199.856586,1000,34894.041026
2174.824106,1000,34927.987514
2163.642624,1000,34963.951728
47.245119,43,34966.344979
1487.258438,692,34991.304639
2176.064315,1000,35025.251158
2151.536242,1000,35061.169557
33.633021,29,35061.236576
2139.30782,1000,35097.630784
2154.517533,1000,35131.911808
2184.636527,1000,35168.62425
2166.288356,1000,35205.301687
2201.759794,1000,35239.545845
2160.636366,1000,35286.951224
2169.487962,1000,35323.053555
2194.642415,1000,35356.259049
2155.594191,1000,35392.348067
2171.585037,1000,35426.199297
2154.770452,1000,35462.058042
2154.235856,1000,35498.257964
2151.090549,1000,35532.387547
1470.146379,697,35556.933263
736.762895,370,35570.586857
2187.435742,1000,35606.452426
639.671016,307,35625.444108
2161.720563,1000,35660.166867
16.853118,12,35660.218314
1087.247709,517,35678.192368
105.716101,77,35682.657176
2076.588028,1000,35716.528217
2141.616206,1000,35752.186625
2140.143275,1000,35786.205494
2147.77172,1000,35822.300349
867.36414,412,35835.89532
31.432348,31,35838.07884
2165.864793,1000,35874.504873
2193.182031,1000,35908.189442
2155.535006,1000,35944.115622
2120.06337,1000,35975.295172
2202.866543,1000,35999.025296
2134.452369,1000,36022.917577
2149.456724,1000,36045.27512
2162.304654,1000,36068.569412
2164.944037,1000,36091.766814
2164.481079,1000,36113.673023
2168.146542,1000,36137.133013
2207.318015,1000,36159.347499
2163.949615,1000,36182.699356
2159.428886,1000,36212.503843
2105.917978,1000,36234.724005
2167.198457,1000,36258.016278
2169.612853,1000,36281.352816
2140.379012,1000,36303.461843
2198.868022,1000,36326.904342
22.005414,19,36326.943746
2130.151078,1000,36350.498438
2117.188893,1000,36372.383966
2146.676973,1000,36396.058693
1837.782121,852,36415.055888
