#{"t_start": 1626890496.0359817, "env_id": "HalfCheetahBulletEnv-v0"}
r,l,t
-1116.561924,1000,1.007055
-1138.309073,1000,1.990772
-1104.645577,1000,2.98209
-1330.379714,1000,3.947458
-1179.215905,1000,4.926163
-1224.386403,1000,5.902773
-1246.09242,1000,6.893677
-1188.090352,1000,7.868564
-1316.10977,1000,8.842692
-1055.720978,1000,9.948337
-1151.143762,1000,52.978937
-1501.350667,1000,86.046323
-915.398041,1000,119.103935
-973.257463,1000,150.111259
-184.8873,1000,182.799274
-122.287198,1000,213.600935
34.232049,1000,246.471217
134.009586,1000,279.355748
-623.227878,1000,310.435558
322.25331,1000,343.257796
392.643605,1000,385.191301
147.741539,1000,416.012333
348.651055,1000,448.99126
530.452015,1000,479.902954
187.464016,1000,513.045943
439.837572,1000,546.05633
287.988875,1000,577.044604
396.200448,1000,609.74577
-471.196922,1000,642.655289
378.573555,1000,673.81188
508.986188,1000,715.876738
474.40512,1000,746.78368
612.062684,1000,779.500527
435.651851,1000,812.515461
578.843363,1000,843.490941
622.959191,1000,876.682142
663.083314,1000,909.571857
438.626076,1000,940.705649
751.702495,1000,973.837622
708.317532,1000,1004.80716
615.343234,1000,1046.898457
454.331049,1000,1079.609042
730.108874,1000,1110.547013
748.440208,1000,1143.211677
901.428137,1000,1176.443674
677.678169,1000,1207.611675
888.383072,1000,1240.659733
878.969282,1000,1271.640079
964.250659,1000,1304.871383
946.648283,1000,1337.841355
834.89211,1000,1378.085375
844.72761,1000,1410.805439
958.571534,1000,1443.508326
975.405626,1000,1474.812821
1014.174754,1000,1507.737002
1046.189644,1000,1538.613788
894.784727,1000,1571.737655
864.708519,1000,1604.678487
985.758769,1000,1635.679631
966.780307,1000,1671.68364
1153.627832,1000,1720.127105
1060.493264,1000,1753.661534
966.725631,1000,1789.562783
1165.354499,1000,1823.456069
1232.170113,1000,1859.129475
1216.473617,1000,1894.908035
1120.25865,1000,1928.556475
1119.007488,1000,1964.459722
1299.526306,1000,2000.296082
1026.381554,1000,2033.889824
994.074721,1000,2081.648393
1106.415552,1000,2115.795998
1247.255889,1000,2151.626699
1125.75531,1000,2187.637339
1171.920018,1000,2221.433418
1017.614378,1000,2256.972341
1091.831368,1000,2292.684724
1271.034119,1000,2326.249436
1252.861373,1000,2362.11215
1340.900699,1000,2395.657243
1464.606814,1000,2443.422362
1289.0406,1000,2479.513143
1320.838654,1000,2513.314996
1484.757762,1000,2549.479459
1443.463902,1000,2585.586774
1501.210397,1000,2619.718526
1542.958355,1000,2656.048449
1571.163607,1000,2690.197392
1113.717937,1000,2726.903567
1466.503021,1000,2762.584192
1410.107922,1000,2808.954874
1470.747085,1000,2845.095264
1499.787442,1000,2881.230455
1469.730081,1000,2915.684407
1533.621706,1000,2952.056348
1465.640714,1000,2986.234823
1633.958149,1000,3022.547035
1454.956323,1000,3058.679517
1562.576225,1000,3092.943864
1666.567816,1000,3129.171026
1537.930445,1000,3177.643742
1790.710862,1000,3211.766274
1581.605221,1000,3248.387497
1814.980388,1000,3282.388153
1764.157489,1000,3318.436891
1708.117336,1000,3354.533186
1958.279667,1000,3388.680984
1924.73634,1000,3425.129642
1832.650033,1000,3461.099205
1827.512429,1000,3495.14695
1794.719815,1000,3543.655978
1958.593415,1000,3578.111795
2056.379118,1000,3614.173241
1820.460473,1000,3650.375805
2045.488235,1000,3684.758956
2059.34533,1000,3720.998883
1946.144932,1000,3757.587681
1915.574779,1000,3791.372937
2040.805271,1000,3827.546195
2099.699959,1000,3861.544696
1996.517913,1000,3909.967702
2149.270952,1000,3946.508425
2104.056009,1000,3980.780167
2201.295722,1000,4017.471173
2242.434878,1000,4053.775425
2183.489652,1000,4088.008572
2404.953428,1000,4123.973719
2369.44686,1000,4157.828975
2323.57856,1000,4194.113346
1971.230988,1000,4230.277817
2401.072788,1000,4276.371748
2399.304991,1000,4312.686397
2312.904025,1000,4348.754787
2274.004579,1000,4383.336598
2357.695388,1000,4419.630787
2369.188445,1000,4453.697051
2327.435533,1000,4489.850084
2403.116957,1000,4526.123145
2441.331072,1000,4559.935639
2368.011655,1000,4596.459738
2404.587252,1000,4644.606379
2419.631407,1000,4678.915765
2521.512509,1000,4715.066342
2272.841079,1000,4749.00843
2433.776392,1000,4785.007856
2373.773446,1000,4820.999106
2370.437676,1000,4854.989055
2461.344671,1000,4891.087557
2384.229555,1000,4927.453149
-1648.105276,1000,4961.759733
-1640.563773,1000,5010.575931
-1360.68064,1000,5044.794726
1629.323418,1000,5081.098809
2323.423243,1000,5117.270585
2300.078302,1000,5151.304603
2330.71161,1000,5187.64957
2413.09121,1000,5223.897089
2447.029938,1000,5258.112531
2500.906198,1000,5293.980447
2462.720471,1000,5328.143765
2454.03562,1000,5376.775847
2501.409082,1000,5413.037443
2422.110372,1000,5446.734963
2497.363098,1000,5482.902364
2474.072978,1000,5518.98175
2535.677629,1000,5552.916952
2484.230016,1000,5588.948723
2377.940569,1000,5623.016127
2500.062201,1000,5658.791794
2582.158161,1000,5694.933256
2398.967268,1000,5741.467643
2483.014797,1000,5777.679787
2482.568693,1000,5813.67978
2461.394418,1000,5847.826344
2515.105868,1000,5883.868935
2533.717245,1000,5917.868525
2528.026051,1000,5954.009868
2596.706509,1000,5990.042552
2508.153794,1000,6024.077668
2558.199049,1000,6060.537054
2564.21478,1000,6108.85631
2542.88057,1000,6143.389691
2508.057967,1000,6179.525629
2595.638111,1000,6214.348402
2527.157236,1000,6250.651607
2570.464774,1000,6287.089468
2531.831094,1000,6321.431398
2527.335617,1000,6357.603221
2601.980377,1000,6393.719598
2361.317327,1000,6427.960376
2597.087437,1000,6476.634865
2551.171002,1000,6510.761806
2570.491117,1000,6547.123637
2568.377351,1000,6583.226335
2626.616528,1000,6617.222899
2535.588683,1000,6653.482677
2628.929612,1000,6689.750368
2522.788425,1000,6724.05915
2621.593662,1000,6760.18732
2539.898954,1000,6794.354603
2655.918774,1000,6842.768754
2600.826236,1000,6878.771612
2559.519467,1000,6912.647434
2629.660218,1000,6949.071935
2542.889477,1000,6985.518334
2623.89813,1000,7019.503209
2661.901904,1000,7055.017561
2639.373217,1000,7086.736937
2545.483252,1000,7120.175259
2579.664407,1000,7154.117155
2524.105187,1000,7197.448982
2646.661652,1000,7231.345082
2586.867707,1000,7265.503875
2631.57584,1000,7297.501094
2668.444694,1000,7331.463384
2622.356656,1000,7363.481664
2655.91868,1000,7397.188178
2550.450345,1000,7431.633676
2598.634562,1000,7463.253482
2550.042357,1000,7496.219339
2595.033346,1000,7541.536316
2708.295781,1000,7574.130693
2612.707981,1000,7608.033514
2707.113279,1000,7640.054076
2623.238526,1000,7674.444453
2609.442152,1000,7708.529471
2502.379197,1000,7740.461535
2624.532207,1000,7774.708509
2625.116509,1000,7808.935773
2640.921554,1000,7841.007583
2612.318593,1000,7885.049845
2635.297055,1000,7917.274035
2595.488129,1000,7951.351233
2684.001899,1000,7985.524521
2652.193827,1000,8017.346503
2593.757314,1000,8051.116274
2606.099018,1000,8084.829754
2633.321517,1000,8116.877702
2654.217853,1000,8151.057092
2633.283419,1000,8182.904715
2689.552135,1000,8226.674977
2551.504106,1000,8260.705129
2610.672254,1000,8292.806576
2658.794742,1000,8327.350277
2646.81608,1000,8361.491379
2694.036189,1000,8393.442415
2637.050719,1000,8427.545186
2666.581546,1000,8459.441333
2727.407786,1000,8493.053687
2600.345624,1000,8527.435578
2613.234512,1000,8569.816355
2635.093767,1000,8605.239711
2644.967301,1000,8642.104562
2659.476905,1000,8676.735699
2686.072295,1000,8713.549829
2690.403897,1000,8748.123303
2674.648175,1000,8784.846841
2736.434612,1000,8821.652056
2655.341512,1000,8856.109174
2725.131483,1000,8892.487132
2611.392976,1000,8940.715911
2643.272461,1000,8975.702136
2646.627489,1000,9012.350037
2687.201725,1000,9046.957873
2645.115377,1000,9083.49375
2686.080202,1000,9120.378812
2634.137402,1000,9154.713712
2635.035918,1000,9191.49172
2640.337959,1000,9228.285942
2603.096909,1000,9262.170472
2644.080234,1000,9308.456804
2704.700009,1000,9340.110138
2641.614339,1000,9374.128584
2663.531082,1000,9407.884609
2669.272727,1000,9439.947316
2666.780412,1000,9473.767044
2704.163021,1000,9507.619934
2677.494118,1000,9539.488759
2656.958818,1000,9573.24284
2716.548126,1000,9604.912996
2673.181825,1000,9647.891886
2767.847378,1000,9681.427417
2647.949683,1000,9712.99819
2625.466152,1000,9746.507769
2648.724794,1000,9780.30659
2585.467518,1000,9811.921948
2653.547518,1000,9845.888417
2730.670982,1000,9877.299925
2663.311828,1000,9910.920229
2726.280961,1000,9944.901328
2684.685779,1000,9987.701154
2730.607649,1000,10019.940901
2624.840229,1000,10053.581884
2613.513779,1000,10085.222529
2716.944587,1000,10118.84512
2711.450778,1000,10149.956167
2626.981194,1000,10183.842302
2643.18845,1000,10217.232336
2693.241074,1000,10248.957728
2698.277235,1000,10282.638082
2653.786331,1000,10327.061306
2679.910398,1000,10358.677987
2678.004635,1000,10390.992967
2669.120898,1000,10422.537537
2726.553576,1000,10455.905207
2665.800833,1000,10489.221719
2765.730392,1000,10520.767865
2757.449896,1000,10554.186347
2707.086218,1000,10587.69083
2705.293435,1000,10618.999419
2660.603691,1000,10664.376118
2710.11075,1000,10696.164831
2683.185734,1000,10729.581875
2679.935279,1000,10763.25382
2701.353372,1000,10793.947409
2690.90042,1000,10827.275141
2721.445579,1000,10861.41382
2692.421384,1000,10893.302633
2739.686119,1000,10927.197868
2648.375604,1000,10959.320775
2676.204282,1000,11003.78514
2687.874939,1000,11037.877293
2719.423214,1000,11070.117601
2713.994677,1000,11104.164088
2692.940702,1000,11137.810881
2696.16331,1000,11169.668103
2672.084165,1000,11202.312822
2758.361433,1000,11234.268228
2738.438578,1000,11268.427053
2744.477489,1000,11302.279684
2731.760136,1000,11345.36886
2762.664159,1000,11379.590947
2659.551425,1000,11413.528097
2662.616883,1000,11445.642722
2751.952154,1000,11479.683352
2772.694866,1000,11511.76388
2759.381551,1000,11545.741702
2786.072502,1000,11578.22588
2729.610001,1000,11610.327863
2714.329617,1000,11644.756236
2688.810442,1000,11689.737515
2756.403339,1000,11721.990697
2685.100633,1000,11756.136918
2739.457294,1000,11787.978924
2744.029356,1000,11821.80223
2735.038647,1000,11855.914054
2737.650903,1000,11888.006953
2720.414704,1000,11921.93869
2767.652414,1000,11954.679818
2659.001672,1000,11986.487675
2797.781233,1000,12031.613132
2726.565206,1000,12064.031719
2681.035296,1000,12098.044983
2722.661364,1000,12132.025868
2744.434731,1000,12164.296037
2760.96516,1000,12198.382774
2710.940058,1000,12233.105258
2764.487554,1000,12265.492969
2763.336554,1000,12299.724562
2792.876844,1000,12330.710129
2774.702198,1000,12376.019197
2746.011254,1000,12410.042879
2774.05624,1000,12442.111475
2803.264143,1000,12476.143307
2714.25799,1000,12510.535957
2735.038307,1000,12543.068575
2789.082739,1000,12577.328076
2773.289049,1000,12609.686631
2793.359297,1000,12643.899332
2773.982325,1000,12678.17117
2715.143835,1000,12719.427275
2757.492557,1000,12753.47774
2812.577573,1000,12787.31031
2749.607539,1000,12819.268529
2779.150808,1000,12853.559694
2754.222723,1000,12885.832579
2801.526198,1000,12920.06449
2754.811698,1000,12954.387383
2699.797696,1000,12986.482003
2738.4646,1000,13020.794467
2751.424724,1000,13065.432852
2781.027346,1000,13097.951062
2712.577035,1000,13131.89908
2782.89335,1000,13163.959614
2825.501614,1000,13198.493746
2725.93695,1000,13233.014701
2763.942046,1000,13265.582558
2809.06577,1000,13299.760112
2797.70261,1000,13334.290599
2759.202954,1000,13366.501294
2847.593188,1000,13412.133247
2894.325616,1000,13443.333333
2789.303105,1000,13478.010128
2802.019027,1000,13512.821652
2727.931636,1000,13544.809161
2816.602552,1000,13579.268368
2793.098809,1000,13614.054828
2811.539783,1000,13646.276338
2832.402575,1000,13680.688657
2819.882876,1000,13713.230575
2755.729705,1000,13758.511621
2804.07184,1000,13792.929159
2816.040479,1000,13824.816642
2774.764788,1000,13859.949618
2785.684412,1000,13894.419689
2764.246445,1000,13926.815099
2782.049782,1000,13961.420223
2815.489972,1000,13994.065165
2775.651869,1000,14028.338391
2778.63159,1000,14063.296167
2669.941391,1000,14107.056431
2816.023867,1000,14141.341803
2506.44167,1000,14175.935994
2828.896717,1000,14207.535393
2788.681902,1000,14242.382593
2742.540735,1000,14275.259138
2845.764319,1000,14309.62238
2808.231487,1000,14344.218697
2815.922884,1000,14376.444793
2841.476689,1000,14411.177507
2828.44202,1000,14456.618055
2840.777492,1000,14489.338421
2797.615628,1000,14524.260813
2759.766339,1000,14556.633344
2851.690688,1000,14590.361866
2799.512063,1000,14625.338205
2771.213363,1000,14657.88253
2806.61976,1000,14692.337398
2801.940278,1000,14726.671362
2760.439015,1000,14759.75229
2776.179886,1000,14804.614296
2836.738096,1000,14837.101835
2786.850421,1000,14871.711498
2865.702345,1000,14906.543736
2790.529162,1000,14938.354622
2807.442876,1000,14972.462595
2770.765682,1000,15007.170503
2715.807207,1000,15039.852845
2823.674328,1000,15074.224386
2794.978167,1000,15106.800691
2827.849277,1000,15152.408357
2772.965644,1000,15186.971739
2832.838968,1000,15219.82944
2824.876838,1000,15254.949939
2880.112519,1000,15289.418814
2861.674026,1000,15321.132054
2863.114747,1000,15355.886291
2866.260391,1000,15388.626649
2853.412141,1000,15423.099415
2793.657154,1000,15457.679023
2814.371546,1000,15500.584038
2847.040004,1000,15535.569302
2817.468623,1000,15570.780074
2881.857494,1000,15603.83656
2760.262782,1000,15638.83392
2835.675969,1000,15671.968168
2862.865799,1000,15706.099856
2809.811121,1000,15741.079125
2861.099533,1000,15774.332648
2866.318034,1000,15809.441111
2746.085076,1000,15855.545789
2834.042957,1000,15888.326418
2808.179267,1000,15923.928
2858.3588,1000,15957.240129
2846.892077,1000,15992.767506
2856.908282,1000,16027.777134
2818.975235,1000,16061.33128
2789.097861,1000,16095.128334
2792.281113,1000,16129.866786
2722.107403,1000,16163.239376
2866.942915,1000,16209.264473
2811.319684,1000,16242.60294
2884.766885,1000,16277.22152
2763.739786,1000,16312.573878
2802.394903,1000,16345.754568
2828.393282,1000,16380.923189
2840.224145,1000,16416.230405
2830.751423,1000,16449.094549
2881.119961,1000,16483.612391
2832.613557,1000,16516.878454
2762.653321,1000,16563.636141
2872.336957,1000,16598.845197
2809.218769,1000,16632.277373
2876.625863,1000,16667.530361
2869.353919,1000,16703.226515
2882.952559,1000,16736.48726
2874.733598,1000,16771.541974
2860.142039,1000,16804.826834
2904.233849,1000,16838.730776
2875.848213,1000,16874.01686
2847.518154,1000,16919.153756
2841.90738,1000,16954.539124
2803.402025,1000,16989.969535
2864.866805,1000,17022.891756
2897.771314,1000,17057.527575
2646.385039,1000,17090.620096
2785.675704,1000,17125.789587
2888.572445,1000,17161.267348
2882.024912,1000,17194.264647
2893.069963,1000,17228.291038
2885.308913,1000,17274.349687
2899.621598,1000,17307.879599
2934.279782,1000,17342.902037
2857.934116,1000,17376.392525
2894.714746,1000,17411.984952
2858.017388,1000,17447.077749
2739.43124,1000,17479.931787
2720.211024,1000,17515.726872
2905.782343,1000,17551.087255
2749.415406,1000,17583.372664
2926.186856,1000,17629.944141
2910.948323,1000,17663.502645
2879.62265,1000,17698.822228
2923.86414,1000,17734.487872
2905.589334,1000,17768.033047
2887.954629,1000,17803.669129
2918.584836,1000,17839.34596
2896.37166,1000,17872.861863
2837.486905,1000,17908.480995
2913.643518,1000,17940.977559
2913.888861,1000,17987.562277
2832.064997,1000,18023.461209
2914.441962,1000,18056.99698
2858.687311,1000,18092.536485
2935.057207,1000,18128.257596
2899.67367,1000,18162.172328
2834.552063,1000,18197.932947
2890.406425,1000,18231.37832
2864.536052,1000,18267.483869
2908.140662,1000,18302.209341
2875.498592,1000,18346.467743
2947.686461,1000,18382.171287
2864.890318,1000,18417.901629
2942.004379,1000,18451.918052
2908.305009,1000,18487.584503
2879.04509,1000,18521.502682
2871.528323,1000,18557.513828
2929.408407,1000,18593.412082
2896.806945,1000,18626.765154
2862.954167,1000,18662.03262
2891.563108,1000,18709.244593
2869.681478,1000,18742.929721
2876.02743,1000,18778.881948
2866.877644,1000,18812.419462
2903.034249,1000,18848.358739
2900.030085,1000,18884.269741
2922.35899,1000,18918.145731
2886.062884,1000,18953.895496
2856.765458,1000,18988.828899
2835.549494,1000,19022.343764
2903.739112,1000,19069.007244
2879.728753,1000,19102.693754
2921.086175,1000,19138.48143
2862.079942,1000,19174.139723
2917.891951,1000,19207.639467
2930.205584,1000,19243.390224
2889.04402,1000,19279.061947
2897.955781,1000,19312.332637
2850.636588,1000,19347.036139
2810.59693,1000,19380.698961
2888.010288,1000,19427.2494
2921.515573,1000,19462.998626
2881.92683,1000,19496.816966
2947.301101,1000,19532.735533
2912.875488,1000,19568.600663
2906.873464,1000,19602.334188
2861.68655,1000,19638.472889
2845.919862,1000,19671.959375
2859.462678,1000,19707.358559
2831.844839,1000,19743.171477
2935.513744,1000,19787.793068
2942.24707,1000,19823.38656
2892.747235,1000,19859.055268
2955.204714,1000,19893.003298
2877.580888,1000,19928.628522
2888.684078,1000,19962.452312
2900.324668,1000,19998.504637
2860.247832,1000,20034.440057
2862.844289,1000,20067.200412
2913.644532,1000,20102.959509
2879.124491,1000,20149.447701
2962.306871,1000,20182.832077
2939.732176,1000,20218.48912
2897.435199,1000,20252.008818
2896.083432,1000,20287.80171
2908.826465,1000,20323.676617
2932.982212,1000,20357.809744
2884.714687,1000,20393.346903
2861.776035,1000,20428.159076
2891.954317,1000,20461.743685
2875.888997,1000,20508.522507
2894.972826,1000,20542.081445
2907.188545,1000,20577.746123
2932.445493,1000,20613.510493
2953.939656,1000,20646.888802
2859.627417,1000,20682.851516
2831.643849,1000,20718.69969
2923.296964,1000,20751.939162
2909.054083,1000,20787.054471
2855.791912,1000,20820.9145
2943.785202,1000,20867.788751
2914.738009,1000,20903.783262
2873.310421,1000,20937.231345
2912.154479,1000,20972.980529
2930.230088,1000,21008.673316
2875.480832,1000,21042.134562
2938.152939,1000,21077.965605
2972.834331,1000,21110.798517
2924.069191,1000,21146.225942
2943.355444,1000,21181.881572
2865.475734,1000,21226.628419
2807.757686,1000,21262.488134
2971.211199,1000,21298.174987
2769.809437,1000,21331.795913
2898.203064,1000,21367.619769
2887.133657,1000,21401.129097
2867.442047,1000,21437.133282
2883.679733,1000,21471.908483
2879.851603,1000,21505.383369
2929.707004,1000,21541.16335
2915.282334,1000,21587.894269
2906.778274,1000,21621.379937
2918.195399,1000,21656.990534
2980.219073,1000,21690.947657
2762.066559,1000,21726.700426
2818.267736,1000,21763.02188
2907.220941,1000,21796.665224
2980.226862,1000,21832.139237
2924.287119,1000,21868.558611
2959.530992,1000,21902.733042
2956.488059,1000,21950.001936
2894.55786,1000,21984.258444
2957.262998,1000,22020.368592
2905.032715,1000,22056.925331
2908.204813,1000,22090.964663
2926.41326,1000,22126.809474
2947.756215,1000,22162.195338
2933.523874,1000,22196.429065
2934.743348,1000,22232.849204
2925.325075,1000,22266.910282
2960.58876,1000,22313.989678
2932.245504,1000,22350.499047
2930.363597,1000,22384.692909
2957.477104,1000,22420.522664
2928.957724,1000,22456.937351
2873.342263,1000,22490.832966
2906.481678,1000,22526.069763
2929.106101,1000,22560.114417
2954.335919,1000,22596.333095
2873.981471,1000,22632.378121
2859.125397,1000,22677.472848
2884.533304,1000,22713.769395
2909.905154,1000,22749.88073
2949.935471,1000,22783.915481
2922.770672,1000,22820.152003
3000.1118,1000,22854.219083
2957.575567,1000,22889.605364
2918.602634,1000,22925.912035
2954.658064,1000,22960.591288
2914.105471,1000,22996.601084
2926.551849,1000,23043.998988
2941.642338,1000,23078.185615
2908.65275,1000,23114.001331
2873.447513,1000,23148.126261
2979.157663,1000,23184.201872
3004.613613,1000,23221.450065
2964.04911,1000,23257.618426
2966.756368,1000,23295.807625
2959.376008,1000,23334.310963
2942.838925,1000,23370.718553
2947.09285,1000,23421.197671
2944.028121,1000,23457.516752
2986.246255,1000,23496.103632
2922.747648,1000,23534.642138
2946.229506,1000,23570.629717
2968.528978,1000,23609.157643
2946.021134,1000,23647.55221
2938.985781,1000,23683.878017
2965.727735,1000,23722.201895
2967.492872,1000,23758.285072
2775.168745,1000,23808.682739
2961.8558,1000,23847.265783
2891.334262,1000,23883.581713
2973.631377,1000,23921.920337
2979.483002,1000,23960.599535
2951.757817,1000,23996.864352
2909.56924,1000,24035.505507
2943.439485,1000,24071.741517
2952.002371,1000,24110.090912
2904.036608,1000,24148.615602
2931.627325,1000,24196.419427
3013.495911,1000,24232.700493
2891.18059,1000,24270.856451
2955.971605,1000,24307.150026
2933.562016,1000,24345.437849
2940.749758,1000,24381.568597
2997.024025,1000,24420.035068
2930.111524,1000,24458.638211
2960.415981,1000,24494.712474
2963.409964,1000,24533.4188
2906.315844,1000,24583.809149
2890.013634,1000,24619.955079
2995.452411,1000,24658.491791
2937.449674,1000,24694.592818
2950.930827,1000,24732.792701
2940.184507,1000,24771.540027
2986.475529,1000,24808.016637
2939.29357,1000,24846.284122
3010.784837,1000,24884.447892
2924.602155,1000,24920.527658
2964.720604,1000,24970.828722
2897.988902,1000,25006.920774
2963.9205,1000,25045.378539
2977.767964,1000,25083.691355
2988.942334,1000,25119.80802
2937.945233,1000,25158.090019
2990.607898,1000,25196.403734
2945.04678,1000,25232.503366
2987.725786,1000,25270.914136
2983.082865,1000,25307.024357
2972.820098,1000,25357.494988
2926.014359,1000,25396.019394
2958.401671,1000,25432.075608
2977.802625,1000,25470.411236
2972.477334,1000,25508.840537
2956.332382,1000,25545.158554
2980.158939,1000,25583.394206
2927.945599,1000,25619.695939
2940.475406,1000,25658.137382
3007.25069,1000,25696.505078
2878.466308,1000,25744.559709
2952.825802,1000,25783.196761
2951.750981,1000,25821.878837
2916.396042,1000,25858.090658
2984.566503,1000,25896.951749
2916.321685,1000,25933.444015
2978.947515,1000,25972.294584
2950.670912,1000,26010.847185
2970.400247,1000,26047.128273
2954.911656,1000,26085.741339
2924.213701,1000,26136.090233
2931.090317,1000,26172.372744
2901.813655,1000,26210.90221
2914.082851,1000,26247.151069
2984.556972,1000,26285.687472
2891.040785,1000,26324.162671
2977.905941,1000,26360.554967
2944.252568,1000,26398.671612
2980.076793,1000,26437.375485
2981.593078,1000,26473.595002
2907.127443,1000,26523.334932
2946.330997,1000,26559.368908
2977.642581,1000,26597.715239
2954.186993,1000,26635.831723
2988.376753,1000,26671.828614
2948.739626,1000,26710.278172
2961.89349,1000,26748.640079
2867.498023,1000,26784.520989
2971.640789,1000,26822.969961
2899.758877,1000,26859.530216
2977.36875,1000,26909.290422
2983.973478,1000,26947.607501
2975.090307,1000,26983.793546
2976.320137,1000,27022.097712
2972.926787,1000,27060.380826
2978.182952,1000,27096.681165
2978.398164,1000,27135.002477
2928.058361,1000,27171.131335
2977.434656,1000,27209.256657
2982.617133,1000,27247.287767
2996.984668,1000,27295.406759
2990.598376,1000,27333.860448
3029.360848,1000,27372.625456
2955.436092,1000,27408.760227
2924.349042,1000,27447.06069
2995.14032,1000,27483.249959
2984.57282,1000,27521.441315
2945.15365,1000,27559.590252
2972.141762,1000,27595.565772
2927.182863,1000,27633.688267
3014.455292,1000,27683.879661
2989.705492,1000,27720.542437
2689.727366,1000,27758.902451
2978.43683,1000,27795.04572
2965.147748,1000,27833.28367
2993.916899,1000,27871.565152
2966.345852,1000,27907.578784
3014.260927,1000,27945.394533
3003.479776,1000,27983.087686
2971.156728,1000,28018.670477
2995.969418,1000,28068.591575
2981.241017,1000,28104.321271
1813.935423,1000,28142.179511
1137.699657,1000,28179.666719
2957.813682,1000,28214.984628
2919.902773,1000,28252.076397
2939.026458,1000,28289.867695
2955.749907,1000,28325.144664
2954.191377,1000,28362.587307
2938.903896,1000,28397.768784
3008.527225,1000,28446.923795
2926.670798,1000,28484.380451
2969.654615,1000,28519.755116
3010.520381,1000,28558.280292
2964.316895,1000,28596.341561
3018.17034,1000,28632.179165
2984.77368,1000,28670.22568
2901.846359,1000,28706.056411
2959.45626,1000,28744.116319
3007.095562,1000,28782.673744
2963.085155,1000,28831.091908
2986.621045,1000,28869.163167
2943.771868,1000,28907.189234
2970.806312,1000,28943.210556
2941.987767,1000,28981.181394
2963.852724,1000,29016.863493
2957.345846,1000,29054.940503
2940.458678,1000,29092.952713
2996.426437,1000,29129.09544
2957.97668,1000,29167.135588
2969.409462,1000,29217.378568
3006.009352,1000,29253.024471
2987.357819,1000,29291.267591
2956.941226,1000,29327.383794
2958.750935,1000,29365.470893
2895.557842,1000,29403.240209
2952.498692,1000,29439.121003
2933.720969,1000,29477.485991
2967.793432,1000,29515.667974
2941.011729,1000,29551.83733
2944.641923,1000,29601.750823
2921.853062,1000,29637.749535
3004.348694,1000,29675.872729
2933.361337,1000,29713.923702
2975.776306,1000,29749.919226
2938.23967,1000,29787.787363
2993.048518,1000,29825.816433
2869.295081,1000,29861.502216
2930.414621,1000,29899.71358
2939.61582,1000,29935.692685
2970.461176,1000,29985.538265
3043.821337,1000,30023.794719
2993.980977,1000,30059.663944
2975.465429,1000,30097.811662
2994.669431,1000,30135.861428
2900.115726,1000,30171.900368
2997.435241,1000,30209.962566
3015.31164,1000,30246.009478
2946.30834,1000,30284.064398
2995.755914,1000,30322.075975
2950.169229,1000,30370.251415
2987.317598,1000,30408.890246
3000.025302,1000,30446.849224
2987.007956,1000,30483.046565
2981.617954,1000,30521.291169
3015.361106,1000,30557.140965
2946.673757,1000,30595.553028
2990.80096,1000,30633.755061
2965.609305,1000,30669.688403
2959.181046,1000,30707.946396
2986.836474,1000,30757.946309
2960.176127,1000,30793.838875
2978.911342,1000,30832.344767
2997.322003,1000,30868.310069
3012.729626,1000,30906.337516
2955.892196,1000,30944.501564
2942.080889,1000,30980.329281
3008.712424,1000,31018.434057
2995.650411,1000,31056.582272
2955.681893,1000,31092.499959
2978.683457,1000,31142.413779
2697.721876,1000,31178.549072
2979.875516,1000,31216.954958
3011.260331,1000,31255.119354
2965.283338,1000,31291.294039
2990.915035,1000,31329.310355
2971.438163,1000,31367.725598
2990.980066,1000,31403.628363
2973.078104,1000,31442.099627
3005.487161,1000,31478.308762
2963.285397,1000,31528.096083
2989.71569,1000,31566.383296
2975.208247,1000,31602.161075
2875.655728,1000,31640.544531
2994.939939,1000,31678.639917
2960.522333,1000,31714.567236
2954.185401,1000,31753.035586
2952.779539,1000,31789.138916
2898.531428,1000,31827.415921
2946.755498,1000,31865.649984
2989.398064,1000,31913.234087
2995.270863,1000,31951.704463
2996.046191,1000,31989.788072
2935.54036,1000,32025.888244
2985.75885,1000,32064.081452
2986.529314,1000,32099.851158
2945.159369,1000,32138.163364
2920.495952,1000,32176.336166
2979.683371,1000,32212.371359
2940.326982,1000,32251.152615
3003.261766,1000,32301.336689
3013.847659,1000,32337.331201
2917.350359,1000,32375.522882
2966.672433,1000,32411.654765
2914.515663,1000,32449.71582
3011.328381,1000,32487.748858
3009.573597,1000,32523.48258
3009.021662,1000,32561.798226
2983.91152,1000,32599.77402
2991.014068,1000,32635.738341
3010.892283,1000,32685.376326
2976.245611,1000,32720.707103
2918.248947,1000,32758.73402
2989.981372,1000,32796.842317
3000.702576,1000,32832.125411
2982.624659,1000,32870.184396
3006.914443,1000,32908.036261
3021.214193,1000,32943.849932
2966.604535,1000,32981.71339
3015.056468,1000,33017.527053
2995.625043,1000,33067.803928
2973.925063,1000,33105.46218
3043.493148,1000,33141.384525
2979.267383,1000,33179.365016
3022.792885,1000,33217.577143
2842.737158,1000,33253.679413
2982.248541,1000,33291.789791
2991.579356,1000,33327.74475
3005.975615,1000,33366.080868
3001.846277,1000,33404.40475
2947.835785,1000,33452.303526
2970.890331,1000,33490.6526
3000.850197,1000,33528.803116
2977.846291,1000,33564.535589
2997.349946,1000,33602.62978
3018.903467,1000,33638.734699
3012.583784,1000,33676.977507
2997.326724,1000,33715.320917
2965.929479,1000,33751.445677
2997.596636,1000,33789.620157
2981.410997,1000,33839.49803
2969.244422,1000,33875.489586
2945.209683,1000,33913.829701
2909.306066,1000,33950.067262
2994.179501,1000,33988.532284
3032.110797,1000,34027.12474
3026.920832,1000,34063.484615
2976.498306,1000,34101.631365
2909.001104,1000,34140.118284
2962.108815,1000,34176.260716
2982.142274,1000,34226.219723
2965.419669,1000,34262.590971
2989.883882,1000,34301.387786
3026.982151,1000,34339.751869
2964.505644,1000,34375.751183
2996.407477,1000,34414.019504
2968.133558,1000,34452.222945
2998.456445,1000,34488.181301
3021.900906,1000,34526.552648
2994.751633,1000,34562.3913
2968.116852,1000,34612.056018
3025.138842,1000,34650.133113
3030.001617,1000,34686.000438
3030.67467,1000,34724.252621
2983.894066,1000,34762.153028
2999.204585,1000,34797.896148
2998.979435,1000,34836.00509
3009.084824,1000,34871.949896
2984.008505,1000,34910.118449
2999.196961,1000,34948.183265
2938.245806,1000,34995.136441
3006.756289,1000,35033.222784
3032.767316,1000,35071.184268
2978.408227,1000,35106.889032
2960.810937,1000,35145.146818
2995.846543,1000,35180.970839
2959.295964,1000,35219.131021
3031.090711,1000,35257.22934
2993.128558,1000,35293.374102
2973.095619,1000,35331.152572
3037.073708,1000,35380.437405
2973.749525,1000,35416.201258
2892.964357,1000,35453.90625
3029.747863,1000,35489.600215
2916.201605,1000,35527.375775
3028.303408,1000,35565.59767
2994.56747,1000,35601.515176
2992.964961,1000,35639.199767
2947.627406,1000,35677.010075
3021.16281,1000,35712.589165
3022.623161,1000,35761.482196
3008.286358,1000,35796.887445
3020.823299,1000,35834.765416
3015.466558,1000,35872.409768
3034.401805,1000,35908.171243
3003.831007,1000,35946.26404
2982.15699,1000,35983.998656
2981.341715,1000,36015.391474
2918.203563,1000,36038.810027
2950.931043,1000,36060.854979
