#{"t_start": 1622265459.8940291, "env_id": "AntBulletEnv-v0"}
r,l,t
502.696859,1000,1.287216
98.046043,206,1.528346
489.975109,1000,2.707608
113.459319,246,2.997484
483.864999,1000,4.172792
408.058234,859,5.188001
502.951513,1000,6.353156
41.678752,83,6.449463
555.221435,1000,7.61576
519.64579,1000,8.791009
510.671148,1000,9.966205
514.711494,1000,11.14766
476.179409,1000,23.771747
375.197601,796,48.42177
195.606742,421,61.929595
196.817381,782,85.355168
421.17005,1000,116.193599
349.929803,1000,145.249679
273.930435,1000,176.031255
34.714447,107,179.833081
338.096644,1000,208.844915
351.799348,1000,239.691909
424.1799,1000,270.520758
598.416708,1000,299.400272
356.344289,1000,340.801628
147.496844,376,352.366738
5.312903,33,352.446677
6.228122,31,354.281337
652.717256,1000,383.191552
645.101985,1000,413.85131
398.547326,1000,444.590693
547.588451,1000,473.484946
523.111565,1000,504.210753
501.061873,1000,533.127324
338.68122,1000,563.905672
393.988959,1000,594.64187
4.942364,20,594.691506
4.84914,20,594.739378
4.602563,20,596.551162
1.863717,25,596.611221
2.475515,20,596.660503
2.249899,20,598.475904
4.138734,21,598.526481
2.327894,20,598.574422
2.572292,21,600.371818
423.217457,1000,639.70598
486.995855,1000,670.518137
411.848129,1000,699.715298
420.128865,1000,730.596448
333.3665,1000,761.328461
541.302664,1000,790.223877
420.571957,1000,820.848915
362.98033,1000,851.510065
352.466479,1000,880.482377
522.485517,1000,911.041447
491.495873,1000,948.069607
445.540237,1000,978.881444
0.385836,23,978.92921
675.54483,1000,1009.639081
637.407089,1000,1040.241005
3.789715,20,1040.289953
3.50705,20,1040.336976
3.278796,20,1042.153551
213.071702,891,1069.175316
587.146222,1000,1098.073279
579.174637,1000,1128.672584
182.822381,588,1146.053966
579.143714,1000,1176.782168
262.612931,426,1188.360857
150.54455,371,1199.842218
493.299853,1000,1230.536629
458.594411,1000,1269.962945
503.493538,1000,1300.656955
500.68395,1000,1331.406261
690.56803,1000,1360.39159
578.109267,1000,1391.111601
496.009024,1000,1419.87802
592.767662,1000,1450.42805
612.719568,1000,1481.142578
613.074836,1000,1510.150689
595.227864,1000,1540.595583
359.588279,1000,1581.643196
413.454072,1000,1610.609458
475.237098,1000,1641.399544
478.009291,1000,1670.34528
707.611128,1000,1701.005254
717.77864,1000,1731.687864
571.280866,1000,1760.767285
545.157143,1000,1791.683296
324.392688,1000,1822.861089
550.217741,1000,1852.271326
525.955098,1000,1894.085999
592.167451,1000,1923.804793
615.466682,1000,1955.471129
534.489468,1000,1987.637941
573.907733,1000,2017.936419
720.947022,1000,2050.325951
749.485515,1000,2082.917239
544.391466,1000,2113.761045
511.295741,1000,2146.700144
549.050242,1000,2177.642695
433.38744,1000,2219.045523
373.470296,1000,2252.347665
584.820288,1000,2283.788649
568.593621,1000,2317.380483
734.715731,1000,2350.851203
772.038765,1000,2382.382911
653.982538,1000,2416.065489
602.919203,1000,2447.706492
649.233458,1000,2481.444129
819.243276,1000,2514.523071
643.335663,1000,2557.848746
772.11612,1000,2591.554859
734.524049,1000,2625.315962
652.163114,1000,2657.203694
556.604617,1000,2690.994204
767.209948,1000,2722.841099
699.550386,1000,2756.536909
507.123974,1000,2790.370827
541.422978,1000,2822.305945
642.013581,1000,2855.102753
705.960069,1000,2900.832081
502.967358,1000,2932.732116
743.475277,1000,2966.681787
439.705638,1000,2998.596086
608.622212,1000,3035.689988
699.029928,1000,3071.620936
561.889062,1000,3105.804388
710.08245,1000,3141.886223
635.54647,1000,3177.963868
713.699966,1000,3211.805062
540.911586,1000,3260.612606
612.391558,1000,3294.551042
302.024605,503,3312.480124
712.062553,1000,3348.455783
530.861815,1000,3384.719954
607.54544,1000,3418.650242
673.437649,1000,3454.720506
664.530233,1000,3488.788831
743.917632,1000,3524.702462
131.985614,146,3529.283277
535.392404,1000,3565.182442
707.468808,1000,3614.215315
711.542739,1000,3648.082393
760.682508,1000,3684.003467
712.166902,1000,3717.848418
778.637657,1000,3753.81366
794.218892,1000,3789.556377
644.391036,1000,3823.505176
551.663772,1000,3859.676051
512.39498,1000,3895.92253
581.918115,1000,3929.832901
734.851845,1000,3975.613683
679.108421,1000,4009.888875
316.42145,569,4030.221211
710.374987,1000,4066.602351
794.989315,1000,4103.076179
689.339387,1000,4137.214388
734.815629,1000,4173.754955
580.116031,1000,4208.087774
795.220605,1000,4244.371959
390.783823,604,4266.932223
698.293526,1000,4301.411341
640.970763,1000,4350.623529
554.139244,1000,4385.035072
740.743635,1000,4421.536009
384.185532,611,4444.383412
560.579359,1000,4478.765281
769.328104,1000,4515.176007
720.750264,1000,4549.604676
588.774358,1000,4586.103815
724.969112,1000,4622.527057
666.258108,1000,4656.780666
715.999845,1000,4693.358254
733.651784,1000,4742.474526
780.886853,1000,4777.102531
725.051735,1000,4813.888358
563.940969,1000,4848.491685
757.462693,1000,4885.143247
706.316512,1000,4921.734475
503.918593,1000,4956.203354
827.383839,1000,4992.558536
586.166725,1000,5029.232939
785.948665,1000,5063.75923
805.124117,1000,5112.930584
786.627977,1000,5147.325223
928.385307,1000,5183.88291
492.899576,1000,5220.533448
814.672907,1000,5255.134716
503.565958,1000,5291.827488
887.982573,1000,5328.394187
643.297976,1000,5362.690935
783.143274,1000,5399.359039
545.211547,1000,5433.862326
782.775368,1000,5483.187397
787.702919,1000,5519.965782
841.421444,1000,5554.283362
663.981788,1000,5591.085713
568.263723,1000,5627.733903
783.277693,1000,5662.251165
622.703358,1000,5698.905112
933.248971,1000,5733.177792
935.413391,1000,5769.929621
693.352327,1000,5806.489523
497.680471,1000,5853.439959
688.594967,1000,5890.093887
881.863115,1000,5926.702306
842.050296,1000,5961.193691
1101.740318,1000,5997.684992
1003.792504,1000,6032.039419
609.267986,1000,6068.741983
987.909804,1000,6105.047902
784.398505,1000,6139.493005
740.18944,1000,6176.208079
688.69898,1000,6225.371582
1214.339459,1000,6259.825479
988.742805,1000,6296.563424
943.740105,1000,6330.968042
784.238813,1000,6367.408184
791.595562,1000,6403.929815
1210.796124,1000,6438.480785
830.879109,1000,6474.856365
426.918697,1000,6511.500914
885.727245,1000,6545.938693
582.869649,1000,6595.12691
927.836681,1000,6629.531712
648.111077,1000,6666.204064
804.636301,1000,6702.661099
835.602104,1000,6737.194939
826.233827,1000,6773.782702
943.043126,1000,6810.387026
1104.402802,1000,6844.737964
946.240649,1000,6881.406567
1341.432621,1000,6915.908375
1188.271552,1000,6964.921317
1078.38653,1000,7001.39496
1124.831856,1000,7035.724662
1146.739853,1000,7072.224873
1183.287021,1000,7108.909936
1310.505065,1000,7143.350804
1091.927636,1000,7179.790777
1146.288719,1000,7214.317639
1529.753231,1000,7250.825054
901.998506,1000,7287.322581
957.022592,1000,7334.487014
1227.985674,1000,7371.09772
1580.814802,1000,7407.555152
966.399425,1000,7442.153673
1343.912926,1000,7478.655512
1018.558173,1000,7513.068544
1575.936623,1000,7549.356529
1623.673143,1000,7585.643443
955.477612,1000,7620.116019
1117.446749,1000,7656.905211
1489.109995,1000,7705.673087
1671.779196,1000,7739.902286
1583.45588,1000,7776.368554
1500.735989,1000,7810.682358
1631.054681,1000,7846.936291
1735.304332,1000,7884.036916
1646.166734,1000,7917.997505
1817.278308,1000,7954.265794
1438.119561,1000,7990.794898
1756.185411,1000,8025.124775
1610.999093,1000,8073.990061
1601.344695,1000,8108.466278
1808.222087,1000,8144.938365
1889.247061,1000,8181.336934
1860.671396,1000,8215.563736
1793.605706,1000,8252.239398
1771.869794,1000,8288.454735
1725.276775,1000,8323.092017
1852.599879,1000,8359.490679
1786.428326,1000,8394.009591
1771.67607,1000,8442.841538
1867.047965,1000,8479.244933
1793.692921,1000,8513.643737
1900.18078,1000,8549.940101
1672.524995,1000,8586.59261
1849.616877,1000,8620.829255
1805.974369,1000,8657.200848
1855.371498,1000,8691.702939
1926.671217,1000,8728.038959
1881.94332,1000,8764.486479
1833.592478,1000,8811.223642
1919.716859,1000,8847.641628
1917.56162,1000,8883.890548
1886.755487,1000,8918.266176
1920.60264,1000,8954.580723
1945.900625,1000,8988.908297
1821.369237,1000,9025.079415
1942.07953,1000,9061.34188
1950.494885,1000,9095.464068
1945.704658,1000,9131.706736
1987.783379,1000,9180.272256
1956.009428,1000,9214.425797
1974.875186,1000,9251.137094
1899.911478,1000,9285.604186
2030.374154,1000,9321.813651
1973.761133,1000,9357.867098
1972.231825,1000,9391.884767
1974.522975,1000,9427.973393
1967.661575,1000,9464.002567
1999.59077,1000,9498.194003
2013.675321,1000,9546.65965
1921.48723,1000,9580.873662
2050.727256,1000,9617.411165
2006.52375,1000,9653.951151
2011.571214,1000,9688.28971
2065.239372,1000,9724.535419
1994.755982,1000,9760.708666
1964.48823,1000,9794.977373
1989.737676,1000,9831.4609
1995.050599,1000,9866.418221
2073.154331,1000,9914.871331
1925.081416,1000,9951.219319
2056.592369,1000,9986.270531
2106.133795,1000,10022.765503
2087.067104,1000,10059.052104
2072.268608,1000,10093.141404
2048.788174,1000,10129.272929
2012.518255,1000,10163.428491
1966.707199,1000,10199.670906
1884.388607,1000,10236.406452
2118.305188,1000,10282.841862
2112.003957,1000,10319.243167
1920.159943,1000,10355.602487
2134.288545,1000,10389.823036
2114.837544,1000,10426.155968
1984.795273,1000,10460.156693
2030.295108,1000,10496.451134
1971.278477,1000,10532.59052
2000.660916,1000,10567.022625
2156.360748,1000,10603.248963
2051.164522,1000,10651.742799
2113.917385,1000,10686.42318
2074.292582,1000,10722.568437
2087.396095,1000,10756.660263
2124.798847,1000,10792.839758
2037.74188,1000,10828.826019
2093.316175,1000,10862.991685
2115.922334,1000,10899.346589
1989.809679,1000,10935.933993
2176.240927,1000,10969.985864
2102.991726,1000,11018.519454
2109.515287,1000,11052.687506
2129.930552,1000,11089.07253
2077.906126,1000,11124.160314
2117.360689,1000,11155.898401
2047.313741,1000,11189.148433
2231.087217,1000,11222.656239
2055.170269,1000,11254.409302
2010.491777,1000,11288.16112
2199.982108,1000,11319.836591
2220.079405,1000,11363.308369
2026.885304,1000,11397.003338
2216.954643,1000,11428.779215
2161.405605,1000,11462.655878
2207.582592,1000,11496.398103
2084.782625,1000,11527.983208
2149.921575,1000,11561.746186
2228.566083,1000,11593.424604
2107.695563,1000,11627.156976
2114.489629,1000,11660.722284
2209.010796,1000,11702.063132
2164.587223,1000,11735.487392
2189.704471,1000,11769.095279
2277.60663,1000,11800.72944
2169.337748,1000,11834.371199
2187.676411,1000,11865.730012
2298.952637,1000,11899.338998
2194.736536,1000,11932.906094
1970.532532,1000,11964.564685
2167.275388,1000,11998.181938
2283.566206,1000,12041.802778
2291.278517,1000,12073.405932
2347.865614,1000,12107.015821
2350.615448,1000,12138.800157
2353.114634,1000,12172.569952
2232.821678,1000,12206.311157
2163.801658,1000,12238.050912
2319.844251,1000,12271.666173
2121.118093,1000,12305.377598
2381.158462,1000,12337.076778
2184.617412,1000,12380.754066
2319.637844,1000,12412.540978
2379.037011,1000,12446.306769
2315.736885,1000,12480.038214
2390.882002,1000,12511.583994
2255.957704,1000,12545.442078
2338.660518,1000,12579.289885
2298.190859,1000,12611.054948
2287.411764,1000,12644.696476
2334.537765,1000,12676.490702
2293.635423,1000,12720.254903
2308.136706,1000,12754.038165
2383.865701,1000,12785.76517
2450.770328,1000,12819.444758
2274.670666,1000,12853.045001
2339.52029,1000,12884.707992
2356.477689,1000,12918.416722
2261.59817,1000,12950.395642
2416.949011,1000,12984.063467
2335.34882,1000,13017.806198
2397.390666,1000,13059.199952
2237.312544,1000,13092.74214
2280.026907,1000,13126.505933
2274.465008,1000,13158.197937
2440.300196,1000,13191.670789
2237.365406,1000,13223.456512
2327.857121,1000,13257.203759
2337.838182,1000,13290.95468
2411.225662,1000,13322.72062
2367.564293,1000,13356.485038
2434.556519,1000,13399.908933
2460.171656,1000,13431.633539
2357.630172,1000,13465.425981
2345.628996,1000,13497.205856
2445.149233,1000,13530.726374
2125.246062,1000,13564.520929
2396.618,1000,13596.273908
2401.080461,1000,13630.028239
2243.433993,1000,13663.961013
2326.133785,1000,13695.843691
2425.241855,1000,13739.269392
2357.449585,1000,13771.206937
2376.540389,1000,13804.966846
2554.932767,1000,13838.737933
2448.971728,1000,13870.185145
2277.171733,1000,13903.856846
2350.594698,1000,13937.645456
2384.091033,1000,13969.488931
2118.549006,1000,14003.199892
2504.798054,1000,14035.108761
2375.569438,1000,14078.675244
2450.507724,1000,14112.410303
2565.391672,1000,14144.537911
2382.218851,1000,14178.482677
2541.200945,1000,14211.965812
2468.183728,1000,14243.651983
2375.741955,1000,14277.537506
2353.082433,1000,14309.188342
2533.189767,1000,14342.894576
2468.951583,1000,14376.649733
2373.463957,1000,14418.054121
2576.799664,1000,14451.734125
2521.267176,1000,14485.458315
2598.497908,1000,14517.049865
2566.231095,1000,14550.66696
2410.090898,1000,14582.345538
2374.269383,1000,14616.048137
2535.839319,1000,14649.874548
2398.550307,1000,14681.755506
2475.86411,1000,14715.480037
2379.26031,1000,14758.896165
2545.552955,1000,14790.6291
2524.160611,1000,14824.358275
2609.556322,1000,14855.86672
2533.678526,1000,14889.67803
2661.382302,1000,14923.237803
2437.367565,1000,14954.938207
2400.202104,1000,14988.733142
2445.938317,1000,15022.506303
2587.488228,1000,15054.33768
2590.707769,1000,15097.910374
2561.831763,1000,15129.725251
2613.704771,1000,15163.522645
2487.734869,1000,15197.09375
2583.974098,1000,15228.935645
2543.625772,1000,15262.830384
2151.337568,1000,15296.607611
2492.628644,1000,15328.477691
2542.638861,1000,15362.398374
2632.475844,1000,15394.231745
2570.338848,1000,15437.933082
2577.159509,1000,15471.775274
2557.574303,1000,15504.103359
2562.182501,1000,15537.69638
2511.444904,1000,15571.46477
2588.258921,1000,15603.368012
2615.749646,1000,15637.179833
2647.608505,1000,15668.92424
2522.09654,1000,15702.592396
2549.739967,1000,15736.417445
2566.120994,1000,15777.96693
2708.492664,1000,15811.773869
2561.99892,1000,15845.470132
2618.599265,1000,15877.251781
2463.34714,1000,15911.407888
2555.891462,1000,15943.08441
2560.647379,1000,15976.749827
2615.692066,1000,16010.3981
2615.138481,1000,16042.32766
2594.995557,1000,16076.284855
2673.584245,1000,16120.077681
2557.451188,1000,16152.206012
2655.69775,1000,16186.038446
2609.759758,1000,16217.587529
2592.421205,1000,16251.587671
2728.01497,1000,16285.469656
2607.213899,1000,16317.632787
2640.59912,1000,16351.511371
2702.413053,1000,16385.377769
2662.234802,1000,16417.265693
2613.192346,1000,16460.97261
2704.211501,1000,16492.813606
2697.635586,1000,16526.626229
2604.415758,1000,16560.122857
2675.538151,1000,16592.037088
2649.192508,1000,16625.945324
2648.635083,1000,16659.627607
2721.386162,1000,16691.503638
2672.430618,1000,16725.294534
2589.603926,1000,16757.226438
2641.119036,1000,16800.818015
2691.8689,1000,16834.597553
2710.014327,1000,16866.423175
2667.841922,1000,16900.020188
2653.291787,1000,16933.825816
2686.981303,1000,16965.638807
2718.657998,1000,16999.377103
2689.647846,1000,17031.388971
2625.766206,1000,17065.435811
2783.031214,1000,17099.344089
2684.162925,1000,17141.015529
2674.517978,1000,17175.048332
2689.10366,1000,17208.882776
2673.351915,1000,17240.611634
2669.921825,1000,17274.993576
2648.927378,1000,17307.77415
2302.086652,1000,17342.321285
2676.012514,1000,17377.438868
2603.351113,1000,17410.471373
2720.971587,1000,17445.35379
2677.143303,1000,17489.728298
2665.284137,1000,17522.280981
2742.553605,1000,17556.515241
2631.427733,1000,17589.137904
2723.569735,1000,17623.816613
2712.265008,1000,17658.393208
2741.975962,1000,17691.214725
2723.734771,1000,17725.770992
2713.510552,1000,17760.379451
2688.529129,1000,17793.089416
2753.316675,1000,17836.97631
2673.739863,1000,17869.11727
2741.666127,1000,17903.240803
2775.800153,1000,17937.914584
2751.946026,1000,17970.403409
2703.333581,1000,18004.588379
2712.102055,1000,18038.806802
2745.081027,1000,18070.987945
2765.10724,1000,18105.436939
2784.423057,1000,18137.620766
2689.392189,1000,18181.560143
2764.964553,1000,18215.966567
2648.267045,1000,18247.9211
2766.437864,1000,18281.995569
2765.34086,1000,18316.200497
2790.071695,1000,18348.519887
2762.611501,1000,18382.950278
2803.524765,1000,18415.045513
2739.148609,1000,18449.293948
2689.665041,1000,18483.415229
2826.457021,1000,18525.176874
2807.789074,1000,18559.338835
2733.522575,1000,18593.276608
2802.63731,1000,18625.413423
2685.962601,1000,18659.640265
2792.678006,1000,18691.925264
2764.034355,1000,18726.181907
2820.157961,1000,18760.412518
2839.306491,1000,18792.549375
2819.464662,1000,18826.83048
2781.041677,1000,18870.744068
2687.158878,1000,18903.100203
2821.773273,1000,18937.258976
2800.160501,1000,18969.470531
2812.211429,1000,19003.700391
2795.505296,1000,19037.947473
2844.477845,1000,19070.070326
2840.433221,1000,19104.415761
2787.682043,1000,19138.529154
2598.42503,1000,19170.724976
2777.336891,1000,19214.713217
2796.947786,1000,19246.933863
2824.860413,1000,19280.888564
2772.976984,1000,19315.379992
2871.736916,1000,19347.689734
2815.308301,1000,19381.958054
2666.325997,1000,19416.298002
2810.947071,1000,19448.705577
2688.907704,1000,19482.962175
2847.955512,1000,19515.262121
2834.352201,1000,19559.482992
2913.006646,1000,19593.638643
2757.25482,1000,19625.907599
2897.648258,1000,19660.241139
2769.906075,1000,19694.475014
2773.437744,1000,19726.776953
2873.122594,1000,19761.155531
2864.783607,1000,19793.507112
2746.915526,1000,19828.182549
2832.848334,1000,19862.60203
2895.341462,1000,19904.664222
2722.084121,1000,19938.782098
2810.084251,1000,19973.144405
2769.385261,1000,20005.540964
2796.609119,1000,20039.943387
2831.088994,1000,20072.229925
2791.389689,1000,20106.66197
2795.142981,1000,20141.057318
2800.94931,1000,20173.675745
2731.511377,1000,20207.963145
2807.326262,1000,20252.056601
2904.624164,1000,20284.413649
2768.778937,1000,20318.966296
2740.173839,1000,20351.927353
2624.827289,1000,20389.050154
2860.7993,1000,20426.456392
2862.548907,1000,20458.941552
2787.633447,1000,20493.640329
2745.27682,1000,20531.1699
2933.586297,1000,20565.858815
2855.150771,1000,20614.514971
2823.265022,1000,20649.272881
2876.513778,1000,20685.998692
2773.949987,1000,20722.760293
2869.80129,1000,20757.466564
2944.281683,1000,20794.384961
2875.683228,1000,20831.356399
2835.379734,1000,20866.301996
2784.530105,1000,20903.167176
2847.16662,1000,20937.840696
2883.663791,1000,20986.697384
2873.338685,1000,21023.57498
2870.986554,1000,21058.267131
2858.396995,1000,21095.18113
2924.771936,1000,21131.913411
2858.045239,1000,21166.620285
2895.205462,1000,21203.452229
2852.758652,1000,21238.090291
2905.7582,1000,21275.017456
2853.442786,1000,21311.726172
2834.83989,1000,21358.223288
2880.611504,1000,21394.963584
2864.903097,1000,21431.781666
2873.740717,1000,21466.513937
2857.34316,1000,21503.417075
2878.160867,1000,21538.057017
2833.802453,1000,21574.737991
2851.336332,1000,21611.709783
2911.108712,1000,21645.110719
2890.952336,1000,21679.752762
2937.017951,1000,21724.548804
2911.109228,1000,21757.233623
2976.070639,1000,21792.044641
2876.4228,1000,21824.997446
2845.821567,1000,21859.829834
2913.848647,1000,21894.605562
2904.7778,1000,21927.309346
2808.534207,1000,21961.978187
2749.891247,1000,21996.618461
2719.356217,1000,22029.222834
2877.051609,1000,22073.923653
2867.748011,1000,22106.591541
2864.535064,1000,22141.316537
2823.473326,1000,22176.102188
2964.872703,1000,22208.931955
3041.276736,1000,22243.667745
2813.971666,1000,22278.443826
2882.474657,1000,22311.134143
2774.154377,1000,22345.870343
2909.154141,1000,22378.250882
2780.455654,1000,22423.295688
2909.61559,1000,22457.933142
2937.870271,1000,22490.632419
2916.045119,1000,22525.323165
2930.041576,1000,22560.023796
2961.167257,1000,22592.729784
2967.417668,1000,22627.505882
2966.901244,1000,22660.213811
2951.995651,1000,22694.945639
2964.332098,1000,22728.609742
3020.221465,1000,22774.583481
2932.909399,1000,22809.23797
2936.444353,1000,22843.722964
2954.000173,1000,22876.140232
2873.848053,1000,22910.484667
2938.983532,1000,22942.925085
2923.746432,1000,22977.392559
2991.534681,1000,23012.02441
2959.895289,1000,23044.45428
3005.004245,1000,23078.579224
2894.257198,1000,23122.677844
2885.067593,1000,23155.201653
2986.840502,1000,23189.746627
2950.963968,1000,23222.394408
3023.294074,1000,23257.031668
2996.096769,1000,23291.463668
3040.212587,1000,23323.818641
2946.857568,1000,23358.259055
2880.289403,1000,23393.097986
2963.751927,1000,23425.492501
2995.583938,1000,23469.708837
2964.487827,1000,23502.188252
2966.123725,1000,23536.735622
2984.807593,1000,23571.40077
3028.232973,1000,23603.842041
2943.930951,1000,23638.4819
3023.031707,1000,23672.936698
2988.994039,1000,23705.478442
2934.371922,1000,23739.874025
2863.191498,1000,23772.127131
2962.761743,1000,23816.278451
2996.035304,1000,23850.663888
3000.08003,1000,23883.409113
3046.353802,1000,23917.876511
3039.400344,1000,23952.367358
3044.612606,1000,23984.853716
2997.926363,1000,24019.384528
3060.638901,1000,24051.704593
3003.492104,1000,24085.819268
3018.342464,1000,24120.296788
2912.683237,1000,24162.520723
2986.818199,1000,24197.03326
2968.811128,1000,24231.446337
2945.556036,1000,24263.851031
2953.112404,1000,24298.290912
3004.721863,1000,24330.653444
2932.431463,1000,24365.257118
3017.016274,1000,24399.999489
3034.689628,1000,24432.192985
3040.49015,1000,24466.690852
2958.782797,1000,24510.939274
2949.907527,1000,24543.269378
3037.789843,1000,24577.950923
3073.437274,1000,24610.386731
3038.304775,1000,24644.916241
3024.914074,1000,24679.410464
3033.80836,1000,24711.941277
3030.872129,1000,24746.482863
3120.17846,1000,24780.742636
3055.48099,1000,24813.375604
2956.604739,1000,24858.053322
3009.550817,1000,24890.625392
3060.713768,1000,24925.088289
3062.947058,1000,24959.614256
3017.481853,1000,24992.160507
3032.634897,1000,25026.600184
3093.354672,1000,25060.947936
3027.661797,1000,25093.388311
3026.590826,1000,25127.935378
3060.568388,1000,25160.375371
3012.685615,1000,25204.646169
3050.093911,1000,25239.20637
3012.493928,1000,25271.590631
3113.361468,1000,25306.262598
3024.506683,1000,25340.994266
2977.837537,1000,25373.47374
3031.314544,1000,25407.985528
3076.873961,1000,25440.286336
2981.729967,1000,25474.740832
3021.964764,1000,25509.092295
3045.274969,1000,25551.282222
3004.001513,1000,25585.983835
3050.817491,1000,25620.526093
2931.01083,1000,25653.020401
3063.568596,1000,25687.572294
2890.883306,1000,25720.03088
3093.696303,1000,25754.364095
3030.388996,1000,25788.624366
3047.381994,1000,25821.05025
3023.730033,1000,25855.504924
3079.576696,1000,25899.718967
3116.332169,1000,25932.113053
2954.329471,1000,25966.646025
2962.154387,1000,25999.057151
3105.752113,1000,26033.50042
3052.145926,1000,26067.875988
3027.51454,1000,26100.366866
3074.170204,1000,26134.575644
3094.500926,1000,26168.963092
3087.974119,1000,26201.357044
3087.163206,1000,26245.40907
3007.451559,1000,26277.929133
3125.538155,1000,26312.517848
3073.633525,1000,26346.969359
3128.386658,1000,26379.569549
3122.966499,1000,26414.003554
3097.877632,1000,26448.074538
3080.50048,1000,26480.569267
3134.657275,1000,26515.205019
3099.710096,1000,26547.635586
3084.411216,1000,26591.739893
3088.7116,1000,26626.121177
3084.946749,1000,26658.442351
3041.895745,1000,26692.898817
3094.898171,1000,26727.475416
3107.651805,1000,26759.902446
3142.015127,1000,26794.084136
3047.801487,1000,26826.550639
3151.608584,1000,26860.860988
3115.212872,1000,26895.58322
3028.858109,1000,26937.739137
3119.344933,1000,26972.175524
3118.096008,1000,27006.756859
3068.412721,1000,27039.239302
3092.556042,1000,27073.757466
3200.605089,1000,27106.16729
3088.606245,1000,27140.50196
3085.713781,1000,27174.933525
3130.122407,1000,27207.309962
2982.435389,1000,27241.643353
3159.066639,1000,27285.860355
3113.495656,1000,27318.42465
3103.692522,1000,27352.983988
3156.46204,1000,27385.488367
3061.422589,1000,27419.958734
3187.133712,1000,27454.39077
3081.968362,1000,27486.731521
3190.775817,1000,27521.134619
3117.171475,1000,27555.698702
3114.67134,1000,27588.085186
3090.203258,1000,27632.225815
3118.287605,1000,27664.698324
3117.153729,1000,27699.155057
3108.730084,1000,27733.738711
3124.569458,1000,27766.208375
3154.70201,1000,27800.361953
3060.843862,1000,27834.996292
3160.730739,1000,27867.413588
3164.371301,1000,27901.87332
3167.321319,1000,27934.293286
3108.180124,1000,27978.411413
3141.544205,1000,28012.920424
3209.265934,1000,28045.456209
3156.364226,1000,28079.977163
3161.268467,1000,28114.500773
3186.319907,1000,28146.592934
3095.447444,1000,28181.160539
3166.37459,1000,28213.573775
3150.474269,1000,28247.984425
3073.151981,1000,28282.449078
3066.921841,1000,28324.517709
3187.949526,1000,28358.983892
3209.821686,1000,28393.580688
3050.179729,1000,28426.112033
3073.962599,1000,28460.600353
3199.927003,1000,28492.852957
3193.223674,1000,28527.337604
3171.016044,1000,28561.817326
3224.423631,1000,28594.244807
3119.682346,1000,28628.672441
2948.794237,1000,28673.402077
309.699833,1000,28705.828661
188.916484,1000,28740.283732
350.406289,1000,28772.897282
655.517369,1000,28807.385262
976.129575,1000,28841.603593
1371.994317,1000,28874.171659
3174.77451,1000,28908.615733
2954.492172,1000,28943.211901
3191.094123,1000,28975.674008
3081.051349,1000,29019.651616
3119.80163,1000,29052.009055
3121.536323,1000,29086.341069
3236.993872,1000,29120.671165
3192.482405,1000,29152.82405
3239.766847,1000,29187.10017
3148.300292,1000,29221.451031
3201.478028,1000,29253.857682
3175.267782,1000,29288.36229
3194.283012,1000,29320.717398
3191.21306,1000,29364.692678
3168.661945,1000,29399.245257
3103.751286,1000,29431.621885
3260.800422,1000,29465.863655
3147.437483,1000,29499.898307
3149.461744,1000,29532.216764
3248.161287,1000,29566.533527
3215.746353,1000,29598.932048
1754.124153,595,29620.330656
3110.255817,1000,29652.526053
3082.453812,1000,29696.432112
3160.731345,1000,29730.818434
3139.649775,1000,29763.193837
3201.924616,1000,29797.681841
3129.648739,1000,29831.71803
3132.975653,1000,29864.205808
3153.154423,1000,29898.543478
3170.453393,1000,29930.855279
3065.682806,1000,29965.177667
3227.365108,1000,29999.64958
3088.992901,1000,30041.573544
3069.33074,1000,30075.989809
3179.085264,1000,30110.327985
3134.074009,1000,30142.745517
3177.013074,1000,30176.792792
3069.705426,1000,30209.109651
3234.515042,1000,30243.552099
3036.656253,1000,30277.912336
3174.144773,1000,30310.113747
3189.024802,1000,30344.466533
3246.483286,1000,30388.484811
3124.269081,1000,30420.868434
3212.203877,1000,30455.254756
3244.337437,1000,30487.780638
3091.240854,1000,30521.96859
3203.681328,1000,30556.300803
3195.737388,1000,30588.585962
3188.344915,1000,30623.023715
3269.527912,1000,30657.243811
3226.132075,1000,30689.768921
3147.912976,1000,30734.020061
3164.780477,1000,30766.19369
3234.201959,1000,30800.405351
3238.899902,1000,30834.89697
3232.723286,1000,30866.934341
3294.314289,1000,30901.098336
3210.919719,1000,30935.47339
3220.396966,1000,30967.649993
3287.104733,1000,31001.906078
2175.476283,1000,31034.187667
3256.844093,1000,31078.508893
3193.350369,1000,31112.89637
3130.421307,1000,31145.314968
3223.711302,1000,31179.983801
2836.803856,1000,31214.0884
3161.078939,1000,31246.658652
3283.693344,1000,31280.968704
3212.334387,1000,31313.337602
3161.804185,1000,31347.572994
3171.236029,1000,31381.934016
3086.886826,1000,31423.958845
3200.225198,1000,31458.355251
3257.494858,1000,31492.605328
2907.101511,1000,31524.581394
3237.024408,1000,31558.627076
3204.511814,1000,31590.853016
3175.629569,1000,31625.183678
3079.996886,1000,31659.349913
3209.839919,1000,31691.829381
3187.398999,1000,31726.106846
3171.638852,1000,31769.907347
3281.316005,1000,31802.495683
3225.078076,1000,31836.868367
3306.112694,1000,31868.734216
3244.724796,1000,31903.042001
3251.155503,1000,31937.400304
3076.023335,1000,31969.715943
3160.676464,1000,32003.928776
3251.423825,1000,32038.181182
3296.177899,1000,32070.633343
3308.668291,1000,32114.626347
3258.997866,1000,32146.974829
3243.492844,1000,32181.456924
3205.45965,1000,32215.503602
3238.818858,1000,32247.859315
3224.347057,1000,32282.129143
3233.373804,1000,32316.425562
3210.900732,1000,32348.706594
3247.859518,1000,32382.996598
3314.988408,1000,32415.19451
3329.074719,1000,32459.063624
3239.767836,1000,32493.48774
3248.82372,1000,32526.108884
3341.32377,1000,32560.134372
3216.003515,1000,32594.446728
3292.151207,1000,32626.80616
3000.534187,1000,32661.011563
3318.495648,1000,32693.219841
3262.655047,1000,32727.706802
3367.5024,1000,32762.123125
3242.458693,1000,32804.051224
3050.573373,1000,32838.393714
3301.883808,1000,32872.885655
2533.638484,1000,32905.02667
3322.357774,1000,32939.447554
3160.693736,1000,32971.755852
3331.752034,1000,33006.083549
3276.667882,1000,33040.351971
3275.653885,1000,33072.774839
3195.38858,1000,33107.125563
3176.107791,1000,33151.146868
3242.98403,1000,33183.434947
3323.224194,1000,33217.701901
3322.203237,1000,33249.953355
3337.93926,1000,33284.310675
3311.088371,1000,33318.57382
3258.417304,1000,33350.991501
3295.902462,1000,33385.27794
3173.012016,1000,33419.438211
3322.088549,1000,33451.685658
3351.08237,1000,33495.5522
3129.276377,1000,33527.786208
3317.703717,1000,33561.699064
3350.135107,1000,33595.984453
3357.229464,1000,33628.427665
3152.979832,1000,33662.758315
3220.985175,1000,33697.032921
3200.756385,1000,33729.505614
3287.925643,1000,33763.8166
3294.725448,1000,33796.050323
3319.708424,1000,33839.970876
3307.472638,1000,33874.187167
3284.777839,1000,33906.223259
3342.074252,1000,33940.505105
3251.922661,1000,33974.92883
3317.619028,1000,34007.158162
3238.69514,1000,34041.410264
3275.309414,1000,34073.971837
3321.489817,1000,34108.344224
3285.099204,1000,34142.611731
3324.57142,1000,34184.462983
3279.627129,1000,34218.738206
3365.858871,1000,34252.692675
3311.536424,1000,34284.93074
3361.392689,1000,34319.340006
3341.455931,1000,34351.614541
3354.472832,1000,34386.025523
3333.964373,1000,34420.317059
3311.881384,1000,34452.721433
3338.97951,1000,34487.143194
3265.229624,1000,34531.132535
3342.287929,1000,34563.500551
3290.003286,1000,34597.521008
3247.673498,1000,34629.809506
3231.704205,1000,34664.120664
3199.808119,1000,34698.31312
3246.571975,1000,34730.584694
3307.496695,1000,34764.930979
3356.707317,1000,34799.271389
3351.441513,1000,34831.693773
3212.145976,1000,34875.707729
3349.69952,1000,34907.963708
3360.065648,1000,34941.949751
3355.879343,1000,34976.234939
3339.491818,1000,35008.536984
3328.63234,1000,35042.879978
3410.205847,1000,35077.24646
3191.950768,1000,35109.506463
3242.165719,1000,35143.672284
3304.246833,1000,35176.025677
3333.702253,1000,35220.091389
3300.485995,1000,35254.33427
3354.098866,1000,35286.606106
3396.957429,1000,35320.899074
3379.518086,1000,35355.146068
3339.131567,1000,35387.599145
3312.545705,1000,35421.945911
3295.783823,1000,35454.342269
3372.45296,1000,35488.65571
3297.166483,1000,35523.039277
3370.038373,1000,35564.897067
3238.834374,1000,35599.112972
3376.666482,1000,35633.37293
3334.151593,1000,35665.899296
3255.935391,1000,35700.298012
3403.517056,1000,35732.631272
3358.01354,1000,35767.029149
3357.568622,1000,35801.364644
542.920323,1000,35833.802087
3353.673417,1000,35868.186006
3282.554834,1000,35911.958576
3287.685192,1000,35944.240405
3363.238297,1000,35978.70705
3365.054217,1000,36011.070447
3366.816198,1000,36045.363272
3374.705527,1000,36079.60621
3363.822069,1000,36111.953302
3326.476006,1000,36146.429576
3400.562388,1000,36180.653122
3352.821769,1000,36212.893998
3304.510474,1000,36256.754765
3376.444383,1000,36288.775511
3117.107576,1000,36323.0016
3342.393465,1000,36357.28811
3351.806621,1000,36389.627398
3391.014578,1000,36423.924947
3316.878935,1000,36458.242262
3210.855047,1000,36490.506665
3371.663899,1000,36524.72918
3398.020861,1000,36557.000106
3192.829785,1000,36601.173159
3339.029075,1000,36635.228603
3388.500103,1000,36667.545046
3404.646279,1000,36701.744443
3326.305599,1000,36736.041334
3228.630545,1000,36768.346253
3406.346013,1000,36802.681284
3318.204224,1000,36835.042656
3383.154826,1000,36869.321241
3370.055746,1000,36903.490542
3366.051602,1000,36945.376445
3416.84733,1000,36979.40793
3427.236865,1000,37013.743091
3424.348476,1000,37046.0311
602.803591,1000,37080.425697
3184.353234,1000,37112.67436
3333.855971,1000,37147.057651
3395.39349,1000,37181.32521
3321.724597,1000,37213.822102
3339.637141,1000,37248.067518
3333.819924,1000,37292.269407
3214.959212,1000,37324.48884
3370.907221,1000,37358.802369
3371.636949,1000,37391.041332
3358.133413,1000,37425.30945
3373.007514,1000,37459.57454
3394.57259,1000,37491.863129
3357.273644,1000,37526.187833
3400.928775,1000,37560.737813
2888.886101,1000,37593.126787
3340.984825,1000,37636.829603
451.361588,1000,37669.149231
3349.103887,1000,37703.530535
3317.823325,1000,37737.833086
3328.64558,1000,37770.127284
3330.865076,1000,37804.612128
3339.287635,1000,37838.923346
3404.402177,1000,37871.178875
3352.129929,1000,37905.405344
3364.352582,1000,37937.638701
3411.19177,1000,37981.308355
3301.022444,1000,38015.715609
3386.658361,1000,38047.886943
3393.578088,1000,38082.128391
3428.255469,1000,38116.587957
3131.343576,1000,38152.075281
3380.730695,1000,38189.230151
3356.485879,1000,38223.963432
3398.453525,1000,38260.796317
3382.404738,1000,38297.609571
3328.72468,1000,38344.247532
3243.926311,1000,38381.503275
3380.677449,1000,38418.543377
3327.753824,1000,38453.549455
3378.742348,1000,38490.841016
3060.335434,1000,38526.440638
3398.500663,1000,38563.466689
3407.640713,1000,38600.209388
3397.823532,1000,38632.995592
3410.122622,1000,38667.638357
3420.239916,1000,38712.193345
3372.345993,1000,38744.819934
3247.135557,1000,38779.431002
3402.296755,1000,38811.887185
3416.36206,1000,38846.405997
3454.125157,1000,38880.848251
3435.587372,1000,38913.289994
3359.974809,1000,38947.826627
3415.966498,1000,38982.356824
3394.700261,1000,39014.939648
3405.1974,1000,39059.531341
3454.190489,1000,39092.114797
3380.918682,1000,39126.732513
3387.851917,1000,39161.370567
3260.327571,1000,39194.030165
3389.188051,1000,39228.675563
3433.357239,1000,39263.415192
3276.652123,1000,39296.104639
3376.336133,1000,39330.70253
3430.855388,1000,39363.755912
3343.926865,1000,39407.816178
3330.200332,1000,39442.360211
3312.836854,1000,39474.911514
3452.130952,1000,39509.412997
3388.083236,1000,39544.106943
3383.400976,1000,39576.923203
3401.46195,1000,39611.632906
3402.891371,1000,39644.255189
3451.255406,1000,39679.012126
3407.841604,1000,39713.69005
3357.750289,1000,39755.565515
3459.392169,1000,39789.818482
3355.946588,1000,39824.108829
3355.405806,1000,39856.45075
3439.721485,1000,39890.829747
3416.959372,1000,39923.044502
3396.030945,1000,39957.302056
3328.779846,1000,39991.532977
3345.207382,1000,40023.784822
3429.398333,1000,40058.014262
3449.35773,1000,40101.729595
3218.134273,1000,40133.964253
3344.872474,1000,40168.351385
3440.951758,1000,40200.576691
3395.635222,1000,40234.797807
3338.54598,1000,40268.987804
3471.052806,1000,40301.194625
3443.75564,1000,40335.516424
3413.818588,1000,40369.709265
3412.865518,1000,40402.143316
3463.402037,1000,40445.85885
3448.306836,1000,40478.231779
3389.986243,1000,40512.514055
3353.543583,1000,40546.846277
2746.134923,1000,40579.176108
3470.21604,1000,40613.502194
3479.94675,1000,40647.798141
3144.692567,1000,40680.194018
3391.50867,1000,40714.593106
3482.433086,1000,40746.911537
3433.903938,1000,40790.707725
3372.066449,1000,40825.046137
2963.367195,1000,40857.395208
3349.0009,1000,40891.686613
3445.063512,1000,40926.024194
3406.66915,1000,40958.301593
3410.595711,1000,40992.498571
3447.865936,1000,41024.883123
3422.065401,1000,41059.40922
3345.805281,1000,41093.597312
3476.240251,1000,41135.470754
3419.242747,1000,41169.806843
3419.138995,1000,41204.1132
3422.756691,1000,41236.430992
3436.802736,1000,41270.811835
3334.655674,1000,41303.030359
3403.195873,1000,41337.33481
521.524944,1000,41371.678823
493.796532,1000,41404.082088
507.529941,1000,41438.243235
3169.775065,1000,41482.335255
3361.356354,1000,41514.556124
2957.105822,1000,41549.016801
3387.417959,1000,41581.326696
3307.009951,1000,41615.674966
3360.80159,1000,41649.889774
3418.196456,1000,41682.196147
3432.593927,1000,41716.417571
3289.340155,1000,41750.792227
3105.688421,1000,41782.782994
3439.987234,1000,41826.640648
3468.933182,1000,41859.077759
3388.73869,1000,41893.559473
3392.451009,1000,41928.065394
3389.373419,1000,41960.360587
3350.711716,1000,41995.014371
3387.486248,1000,42029.420254
3443.504215,1000,42061.719929
3169.35606,1000,42096.095196
3428.882622,1000,42128.143067
3425.697261,1000,42172.150519
3375.674148,1000,42206.512642
3430.667111,1000,42238.84789
3346.797713,1000,42273.09076
3401.146566,1000,42307.428634
3472.910247,1000,42339.947526
3356.872429,1000,42374.329786
3414.09513,1000,42406.621104
3425.253777,1000,42440.941339
3378.073315,1000,42475.287523
3407.935771,1000,42517.3109
3414.643745,1000,42551.72155
3434.783704,1000,42586.14761
3437.829699,1000,42618.608742
3443.230484,1000,42652.987148
3432.074166,1000,42685.339461
3416.951527,1000,42719.630366
3359.384251,1000,42753.96502
3453.594142,1000,42786.230051
660.793891,260,42794.754683
3377.173815,1000,42828.941822
3452.551548,1000,42872.803392
3461.907606,1000,42905.084849
3462.559909,1000,42939.382123
3396.404865,1000,42971.79435
3480.966513,1000,43006.159192
3436.763108,1000,43040.40957
3483.31325,1000,43072.614513
3285.485552,1000,43106.842767
3464.48297,1000,43140.803924
3426.345475,1000,43172.966654
3513.206824,1000,43217.130586
3466.859467,1000,43249.324771
3370.390931,1000,43283.546922
3477.459472,1000,43317.810008
3399.287005,1000,43350.175454
3410.291633,1000,43384.445436
3434.932367,1000,43418.760276
3222.817037,1000,43450.982516
3354.477373,1000,43485.254842
3460.170722,1000,43517.638532
3177.007036,1000,43561.709618
3473.604678,1000,43595.999283
3444.733335,1000,43628.231153
3405.719064,1000,43662.409585
3402.233042,1000,43696.575895
3217.961847,1000,43728.741888
3449.545815,1000,43762.978834
3404.307972,1000,43795.319854
3460.022238,1000,43829.260307
3127.425337,1000,43863.416112
3456.022385,1000,43905.181756
3302.518969,1000,43939.273177
3432.743203,1000,43973.462808
3350.8373,1000,44005.654511
3430.635272,1000,44039.813907
3418.552493,1000,44071.94178
3361.439623,1000,44106.167035
3414.969649,1000,44140.386158
3460.226465,1000,44172.335956
3413.191212,1000,44206.498263
3488.119295,1000,44250.41517
3295.532724,1000,44282.865854
2656.146464,1000,44317.242671
3488.134621,1000,44349.488754
3418.91863,1000,44383.858483
3349.539182,1000,44418.041559
3451.391517,1000,44450.296154
3456.747214,1000,44484.667896
3377.853811,1000,44518.759434
3434.989998,1000,44551.100198
3338.645603,1000,44595.150993
3441.241613,1000,44627.82882
3296.883655,1000,44662.232858
3423.820247,1000,44696.97057
3408.903512,1000,44729.182532
3506.852801,1000,44763.487069
3465.573472,1000,44797.895611
3405.098709,1000,44830.202884
3427.297822,1000,44864.426495
3450.628299,1000,44896.826096
3452.261934,1000,44940.861288
3289.296493,1000,44975.308249
3413.370726,1000,45007.647943
3414.368039,1000,45041.979344
3480.775464,1000,45076.288969
3480.603816,1000,45108.4863
3451.308592,1000,45143.059935
3520.847708,1000,45175.275164
3431.690235,1000,45209.512459
3502.096315,1000,45243.98188
3429.025865,1000,45285.85562
3503.353351,1000,45320.028466
3368.73326,1000,45354.254198
3459.45045,1000,45386.806618
3450.84867,1000,45421.059754
3445.773983,1000,45453.313909
3432.229757,1000,45487.761585
3412.090564,1000,45521.867466
3452.928714,1000,45554.078083
3472.340872,1000,45588.39857
3434.806508,1000,45632.348431
3386.848824,1000,45664.572237
3465.946707,1000,45698.804235
3489.940713,1000,45731.080426
3393.776253,1000,45765.347248
3491.063431,1000,45799.517789
3373.556329,1000,45831.916416
3486.983779,1000,45865.971665
3470.855877,1000,45900.386669
3462.600951,1000,45932.556886
3411.671116,1000,45976.601266
3497.033281,1000,46008.925663
3472.185027,1000,46043.219949
3492.003386,1000,46077.834863
3474.350553,1000,46110.195325
3499.375394,1000,46144.570398
3390.74833,1000,46179.040993
3443.86497,1000,46211.341643
3465.180119,1000,46245.651068
3521.748327,1000,46278.015723
3429.74713,1000,46322.482497
3432.421165,1000,46356.806048
3449.220317,1000,46389.136863
3456.325469,1000,46423.66087
3495.518936,1000,46457.989488
2725.38027,1000,46490.39788
3399.018809,1000,46524.885003
3390.14794,1000,46556.928089
3468.669663,1000,46591.239087
3347.905959,1000,46625.590716
3465.776146,1000,46667.847961
3442.724877,1000,46702.376829
3405.418167,1000,46736.797902
3436.375445,1000,46769.103737
3217.69043,1000,46803.375588
3524.976688,1000,46835.644579
3514.971817,1000,46869.94762
3501.546222,1000,46904.060194
3483.543307,1000,46936.442257
3234.446759,1000,46970.819267
3470.696712,1000,47014.736615
3409.086641,1000,47047.034224
3356.416933,1000,47081.484547
3434.530005,1000,47113.774919
3452.709855,1000,47148.196513
3487.684142,1000,47182.711926
3487.369269,1000,47215.328536
3473.614164,1000,47249.497019
3403.068909,1000,47283.766901
2075.416751,1000,47316.165184
3478.970699,1000,47360.108808
3358.08413,1000,47392.507708
3472.116735,1000,47426.88404
3493.10679,1000,47461.213728
3482.208731,1000,47493.659674
3483.725713,1000,47528.153701
3478.853143,1000,47562.476141
3422.394856,1000,47594.509792
3415.805858,1000,47628.853686
3399.887877,1000,47661.276721
3460.181635,1000,47705.206825
3458.478829,1000,47739.755679
3509.283732,1000,47772.161173
3464.766852,1000,47806.454112
3469.196246,1000,47840.795006
3486.08059,1000,47873.268202
3465.131484,1000,47907.521297
3513.305201,1000,47939.627911
3414.307165,1000,47973.968847
3466.887203,1000,48008.484965
3469.698784,1000,48050.340884
3465.258275,1000,48084.560368
3465.67538,1000,48118.829735
3432.384175,1000,48151.10781
3515.034205,1000,48185.428602
3422.661082,1000,48217.683937
3367.268816,1000,48251.827523
3482.144185,1000,48286.049521
3359.030055,1000,48318.319606
3450.425636,1000,48352.672928
3493.171699,1000,48396.77196
3461.190523,1000,48428.989573
3464.952057,1000,48463.264985
3457.170367,1000,48495.41157
3408.118036,1000,48529.684532
3464.765995,1000,48564.007454
2086.853015,655,48585.672458
3338.840488,1000,48619.894563
3508.497309,1000,48652.269141
3436.379625,1000,48686.529663
3490.973031,1000,48728.545127
3480.650513,1000,48762.912477
3495.662861,1000,48797.251212
3384.724556,1000,48829.550049
3488.056747,1000,48863.824428
3149.287089,1000,48898.162145
3501.208805,1000,48930.390416
3500.064179,1000,48964.727178
2537.613171,1000,48997.109688
3424.230406,1000,49031.380291
3462.687503,1000,49075.295071
3405.739863,1000,49107.623593
3406.99875,1000,49141.942134
3475.122664,1000,49176.488938
3476.250381,1000,49208.886029
3502.287699,1000,49243.286643
3452.080501,1000,49275.502708
3416.960747,1000,49309.932135
3530.108387,1000,49344.339577
3467.690682,1000,49376.706992
3452.866492,1000,49420.628864
3426.691955,1000,49455.031251
3502.133756,1000,49487.414489
3518.321262,1000,49521.817345
3342.971071,1000,49554.318966
3526.550488,1000,49588.686489
3425.086266,1000,49622.894747
3416.386224,1000,49655.2329
3483.569214,1000,49689.664763
3426.805727,1000,49724.03731
3463.57975,1000,49766.030973
3463.71519,1000,49800.524765
3461.525321,1000,49832.949244
3474.925143,1000,49867.329464
3481.206063,1000,49901.786579
3471.547373,1000,49934.355
3500.651974,1000,49968.573417
3500.418386,1000,50002.971724
3450.619801,1000,50035.406605
3481.468798,1000,50069.953338
3528.608356,1000,50112.03064
3526.55452,1000,50146.376361
3453.594176,1000,50180.819441
3511.557153,1000,50213.28589
3515.14096,1000,50247.589107
3527.448002,1000,50281.937362
3508.226211,1000,50314.047759
3435.425412,1000,50348.524654
3487.016577,1000,50381.123011
3422.531926,1000,50415.734248
3488.066188,1000,50459.860483
3447.201304,1000,50492.276823
3497.35892,1000,50526.769137
3431.543331,1000,50561.034825
3542.373381,1000,50593.490551
3502.833483,1000,50627.952087
3492.047789,1000,50660.143211
3482.383714,1000,50694.446982
3537.896954,1000,50728.883919
3483.221248,1000,50761.337802
3528.800632,1000,50805.395476
3518.37379,1000,50839.796445
3433.744741,1000,50872.340892
3463.218035,1000,50906.752352
3342.425524,1000,50939.180132
978.824305,1000,50973.631269
3447.975104,1000,51007.915329
3506.615904,1000,51040.399585
3498.900415,1000,51074.778577
3485.051372,1000,51109.192823
3490.118895,1000,51151.24015
3502.281207,1000,51185.627748
3477.163491,1000,51217.922266
3464.380159,1000,51252.490028
3503.620867,1000,51286.94357
3502.505205,1000,51319.15097
3548.253819,1000,51353.332447
3514.537389,1000,51387.818759
3428.809181,1000,51420.318393
3390.281219,1000,51454.673734
3483.542324,1000,51496.614293
3394.613296,1000,51530.956213
3396.364101,1000,51565.269801
3499.885087,1000,51597.487532
3485.555192,1000,51632.007365
3497.497821,1000,51666.156416
3503.660637,1000,51698.51494
3544.794841,1000,51732.891059
3489.022487,1000,51765.490545
3434.527086,1000,51800.006778
3466.117366,1000,51844.081332
3541.003027,1000,51876.45124
3348.240298,1000,51910.928848
3509.430209,1000,51945.54541
3455.217483,1000,51978.000848
3468.53807,1000,52012.313237
3531.480539,1000,52044.876683
3503.513265,1000,52079.545293
3443.691082,1000,52114.095629
3507.095134,1000,52146.600393
3468.217201,1000,52190.570049
3532.984991,1000,52225.119611
3516.039872,1000,52257.772049
3485.2706,1000,52292.374425
3519.152183,1000,52325.003669
3457.178523,1000,52359.319553
3426.739263,1000,52393.898364
3491.567753,1000,52426.405264
3536.015767,1000,52460.789974
3499.222908,1000,52495.392239
3529.633459,1000,52537.669836
3474.947691,1000,52572.158383
3444.62611,1000,52604.553759
3490.573616,1000,52638.920756
3420.622104,1000,52673.245258
3499.20116,1000,52705.476017
3535.428651,1000,52739.855618
3496.262825,1000,52774.251463
3525.619505,1000,52806.587896
3501.953003,1000,52840.941087
3456.85711,1000,52882.965959
3439.597012,1000,52917.736482
3466.661779,1000,52952.289409
3414.649572,1000,52984.767986
3526.646206,1000,53019.127884
3412.64895,1000,53053.459327
1455.987821,1000,53085.956271
3416.869318,1000,53120.327203
3471.519995,1000,53152.908073
3479.352981,1000,53187.279796
3547.145534,1000,53231.215667
3493.913447,1000,53263.810028
3520.599104,1000,53298.230801
3484.082864,1000,53332.871428
3459.110588,1000,53365.342022
3489.330698,1000,53399.610994
3502.02512,1000,53431.999326
3464.074567,1000,53466.399565
3371.106788,1000,53501.156652
3492.443615,1000,53533.626533
3508.037985,1000,53577.6289
3459.941058,1000,53612.013582
3440.36341,1000,53644.44001
3505.190868,1000,53678.820418
3511.952709,1000,53711.091881
3481.904879,1000,53745.949229
3367.603337,1000,53780.565165
3522.751736,1000,53812.975461
3447.957348,1000,53847.442925
3379.208913,1000,53881.961108
3443.015736,1000,53924.069474
3489.417315,1000,53958.500147
3488.029522,1000,53990.999745
3513.473378,1000,54025.554637
3519.962564,1000,54059.873783
3507.529513,1000,54092.501198
3526.823309,1000,54127.009402
3490.033343,1000,54161.601572
3251.997637,1000,54194.015325
3504.005573,1000,54228.617732
3329.69947,1000,54271.007851
3504.806558,1000,54305.835823
3487.556546,1000,54340.546836
3461.961402,1000,54373.553796
3520.875568,1000,54407.490051
3512.187179,1000,54442.218047
3466.369022,1000,54475.336873
3526.493055,1000,54510.146107
3450.159932,1000,54542.98371
3485.168011,1000,54578.034136
3539.68007,1000,54627.402276
3491.158618,1000,54662.813945
3506.671575,1000,54700.242553
3530.246194,1000,54735.287369
3537.394371,1000,54767.251177
3526.981272,1000,54802.179407
3474.433092,1000,54835.230964
3537.578448,1000,54872.434323
3418.942735,1000,54909.999226
3467.783916,1000,54945.428428
3565.637735,1000,54994.983812
3547.705074,1000,55032.41923
3537.459978,1000,55067.691508
3510.896665,1000,55105.126739
3483.511459,1000,55140.340017
3510.950837,1000,55177.887227
3532.515433,1000,55215.259048
3487.958269,1000,55247.708055
2940.261073,1000,55282.274197
3474.961976,1000,55316.921692
3528.050762,1000,55359.50656
3494.035764,1000,55394.167018
3571.218911,1000,55426.772506
3495.989148,1000,55461.421824
3455.481581,1000,55495.897473
3497.521386,1000,55528.664557
3500.98684,1000,55563.649728
3458.249899,1000,55598.624711
3507.504446,1000,55631.537788
3478.171062,1000,55666.444152
3480.541346,1000,55710.263359
3556.854614,1000,55745.174848
3503.452424,1000,55780.109654
584.200958,1000,55812.696697
3560.787363,1000,55847.33683
3511.098278,1000,55882.105272
3447.162932,1000,55915.163407
3530.906081,1000,55950.20127
3491.001317,1000,55983.00045
3522.407343,1000,56017.891144
3403.775051,1000,56063.612839
3487.729424,1000,56096.53643
3533.768398,1000,56131.138518
3548.95095,1000,56165.463905
3524.780308,1000,56198.035051
3486.461807,1000,56232.556228
3413.153895,1000,56265.346971
3469.143365,1000,56299.956133
3373.099301,1000,56334.432065
3478.709215,1000,56366.995844
3501.544415,1000,56411.604229
3493.850704,1000,56446.120578
3537.533114,1000,56478.601672
3502.690397,1000,56512.902926
3475.009052,1000,56545.740209
3521.519919,1000,56580.304581
3557.181156,1000,56614.849564
3525.870118,1000,56647.30896
3535.838982,1000,56681.866519
3508.231912,1000,56716.571439
3490.502951,1000,56758.651583
3484.255901,1000,56793.225417
3553.686986,1000,56825.667072
3457.215536,1000,56860.026222
3449.25749,1000,56894.627294
532.025643,1000,56927.308101
3475.098276,1000,56961.81972
3521.491737,1000,56996.263882
3489.361579,1000,57028.740742
3583.940679,1000,57063.298657
3550.485178,1000,57105.374989
3558.943846,1000,57140.107203
3533.446537,1000,57174.661096
3561.235653,1000,57206.993051
3550.884125,1000,57241.598588
3512.386937,1000,57276.183888
3498.254724,1000,57308.758557
3549.405203,1000,57343.285833
3535.232649,1000,57375.901696
3542.008294,1000,57410.513551
746.841355,1000,57454.78119
3489.735244,1000,57487.415309
3543.332338,1000,57521.935751
3470.351378,1000,57556.379929
3537.633834,1000,57589.032001
3498.133438,1000,57623.64858
3471.897,1000,57656.340182
3519.616576,1000,57690.972006
3492.771512,1000,57725.678401
3553.408831,1000,57758.162836
3561.353048,1000,57802.428602
3530.6708,1000,57836.838248
3405.484224,1000,57869.22298
3554.864517,1000,57903.752548
3403.316537,1000,57936.292536
3426.237497,1000,57970.90924
3522.38788,1000,58005.368091
3491.888327,1000,58037.879885
3549.783086,1000,58072.408779
3472.870794,1000,58107.013476
3467.904442,1000,58149.231634
3541.301222,1000,58183.853662
3504.60664,1000,58216.250787
3553.379269,1000,58250.874477
3452.070894,1000,58285.471548
3509.440145,1000,58318.067789
3544.189465,1000,58352.655782
3460.742972,1000,58387.314162
3532.461479,1000,58419.884591
3525.376555,1000,58454.486043
3551.766071,1000,58496.713155
3522.658994,1000,58531.299304
3555.050854,1000,58565.790901
3553.723676,1000,58598.32433
3478.047788,1000,58632.81524
3564.070744,1000,58667.367834
3532.601835,1000,58700.035445
3561.1519,1000,58734.687105
3516.306951,1000,58767.210179
3506.277861,1000,58801.979003
3503.09243,1000,58846.574211
3548.337412,1000,58879.088795
3536.178331,1000,58913.716841
3520.392242,1000,58948.316868
3516.881431,1000,58980.887706
3541.718784,1000,59015.441142
3475.476872,1000,59048.025154
3518.203552,1000,59082.836123
3530.601386,1000,59117.821573
3479.831356,1000,59150.218032
3545.851785,1000,59194.347195
3531.239796,1000,59228.905516
3524.323064,1000,59261.241863
3544.046704,1000,59295.979374
3458.008134,1000,59328.523392
3542.608112,1000,59363.086454
3489.329839,1000,59397.622692
2895.83204,1000,59430.143381
3376.381641,1000,59464.789318
3528.049477,1000,59499.626963
3382.661472,1000,59542.03354
3494.58395,1000,59576.569662
3565.721341,1000,59609.05256
3498.988228,1000,59643.654122
3576.429512,1000,59678.136906
3528.942264,1000,59710.638091
3538.557386,1000,59745.291606
3514.744212,1000,59779.76422
3466.594013,1000,59812.385426
3551.811373,1000,59847.147481
3454.877478,1000,59889.403973
3552.75486,1000,59923.80611
3506.426484,1000,59958.286076
3480.127467,1000,59990.873797
3553.459425,1000,60025.535043
3499.219295,1000,60060.064722
3431.212323,1000,60092.636255
3514.336979,1000,60127.263748
3524.782737,1000,60160.102358
3522.185923,1000,60194.777563
3489.431501,1000,60239.07453
3514.417146,1000,60271.243352
665.535975,1000,60305.965519
454.849888,1000,60340.557835
3401.919275,1000,60373.05941
3471.739014,1000,60407.543865
3557.049524,1000,60439.906133
2066.924897,1000,60474.321903
3504.551905,1000,60508.703283
3496.689996,1000,60541.144067
3450.478703,1000,60585.355054
3471.184755,1000,60619.483581
3508.133482,1000,60651.810184
3558.477224,1000,60686.490969
3527.960074,1000,60719.029884
3490.783987,1000,60753.595649
3505.66159,1000,60788.231586
3514.841725,1000,60820.913066
3482.184576,1000,60855.867672
3553.767535,1000,60890.48732
3558.076457,1000,60934.113037
3481.294,1000,60967.957357
3477.089658,1000,61000.648511
3462.165709,1000,61035.354111
3534.366542,1000,61069.972382
3499.028414,1000,61102.59647
3547.775176,1000,61137.231183
3568.269634,1000,61172.047776
3465.029402,1000,61205.135032
3539.950823,1000,61242.055691
3484.86422,1000,61288.890429
3534.350053,1000,61326.196037
3527.139452,1000,61363.84078
3522.897037,1000,61398.680332
3538.182821,1000,61436.048793
3569.861253,1000,61473.450525
3529.263725,1000,61508.667821
3516.017212,1000,61546.005365
3559.105621,1000,61580.788142
3561.375791,1000,61617.812692
3483.912946,1000,61666.934649
3556.766796,1000,61701.804652
3488.083965,1000,61739.104705
3588.570025,1000,61776.156194
3524.275526,1000,61811.217833
3532.122441,1000,61848.450236
3548.748881,1000,61883.795764
3526.469166,1000,61920.903001
3498.335114,1000,61958.055032
3500.343189,1000,61993.065047
3549.497772,1000,62042.246528
3531.455029,1000,62080.170782
3495.529136,1000,62115.44704
3477.313911,1000,62152.68681
3563.148823,1000,62187.853117
3203.275975,1000,62225.243054
3487.741338,1000,62262.398485
3548.135951,1000,62297.995618
3522.496261,1000,62334.941754
3540.817533,1000,62372.159228
3513.21371,1000,62419.133268
3530.602092,1000,62456.163477
3571.679221,1000,62491.989366
3542.694906,1000,62529.114099
3526.235418,1000,62566.2091
3589.588718,1000,62601.270345
3475.684843,1000,62638.288439
3503.209791,1000,62676.3479
3456.085464,1000,62711.250405
3571.687775,1000,62748.268529
3554.363856,1000,62794.897712
3505.260892,1000,62832.07155
3475.136755,1000,62869.20281
3559.204294,1000,62904.418425
3534.387249,1000,62941.55494
3562.882059,1000,62978.814693
3589.804587,1000,63013.868832
3539.921581,1000,63051.259173
3574.467757,1000,63086.731906
3554.302162,1000,63124.167119
3535.304429,1000,63173.055168
3520.998685,1000,63208.290766
3551.478353,1000,63245.69136
3401.546569,1000,63283.133814
3582.820537,1000,63318.12714
3472.663927,1000,63355.545509
3535.227714,1000,63390.795552
3524.073689,1000,63428.42626
3517.917929,1000,63465.597576
3545.758686,1000,63500.598891
3476.348765,1000,63549.374614
3410.047078,1000,63586.576462
3601.925706,1000,63622.120765
3479.729265,1000,63659.305611
3568.224263,1000,63694.403819
3516.25136,1000,63731.639148
3429.269122,1000,63768.898162
3486.568831,1000,63804.155374
3545.383587,1000,63841.372864
3534.183681,1000,63878.6769
3575.328138,1000,63925.417315
3493.770397,1000,63963.014182
3553.984026,1000,63998.444417
3576.111048,1000,64035.829386
3597.759269,1000,64073.130273
3518.147207,1000,64108.368836
3461.188194,1000,64145.646472
3567.598183,1000,64183.395951
3560.25894,1000,64218.504436
3601.062458,1000,64254.19374
3389.677897,1000,64295.890056
3584.162249,1000,64330.311977
3537.481568,1000,64364.557083
3598.723873,1000,64396.857895
3519.153756,1000,64431.200366
3506.428085,1000,64465.474251
3594.667233,1000,64497.844417
3547.962064,1000,64532.21895
3512.750921,1000,64564.580931
3542.194742,1000,64598.98767
3544.919613,1000,64642.637589
3567.194733,1000,64675.335716
3536.98122,1000,64709.758314
3557.387474,1000,64744.044433
3550.989521,1000,64776.361263
3583.608158,1000,64810.73369
3565.71491,1000,64843.060262
3495.959979,1000,64877.44906
3545.345097,1000,64911.723842
3504.744602,1000,64944.082166
3534.589105,1000,64987.85064
3559.204265,1000,65022.303178
3504.732579,1000,65054.846458
3562.073092,1000,65089.281902
3536.801027,1000,65121.607627
3472.847508,1000,65156.203405
3570.219116,1000,65190.720172
3473.542711,1000,65223.0377
3515.686534,1000,65257.359095
3553.000382,1000,65291.885252
3569.849367,1000,65333.585396
3521.401423,1000,65367.884666
3574.53376,1000,65400.221848
3557.930931,1000,65434.595517
3596.565909,1000,65468.961894
3503.256536,1000,65501.33437
3445.797914,1000,65535.742472
3538.085996,1000,65570.019561
3522.588163,1000,65602.409442
3557.632525,1000,65636.396639
3605.670161,1000,65678.311473
3559.744171,1000,65712.64559
3581.343119,1000,65747.046953
3633.129682,1000,65779.447751
3559.54021,1000,65813.820309
1399.262389,1000,65848.281433
3455.579422,1000,65880.668367
3568.650484,1000,65915.034544
3496.774811,1000,65947.406079
3559.955011,1000,65981.462149
3492.946155,1000,66025.450453
3590.5285,1000,66057.836729
3551.248949,1000,66092.14648
3585.991271,1000,66126.582068
3494.157799,1000,66158.861012
3540.934473,1000,66193.160814
3528.347471,1000,66225.475772
3530.741484,1000,66259.887206
3549.284482,1000,66294.262032
3545.166325,1000,66326.404195
1252.666216,474,66343.664971
3540.323102,1000,66385.734871
3589.381992,1000,66419.96744
3520.086939,1000,66454.296234
3473.662565,1000,66486.6278
3494.670759,1000,66520.91348
3603.850449,1000,66553.131146
3585.755118,1000,66587.478691
3516.272179,1000,66621.75548
3587.00793,1000,66653.840266
3589.347978,1000,66688.09933
3544.93149,1000,66732.047809
3567.756119,1000,66764.45828
3550.732222,1000,66798.902853
3573.162379,1000,66831.265525
3539.250503,1000,66865.499518
3530.884327,1000,66899.858952
3524.159585,1000,66932.224296
3564.055433,1000,66966.833898
3520.927778,1000,67000.844299
3612.017131,1000,67033.065532
3576.022194,1000,67076.906106
3499.446792,1000,67109.269576
3554.357655,1000,67143.671039
3525.14524,1000,67177.989625
3558.713781,1000,67210.41804
3476.982474,1000,67244.661065
3564.893678,1000,67279.003993
3545.129374,1000,67311.304168
3585.248625,1000,67345.46763
3615.428989,1000,67377.940452
3545.03701,1000,67421.903028
3620.4223,1000,67456.203557
3573.18139,1000,67488.514976
3602.358063,1000,67522.892902
3573.838431,1000,67557.318911
3560.796765,1000,67589.714369
3651.8493,1000,67624.083218
3527.390573,1000,67656.25104
3486.349608,1000,67690.326693
3548.782122,1000,67724.600171
3427.653815,1000,67766.58171
3363.221766,1000,67801.129937
3610.024139,1000,67835.402217
3538.306578,1000,67867.662775
3584.806706,1000,67901.900219
3553.886187,1000,67934.257567
3596.231035,1000,67968.475648
3546.805111,1000,68002.745063
3605.282103,1000,68034.759517
3277.902143,1000,68069.232584
3503.064549,1000,68113.286864
3572.485682,1000,68145.631867
3544.816548,1000,68179.986832
3572.209034,1000,68212.300538
3591.072921,1000,68246.62901
3520.306305,1000,68280.863462
3531.284357,1000,68313.204672
3556.75564,1000,68347.281411
3596.983861,1000,68372.196864
3530.309633,1000,68394.239571
3573.743785,1000,68425.217048
3568.864099,1000,68447.218095
3603.594026,1000,68470.631563
3615.714414,1000,68494.002875
3596.153123,1000,68516.119994
3583.696925,1000,68539.461376
3592.154492,1000,68562.821495
3474.243852,1000,68584.727756
3534.711201,1000,68608.044116
3584.88918,1000,68630.189801
3538.575134,1000,68660.993137
3564.736952,1000,68684.467438
3587.72343,1000,68706.470847
3573.089037,1000,68729.79281
3443.431823,1000,68753.185316
3534.634108,1000,68775.114402
3545.501908,1000,68798.547256
3553.138836,1000,68820.522264
3562.042511,1000,68843.910387
3230.118402,1000,68867.31139
3546.567085,1000,68896.590742
3453.78951,1000,68919.820802
3561.722613,1000,68943.112697
3482.969254,1000,68965.104807
3524.887004,1000,68988.481165
3550.484447,1000,69010.426292
3534.793576,1000,69033.747298
3603.470908,1000,69056.96419
3586.105966,1000,69078.895207
3557.119881,1000,69102.210382
