#{"t_start": 1622618489.4449456, "env_id": "Walker2DBulletEnv-v0"}
r,l,t
12.793605,10,0.055236
16.234271,12,0.067355
15.031333,10,0.077827
16.416746,13,0.090603
13.100375,11,0.102481
20.644974,19,0.121741
26.049,26,0.146926
20.245841,16,0.162471
17.62662,12,0.175917
14.414713,11,0.186603
11.624615,9,0.195601
13.542917,15,0.210255
17.010866,15,0.225581
14.696951,11,0.236526
20.485367,17,0.253609
16.288748,19,0.271889
12.73981,10,0.282643
16.484992,17,0.298774
21.157111,19,0.317148
11.733625,9,0.325984
18.425616,16,0.34227
14.044758,12,0.353942
12.904386,9,0.36294
21.775359,25,0.387101
18.13742,16,0.403344
16.235862,13,0.415937
20.18995,18,0.433415
20.441447,20,0.45245
21.079425,18,0.470927
15.772246,16,0.486171
16.465868,12,0.498297
19.387604,13,0.510808
14.91054,15,0.525918
11.825213,8,0.533915
22.249568,21,0.55492
12.557604,7,0.562054
14.498716,10,0.572794
15.221385,10,0.582601
17.065262,13,0.595253
18.343303,15,0.609423
16.014664,20,0.629679
21.066996,21,0.649508
17.815033,18,0.666221
14.749017,10,0.675953
13.833188,14,0.691126
15.76156,12,0.702849
14.731871,10,0.712653
15.53272,16,0.727969
18.063916,12,0.740456
17.13351,16,0.756188
15.028935,12,0.767772
15.583932,10,0.777582
14.926979,13,0.790866
14.594475,10,0.800649
21.287167,23,0.823148
25.25964,25,0.846951
17.688154,17,0.864089
19.979537,14,0.878178
20.241776,20,0.897622
22.452088,22,0.918522
15.22992,14,0.933643
15.561602,12,0.945464
15.854488,11,0.956026
14.694662,11,0.966781
16.777534,15,0.98218
21.740329,21,1.002749
16.000698,11,1.013619
15.970883,13,1.026111
15.011743,14,1.040445
16.97483,14,1.054467
15.412356,11,1.065901
19.958573,18,1.083177
14.458225,10,1.093905
12.875089,8,1.102123
21.222915,22,1.123021
17.343321,17,1.139684
22.507345,21,1.160455
19.965765,16,1.17564
17.00297,16,1.191374
14.155685,14,1.204624
20.454124,22,1.226207
22.540547,24,1.25017
16.498976,14,1.266549
13.232048,9,1.275421
18.431843,14,1.290135
13.036908,11,1.300918
12.557699,8,1.308914
16.241325,12,1.321294
13.767015,15,1.336481
13.750421,11,1.34731
21.602117,25,1.372091
16.518397,15,1.38877
20.126714,17,1.40597
18.887915,18,1.423089
12.931641,9,1.432007
16.063675,16,1.448114
11.381064,6,1.455142
20.786456,17,1.471197
17.291431,13,1.483732
11.87418,9,1.492595
15.056865,12,1.505106
17.52418,14,1.519045
19.410656,15,1.5336
19.512118,20,1.552519
18.606698,15,1.568004
15.170242,14,1.582054
15.846393,13,1.5948
16.939121,16,1.609945
18.097002,15,1.625437
18.591697,15,1.640565
15.798155,11,1.651296
19.189215,16,1.666766
15.473145,12,1.679262
14.665091,11,1.689939
17.626096,14,1.704138
15.814244,15,1.718717
13.561321,9,1.728833
18.380977,16,1.744439
18.850709,15,1.758764
18.555808,16,1.774502
19.174275,16,1.790776
13.866678,15,1.804931
15.103259,11,1.815312
16.799843,12,1.82757
12.069285,8,1.836614
14.094693,11,1.847309
15.071269,10,1.857294
17.108994,13,1.86998
15.704162,11,1.881827
17.923011,15,1.896945
16.663106,13,1.910103
18.448936,16,1.925686
15.854704,14,1.940153
13.121975,9,1.949084
19.708253,15,1.964729
14.785155,13,1.977558
15.410177,13,1.991187
12.01415,8,1.999485
13.115219,9,2.008502
13.515552,10,2.018398
19.496451,15,2.03456
13.657553,11,2.045642
16.15336,13,2.058686
15.146525,12,2.070806
16.880131,16,2.087713
15.72985,10,2.097363
15.047101,12,2.109181
23.550402,21,2.128979
13.844527,10,2.139733
18.508126,21,2.160311
15.701478,12,2.17223
20.315794,20,2.191818
11.752762,6,2.198834
19.184752,19,2.21765
15.909348,16,2.233624
19.713685,13,2.246484
18.567758,15,2.26202
13.459236,9,2.271022
16.649407,12,2.283666
15.54154,13,2.296463
12.233032,7,2.304407
16.925417,13,2.317238
19.277413,14,2.330924
23.15519,24,2.354497
13.022133,10,2.365346
17.888274,12,2.377145
13.874252,11,2.388046
17.67417,15,2.402764
16.576359,12,2.416051
17.068322,11,2.426844
11.819122,7,2.43397
13.512071,8,2.44191
15.34965,12,2.4546
16.649445,13,2.467742
14.893398,13,2.480798
17.237859,16,2.496844
16.973785,11,2.509136
20.562158,18,2.526521
16.17149,12,2.539182
15.516634,11,2.550172
17.591819,16,2.5669
18.439264,15,2.581738
17.902042,12,2.593469
15.848925,11,2.604936
14.291539,10,2.615794
15.78139,17,2.632481
23.178287,26,2.657469
20.278243,17,2.674505
20.130294,18,2.693056
21.257322,19,2.711898
27.754063,26,2.737654
14.595824,12,2.749801
19.061494,15,2.765439
18.051953,23,2.787908
15.143473,10,2.798641
20.422059,19,2.817622
22.406842,19,2.837252
16.982563,14,2.851031
16.699755,13,2.864355
13.635649,17,2.88097
10.708197,7,2.888863
16.14046,15,2.903595
19.09955,15,2.918405
15.095507,11,2.929853
18.002233,15,2.94542
14.441023,10,2.955185
16.588191,14,2.96895
12.743272,8,2.976955
19.705719,25,3.002675
20.342845,18,3.020249
13.811686,10,3.030116
14.213225,10,3.040101
20.855985,16,3.057621
19.550199,15,3.072542
14.219865,15,3.087268
13.166796,9,3.096328
16.208299,18,3.115357
12.752189,8,3.124156
20.422867,18,3.142206
29.831265,31,3.173455
19.299803,16,3.190373
20.04135,20,3.209627
17.198963,13,3.222744
12.044443,8,3.230881
14.389788,11,3.242483
16.834349,13,3.255679
17.102028,13,3.268387
13.2783,9,3.277362
15.363603,12,3.290258
16.341228,18,3.308258
19.256701,21,3.329229
15.733446,15,3.343909
18.580706,16,3.360621
14.038709,9,3.369607
12.424996,8,3.377697
21.118564,20,3.39803
14.74709,10,3.409111
15.414399,11,3.420098
14.78979,10,3.430046
16.759625,14,3.444356
17.749357,16,3.461158
19.364906,19,3.479587
17.7337,14,3.493251
13.737432,12,3.504959
12.095276,8,3.519784
13.972998,9,3.535043
18.639436,14,3.556168
14.95671,10,3.566245
14.207091,11,3.578448
18.217146,14,3.591943
11.5971,7,3.599966
15.709065,11,3.610814
15.797277,11,3.622882
14.997171,10,3.63264
18.872938,16,3.647951
23.166516,30,3.677287
22.646734,20,3.697656
14.250545,12,3.709457
14.182801,10,3.719237
15.943554,14,3.733698
17.636914,17,3.751319
17.980594,14,3.765025
14.36283,9,3.774128
14.753161,11,3.784893
15.350729,10,3.796143
18.57985,14,3.809839
13.65766,8,3.817847
20.245315,21,3.837976
11.17929,7,3.846009
16.323364,12,3.858133
13.596365,12,3.869905
19.225998,20,3.888995
14.487397,10,3.899786
13.070385,8,3.907725
13.832245,11,3.919031
12.917492,8,3.926929
17.180259,12,3.939569
16.305002,13,3.952369
20.518918,18,3.96981
18.504461,15,3.985623
15.498021,13,3.999438
14.400623,9,4.008594
15.80249,14,4.022323
17.193932,12,4.034359
15.025699,12,4.047921
15.688128,11,4.058898
16.302797,12,4.071092
17.911,15,4.085924
16.560722,19,4.105474
14.533515,9,4.115205
12.239969,8,4.123199
13.055218,10,4.133262
17.610807,15,4.1489
15.350503,13,4.16169
14.093688,12,4.173423
14.713034,10,4.183859
20.025782,27,4.210525
17.111428,13,4.223233
14.055724,10,4.233089
18.859268,19,4.251904
15.741474,18,4.269788
16.866889,13,4.282157
20.409281,18,4.299633
16.186169,14,4.313482
16.236924,14,4.328038
18.771616,15,4.342428
16.24903,14,4.355965
14.438426,11,4.367371
15.339696,13,4.381028
19.130457,21,4.400965
14.628766,12,4.41253
13.427962,9,4.421241
18.391582,13,4.43526
16.169683,13,4.447922
14.792977,11,4.458695
14.561796,13,4.471603
12.502866,9,4.481595
13.06466,7,4.488757
18.461161,14,4.503063
15.382375,13,4.515833
15.978764,14,4.530564
14.763252,11,4.541226
13.714377,11,4.551964
18.656622,16,4.567652
17.501814,15,4.583127
15.551834,11,4.593919
16.043162,14,4.607121
20.539826,20,4.626711
15.190791,11,4.638427
13.386711,8,4.64647
17.747701,15,4.661025
15.540465,14,4.6744
14.855167,13,4.68874
19.158215,21,4.708779
16.173562,12,4.720385
14.526939,15,4.735041
16.654944,20,4.755724
16.015691,12,4.767176
11.965518,7,4.77414
12.777121,14,4.787533
15.64918,12,4.800226
13.7807,10,4.810083
13.468285,9,4.819583
14.392867,11,4.830498
14.564296,10,4.841348
15.518888,13,4.853832
21.989133,22,4.874945
14.494049,13,4.887949
13.808819,11,4.899498
19.126811,18,4.916566
16.4827,14,4.929873
20.145497,18,4.947348
17.950356,15,4.962523
17.622139,14,4.976048
12.886956,8,4.984047
16.523447,17,4.999974
14.790244,10,5.011055
15.01832,9,5.019964
13.068694,9,5.028746
17.976296,15,5.04312
14.721256,10,5.053912
13.999206,11,5.064758
21.375328,21,5.08507
17.436119,15,5.0992
18.316074,18,5.117323
19.996248,23,5.139703
18.064153,15,5.154312
12.900272,9,5.163304
13.486345,9,5.173298
17.397991,13,5.186154
14.183624,13,5.199184
18.017765,18,5.216386
16.572381,11,5.228316
13.538499,10,5.238091
13.916413,11,5.248753
18.23489,20,5.268079
16.950171,15,5.283644
16.593858,15,5.29815
17.84589,14,5.311691
19.463915,22,5.33351
16.056475,13,5.347221
15.468768,12,5.359192
20.748927,17,5.375648
15.54027,15,5.390789
19.495456,20,5.410789
16.971922,17,5.427181
20.420566,18,5.444528
18.187823,15,5.459738
15.015856,11,5.47172
19.045217,19,5.489983
12.489279,9,5.498902
19.877402,19,5.517895
12.305085,9,5.527843
18.498889,20,5.547087
21.342889,24,5.570723
21.924446,20,5.590888
13.152338,11,5.602798
17.746728,14,5.61652
20.562717,22,5.638423
23.291846,23,5.660614
16.761672,13,5.674597
13.490562,9,5.6836
17.539167,16,5.699176
16.181491,15,5.71413
15.355951,11,5.726097
14.313155,11,5.736943
16.98103,17,5.753644
14.37912,12,5.76546
14.974867,9,5.775818
18.186887,18,5.793186
21.545947,18,5.811241
17.436443,16,5.827152
12.439497,9,5.837907
15.552333,13,5.851
16.835605,16,5.866317
21.76017,17,5.882851
21.02756,18,5.901983
15.429258,14,5.915651
20.240075,16,5.931573
16.827765,13,5.944201
13.333141,9,5.954338
21.296319,17,5.971677
12.183411,9,5.980707
15.874989,12,5.992299
19.965291,20,6.012375
17.552713,17,6.029237
23.359129,20,6.048452
24.24785,37,6.083684
18.705532,17,6.101674
18.463974,18,6.119094
14.143015,10,6.129282
16.154782,16,6.145004
15.871509,11,6.157548
13.579141,11,6.168637
17.080846,15,6.183174
14.289044,11,6.193985
17.022159,13,6.207888
13.554578,9,6.2174
18.267177,13,6.230174
19.52428,16,6.245975
17.934956,17,6.263632
22.762057,20,6.283653
15.204443,14,6.297386
14.390046,10,6.3074
17.15943,16,6.324449
14.057757,10,6.334475
16.431793,14,6.348848
17.75271,16,6.364512
14.499281,10,6.375455
16.357638,16,6.391151
15.165876,10,6.40117
14.674776,11,6.412582
21.566388,18,6.431302
17.508709,17,6.447828
16.083313,11,6.458611
17.675274,14,6.472483
16.216292,11,6.484799
15.099053,15,6.499392
14.602504,9,6.508369
15.819724,17,6.524506
15.477102,11,6.536325
17.200436,14,6.550474
29.408177,28,6.577487
15.922648,12,6.589172
13.873065,9,6.599119
18.953403,16,6.615293
14.386672,9,6.624264
22.573677,23,6.646123
16.944466,12,6.65881
20.843867,22,6.680651
16.198215,11,6.691532
20.468151,17,6.708217
16.082975,14,6.722647
12.655098,9,6.732219
19.670901,18,6.749696
23.765675,20,6.768918
16.185986,16,6.785348
18.100193,18,6.802905
13.225614,12,6.814492
15.490276,16,6.829683
16.29363,12,6.842495
21.00815,18,6.860416
22.081059,18,6.877989
19.380847,20,6.897193
18.024502,15,6.91261
14.705007,9,6.922142
14.957452,11,6.933188
19.610183,23,6.955024
17.205759,14,6.969727
15.623614,14,6.982926
16.756317,12,6.995249
22.988369,20,7.014172
15.893784,11,7.025946
13.57699,9,7.034778
17.013666,14,7.048846
17.766185,16,7.064516
16.062473,12,7.077362
17.675743,14,7.091243
16.020273,15,7.106218
13.995168,13,7.119211
14.046792,11,7.130805
29.405615,25,7.154351
19.675855,22,7.175939
14.750091,16,7.191436
20.572647,23,7.214704
17.179686,11,7.22546
13.875465,11,7.236028
20.394624,18,7.25372
16.462193,13,7.267379
19.53661,19,7.285538
20.317259,26,7.31093
15.356286,13,7.323189
20.813523,18,7.3412
14.423831,10,7.350965
18.601121,17,7.367682
15.076908,14,7.381201
14.33572,10,7.391948
18.66637,15,7.406365
12.55745,9,7.415262
17.029629,15,7.430102
14.099743,12,7.442776
13.667192,11,7.453569
17.506023,19,7.471436
14.485371,12,7.483275
15.272428,17,7.501158
16.367252,12,7.512868
15.670419,14,7.526196
15.808585,13,7.538772
13.865587,11,7.55036
14.002991,10,7.560594
12.367753,8,7.56857
14.974321,9,7.577514
15.754115,13,7.590995
14.267422,11,7.601627
17.726527,14,7.615282
15.551841,11,7.626679
19.289088,16,7.643279
14.827086,12,7.654767
21.765069,21,7.674895
15.769696,10,7.685336
18.011182,16,7.701774
16.410824,11,7.712589
13.924127,15,7.727088
14.469467,14,7.740499
23.090859,26,7.76704
14.476578,17,7.783316
12.880618,9,7.792244
12.697178,8,7.800321
13.230222,15,7.816099
14.349597,8,7.82404
18.972794,19,7.842266
16.49318,12,7.854112
12.89745,11,7.865989
22.946491,26,7.891284
18.304183,20,7.910362
15.350578,14,7.923836
16.921543,15,7.939679
17.246038,16,7.955016
15.707986,12,7.966866
11.753949,8,7.974763
14.595183,10,7.985652
16.320059,20,8.005206
19.943263,20,8.025008
17.550543,13,8.037684
19.027256,16,8.054073
14.994415,12,8.066319
19.647013,16,8.082151
15.294614,12,8.094057
21.146471,17,8.111672
13.135096,9,8.120915
18.379216,14,8.135185
13.623684,11,8.146008
18.449013,17,8.163666
17.041471,11,8.174667
13.41582,8,8.182848
12.967754,7,8.189934
21.821068,21,8.212122
14.377577,9,8.221008
16.349808,14,8.234365
12.489861,8,8.242388
14.269411,11,8.254082
13.204044,8,8.262553
20.478073,20,8.281618
15.655654,10,8.2914
12.774803,8,8.300439
19.099553,17,8.31681
19.150786,21,8.337385
15.177402,17,8.353661
21.194354,22,8.375631
17.390754,12,8.3886
18.512906,17,8.405035
17.997137,14,8.41879
16.10426,12,8.431449
20.741628,18,8.448525
16.906905,17,8.465958
23.075526,29,8.494379
18.05297,15,8.510172
12.854272,9,8.519977
18.828825,15,8.534908
13.229644,8,8.543062
11.966343,7,8.551141
17.33797,12,8.563239
15.412434,13,8.575996
13.6733,9,8.585724
13.288906,9,8.59585
17.390971,17,8.612855
20.137999,19,8.631523
16.067481,15,8.646786
15.092114,11,8.658923
14.473538,9,8.667914
20.329349,22,8.689027
11.177115,6,8.695275
20.843048,17,8.713352
16.375539,10,8.723576
21.805225,21,8.744194
22.228786,19,8.762609
23.196288,26,8.789563
16.685332,15,8.804422
18.220195,19,8.822755
14.18361,9,8.831876
15.360809,12,8.845486
18.566431,20,8.865056
16.242927,15,8.879577
13.401702,8,8.887729
17.244482,12,8.900685
16.970028,14,8.915284
15.447249,10,8.925412
15.049143,11,8.93626
16.578176,12,8.949185
28.979149,30,8.979042
17.104447,13,8.991924
17.122485,12,9.003953
20.39929,22,9.026063
17.709978,15,9.041248
17.189465,15,9.055555
16.000926,16,9.071055
17.722508,15,9.086524
20.431772,19,9.105532
19.603599,16,9.120989
13.982922,10,9.130795
18.151215,18,9.14943
12.941524,9,9.158516
12.359845,7,9.166111
19.274964,22,9.187013
12.524123,8,9.195879
14.491164,11,9.206818
14.69052,10,9.216674
18.339975,19,9.235209
14.052873,20,9.255448
12.052082,8,9.263513
15.013097,10,9.273447
15.367968,12,9.285207
12.980145,8,9.294693
22.027098,22,9.316046
14.829757,13,9.328852
17.824175,15,9.3438
21.32659,20,9.364523
14.337454,9,9.373465
18.509381,15,9.388059
22.293947,20,9.407455
14.798919,9,9.41732
15.869412,11,9.428767
15.014195,13,9.441545
13.979868,11,9.452507
18.246642,17,9.469624
22.835325,20,9.48914
14.280082,11,9.500139
16.39892,11,9.511021
16.591446,15,9.526375
10.975736,6,9.532491
17.886776,21,9.553758
22.37227,24,9.577274
15.777686,13,9.591443
16.773157,19,9.610076
14.767386,11,9.621503
21.489067,22,9.642651
23.408179,24,9.666278
20.594499,16,9.682519
16.436258,17,9.699072
15.921612,12,9.711043
17.855963,12,9.723696
21.706306,23,9.746535
18.758823,16,9.762075
13.422757,8,9.770124
14.870586,9,9.780126
13.035307,10,9.790137
17.943294,14,9.804247
13.244816,9,9.813275
11.068474,8,9.822331
18.219455,17,9.838637
16.66316,13,9.851406
13.30027,8,9.85936
22.687121,22,9.881415
13.439763,9,9.890248
16.459186,13,9.903123
18.269335,14,9.916696
22.130684,20,9.937706
21.078786,26,9.962847
11.577859,7,9.969947
14.034946,9,9.978885
12.95935,10,9.989529
25.156705,27,10.015676
18.441145,20,10.03488
21.385416,22,10.055558
17.272307,17,10.073374
38.133494,31,10.428928
29.346581,26,12.130797
13.799107,13,12.165795
14.190424,13,12.202852
13.702265,12,12.235538
14.548772,13,12.271009
49.327459,79,16.150956
12.230972,11,16.180128
11.827432,11,16.207098
12.919108,11,16.234038
12.879659,11,16.261041
12.001334,11,18.084817
9.257276,10,18.109502
10.522767,10,18.133677
9.853873,10,18.157909
10.225643,10,18.184476
8.73777,10,18.209182
9.84575,10,18.233629
9.002301,11,20.119696
11.001082,12,20.15119
12.413103,12,20.180441
12.645651,13,20.211563
11.166751,13,20.242857
11.534945,11,22.171703
12.070504,11,22.198654
10.959375,11,22.225493
11.559909,12,22.25463
10.651408,12,22.285882
11.555319,11,22.312743
13.113508,14,24.141522
15.210138,16,24.180061
14.971219,15,24.218604
14.677893,15,24.255329
16.530953,14,26.073523
9.867729,56,28.127922
22.899742,68,30.182703
12.304751,7,30.200059
12.478137,7,30.217776
11.951151,7,30.234736
12.504324,7,30.253873
12.418586,7,30.271662
11.731151,7,30.288504
12.195723,7,30.305646
12.522987,7,30.324464
48.466996,50,32.272326
38.023592,34,34.31561
14.987421,14,34.349426
18.028304,15,34.38807
15.474697,14,34.421191
64.664372,70,38.55582
14.735781,54,38.685771
10.099128,58,40.757036
25.115495,81,44.72864
31.231718,111,46.895866
27.149009,36,48.987321
69.975115,76,51.179987
27.062537,40,53.162923
63.465288,89,55.380819
7.496784,128,59.663419
34.377455,115,63.776794
77.07677,117,67.977667
55.974579,81,70.073715
41.175944,60,72.116403
30.335364,27,72.184877
67.328873,86,76.264111
14.170669,58,78.396526
63.424383,178,82.669714
43.682663,68,84.848916
46.483745,88,89.014603
52.698022,77,91.154022
49.294332,104,95.322892
2.594488,56,95.460139
41.19268,99,99.569249
71.981063,61,101.706133
20.423983,38,103.763226
40.297256,114,106.031824
69.447521,71,108.199003
21.092867,68,112.248691
94.192601,72,114.333263
72.626417,74,116.425387
53.837049,101,118.573454
24.805751,64,120.705163
27.14384,78,124.784507
4.719459,48,124.900431
44.356292,89,128.95884
24.811442,34,129.040475
25.835553,30,131.008257
39.692278,43,131.111173
20.686862,78,135.139343
75.247623,113,137.382199
33.976633,83,141.483949
28.198114,55,143.515333
173.111492,295,151.966531
17.202917,58,154.088625
70.199904,75,156.241415
51.105459,54,158.366721
43.624807,73,160.517614
20.566785,42,162.573638
21.870794,57,164.606325
53.327483,50,166.681983
66.742641,73,168.834213
114.461585,96,170.980868
62.848471,99,175.10272
66.151435,56,177.162985
28.398949,56,177.298491
85.560373,81,181.446467
10.335842,63,183.544413
45.938325,127,187.822325
46.560788,49,187.937638
95.390787,98,192.143148
16.080051,72,194.245441
39.623449,109,198.362847
105.133734,113,202.529684
83.421732,84,204.685856
16.552897,48,206.79874
64.961798,75,208.905573
40.869007,61,210.990389
36.426674,69,213.101976
-9.183502,82,215.248995
38.623085,55,217.367949
70.610926,99,221.58521
76.731378,86,223.798678
118.152001,103,228.024779
21.822178,80,230.168236
22.463937,79,232.329528
16.203261,62,234.403403
12.082372,37,236.41966
10.28643,48,236.535359
100.994045,90,240.692926
89.001826,79,242.866764
14.139666,51,244.91626
18.40701,75,246.998513
83.247675,73,249.167166
27.363896,28,249.232291
79.690984,70,253.368723
67.562502,58,253.511288
33.827237,130,259.825113
156.529081,181,264.241366
77.289454,64,266.333537
81.789588,73,268.44095
84.868083,81,272.565685
78.050037,68,274.71691
11.896042,50,276.799819
56.955345,56,276.934196
65.851504,55,278.974049
54.699283,55,281.065392
77.84774,65,283.206006
59.165069,67,285.342155
74.16392,58,287.448898
55.27138,49,289.469882
62.63556,166,295.769292
61.333986,63,295.922233
77.752179,65,299.917595
19.474588,53,300.043342
12.876226,66,302.101919
11.127991,45,304.167092
94.824129,197,310.505681
21.490363,57,312.61301
80.715923,69,314.742408
53.231846,56,316.857233
111.675505,163,323.204998
107.882757,102,325.466072
58.443037,52,327.598812
77.384016,91,329.746882
57.213916,54,331.879529
56.008582,65,333.994041
95.898629,162,340.876387
76.180989,77,342.931929
16.343153,15,342.967711
14.686875,15,343.00333
54.500274,60,345.102345
52.511781,47,347.142458
62.763625,54,349.175215
63.91675,67,351.271964
22.876686,25,351.330148
37.026149,95,355.438805
23.540636,26,355.50015
23.234856,58,357.622775
25.676906,38,359.674606
51.807831,51,361.781497
51.888191,48,361.893528
64.005119,65,363.999107
72.111329,67,366.09987
108.244059,107,370.229908
49.583763,53,372.303555
57.763636,53,374.375078
80.676018,81,376.521088
97.442064,98,380.667326
62.222756,65,382.831321
25.826929,35,382.91247
33.610455,41,384.962223
77.022279,81,387.069451
11.243401,60,389.192796
96.026682,98,391.38743
67.177057,75,395.485916
32.070783,34,395.567102
92.856155,83,397.733338
77.730823,75,401.899708
92.780102,88,404.087986
56.692207,71,406.147001
76.568438,67,408.190692
87.939893,75,410.264914
239.050614,297,420.727247
58.078257,49,422.743061
77.531603,64,424.851667
90.64663,87,427.034938
83.300888,70,429.14211
50.884969,50,431.218356
77.266749,71,433.307709
154.692403,192,439.57979
66.031158,65,441.682811
54.428136,55,443.754386
48.150508,55,445.834479
60.41743,46,447.950034
78.81645,79,450.087745
59.562155,59,452.184484
84.781701,85,454.357157
29.285064,79,456.512946
120.591778,163,462.829021
55.379238,107,465.047459
82.535466,64,467.18459
76.42783,73,471.254924
75.553421,70,473.397138
39.32969,75,475.507742
38.104772,100,477.643986
67.840694,61,479.690458
69.661619,68,481.74606
39.07982,71,485.722092
101.087167,162,490.011512
57.54786,60,492.063547
57.999512,104,496.267246
67.434144,62,498.317177
76.996927,73,500.464827
25.566506,77,502.63147
70.905641,64,504.760413
96.152987,89,506.878078
51.307335,63,508.967598
69.160162,70,511.017461
92.447645,100,515.051519
58.369415,56,517.133873
90.037383,97,519.32938
79.410418,72,523.375327
63.031264,62,523.519143
105.055667,89,527.585985
123.294449,110,531.828135
64.497641,60,533.931855
79.499477,80,536.077287
94.811981,84,538.198808
16.038487,56,540.232201
101.957129,102,544.330617
64.812214,56,544.460451
119.240533,125,548.599427
110.512187,103,552.691805
86.222386,79,554.842342
94.289889,86,558.876051
94.38004,76,561.040007
89.261898,89,563.261426
82.893412,77,565.467831
92.504195,93,569.733166
98.723508,93,571.967884
80.313859,69,574.120982
74.742357,78,578.3134
61.91623,48,578.426056
66.334931,50,580.422307
70.653431,60,582.43365
66.368747,47,584.443545
96.042159,85,586.6707
66.142984,53,588.815203
86.434673,82,591.022535
87.0885,66,593.193934
80.459295,70,595.374657
84.628852,76,599.550855
12.748974,79,601.753032
92.958858,93,603.983078
108.967857,109,608.261825
86.383765,76,610.487351
144.371805,164,616.895429
62.526905,140,621.074348
147.331646,134,625.17168
31.880587,85,627.257632
83.669628,68,629.323393
93.192016,83,633.398048
135.18672,191,639.731186
91.493121,74,641.7963
56.166194,122,645.865869
87.129674,75,647.941525
50.350662,112,652.082522
103.134228,79,654.244046
135.003107,115,658.305935
84.616052,75,660.362991
39.740201,46,662.337002
29.122954,34,662.418823
68.938693,61,664.511343
85.382901,79,666.597531
91.540625,84,671.784906
69.320044,63,673.833529
71.057592,65,675.952943
75.13394,109,678.158316
145.502867,228,686.23307
80.358677,60,688.276174
139.041636,126,692.493721
137.995504,133,696.601676
79.516582,58,698.622471
110.983561,223,704.887433
114.005382,107,708.928705
262.596997,306,719.414894
24.313356,68,721.479932
100.64635,159,725.638436
70.445693,106,729.750526
79.064536,78,731.817163
94.65735,83,733.92153
80.223749,66,736.117042
148.601139,148,742.476763
83.03139,70,744.635383
96.167391,76,746.696709
102.429898,86,748.809012
121.378946,107,752.862189
83.452946,70,754.938613
151.821878,132,759.233163
114.691607,173,765.408082
86.789015,80,767.47172
82.636662,77,769.562042
85.528435,76,771.657095
72.737902,61,773.70775
80.215397,75,777.731499
75.444665,57,779.843161
112.528693,100,782.053882
94.936763,84,784.237059
128.216526,128,788.33454
91.958125,79,792.338221
71.801367,71,794.415936
39.94017,40,794.510615
88.290146,83,798.672109
187.214246,176,802.862767
37.376234,42,804.871429
98.664498,104,809.027481
97.542852,86,811.091995
73.164719,91,813.184196
102.100827,114,817.296856
124.49161,96,821.32239
94.578461,76,823.418972
102.963156,87,825.537561
88.207496,68,827.607178
122.91971,117,831.679217
123.927443,98,835.705861
38.041567,92,837.8501
29.899715,50,839.856785
91.304337,74,841.960547
116.535847,102,846.084804
113.560525,100,848.205646
-4.436119,68,850.260388
108.333434,114,854.302658
97.739668,81,856.466516
107.738485,94,860.655088
76.989994,59,862.799459
80.791605,66,864.874537
79.106187,61,867.002661
92.701037,70,869.077316
99.347233,79,871.248968
102.441451,78,873.413829
97.634683,77,875.568852
88.291152,71,879.640809
114.519347,86,881.831419
125.976611,131,886.104753
99.647627,94,888.209064
112.584077,172,894.444603
37.970908,110,898.604454
88.839003,85,900.710708
95.726372,74,902.799553
135.005468,105,906.978312
187.614319,169,913.195017
95.72274,75,915.268122
152.486978,132,919.401725
135.691133,129,923.571712
112.50944,91,925.683424
95.11973,70,927.77119
151.530651,132,931.861661
107.374442,94,935.987929
116.495649,105,940.11149
73.927611,109,942.249685
99.487785,72,944.305435
121.489723,99,948.386976
89.975216,64,950.419677
89.005131,79,952.517705
121.14255,103,956.576298
34.707079,37,956.66083
118.312542,113,960.70736
138.8957,133,964.971586
108.498596,80,967.073016
104.902509,81,971.159055
115.243658,92,973.242093
88.89848,63,975.309317
119.334019,100,979.509981
99.645126,78,981.685559
122.771524,112,985.790955
192.688877,187,992.061022
112.884323,108,995.850588
105.995798,79,997.917073
110.027213,80,1001.903162
148.482708,131,1006.216657
78.19476,57,1008.362817
107.184577,78,1010.569113
163.230894,136,1014.946162
101.289593,122,1019.234163
96.501301,81,1021.443173
117.441905,92,1025.733552
170.572961,301,1034.196211
113.580872,87,1038.153989
125.758594,103,1040.280671
120.027722,113,1044.344683
120.046767,106,1048.499571
133.746606,132,1052.756516
230.500734,233,1059.38159
158.080046,153,1065.855138
84.639023,68,1068.059048
109.375531,88,1070.280886
95.276882,68,1072.480674
105.978004,83,1076.73903
95.460232,74,1078.866432
95.323994,77,1081.049309
83.985622,73,1083.241942
119.349381,101,1087.52453
152.555022,129,1091.897616
79.730399,58,1094.043173
88.42403,71,1096.24445
35.557844,72,1098.442018
170.976574,148,1102.859248
97.665991,80,1105.077148
107.52941,95,1109.36434
125.845065,110,1113.694411
125.924497,104,1115.962394
104.631908,86,1120.135342
78.80295,62,1122.301505
99.286383,85,1124.550419
131.604157,119,1128.910539
106.741331,92,1131.167296
104.607778,94,1135.438642
92.087839,80,1137.663855
94.573546,76,1139.797367
123.327401,99,1144.029143
97.182367,81,1146.262631
86.217556,67,1148.45266
216.052703,226,1155.069907
110.888273,95,1159.329509
107.699827,101,1163.622841
76.370581,58,1163.757478
107.16608,81,1167.99692
111.329268,93,1170.244564
143.976784,128,1174.656738
123.694635,205,1181.087214
88.122225,129,1185.27812
136.401783,130,1189.351193
106.768758,93,1193.447491
75.967569,63,1195.462411
104.244516,91,1197.557984
106.697531,99,1201.823581
326.317973,341,1212.601925
93.164235,77,1214.822078
112.061933,92,1218.818877
101.075437,82,1220.874771
196.884103,175,1227.065557
130.481976,119,1231.357462
104.975866,93,1233.620644
150.587166,127,1237.958471
162.220421,158,1244.341142
88.197297,73,1246.494145
121.661473,105,1248.749574
123.884413,113,1253.075178
99.443448,94,1257.299569
150.250744,126,1261.416869
120.790633,99,1263.538971
107.838472,107,1267.644658
141.084147,140,1271.945891
134.688045,119,1276.271972
161.096204,126,1280.579435
101.182649,117,1284.760859
148.647665,216,1291.29545
126.145956,105,1295.579411
110.587132,87,1297.81055
104.073447,92,1300.048878
147.009598,128,1304.373607
92.29448,65,1306.437687
166.877171,150,1312.81085
299.558058,339,1323.549384
128.935842,111,1327.839496
256.808653,256,1337.297932
84.599941,66,1339.405978
93.882053,80,1341.501209
137.385859,115,1345.648243
108.541746,97,1347.787192
103.739892,82,1351.824982
136.160345,110,1354.010911
112.897152,87,1358.100815
122.876581,102,1360.309704
150.317525,126,1364.409466
119.307957,96,1368.494175
100.50695,78,1370.586674
107.354937,83,1372.656899
102.484581,78,1376.775736
201.251072,186,1381.138494
113.939712,89,1385.176948
114.888168,94,1387.269385
141.474557,122,1391.431428
89.10816,67,1393.532552
158.991655,138,1397.783649
90.385263,155,1404.024383
93.483862,68,1406.07538
122.037808,108,1410.194831
136.498079,110,1412.40654
126.295931,103,1416.496265
102.712967,80,1418.636163
92.426836,73,1420.756009
122.526992,103,1424.901045
147.464952,124,1429.064391
84.611403,65,1431.17404
110.875177,92,1433.362574
118.762095,96,1437.431484
101.533262,81,1439.548609
110.309489,92,1443.667003
100.162241,87,1445.832711
74.53282,68,1447.867059
107.061942,88,1450.008139
100.102013,73,1452.09514
174.670745,153,1458.24232
174.849892,154,1462.423988
165.98782,147,1468.580544
113.366124,91,1470.794167
120.999143,110,1474.965269
130.520731,108,1477.146572
112.282565,87,1481.301345
119.493304,108,1483.51317
97.360279,81,1487.648126
139.769231,128,1491.796097
79.84225,60,1493.900905
21.315755,25,1493.959783
102.65952,87,1496.107428
119.627504,97,1500.217063
148.725662,119,1504.396064
114.004492,96,1506.50316
194.65809,172,1512.796901
220.353224,209,1519.075675
185.266228,163,1525.222131
158.863644,139,1529.521694
78.883065,62,1531.591676
41.774283,58,1533.698659
44.04183,50,1535.728427
371.670591,395,1548.330273
134.147994,109,1550.507819
88.024393,66,1554.528436
139.373404,123,1556.775765
128.750267,105,1560.79712
125.315339,122,1564.989423
140.979351,118,1569.172593
82.261462,69,1571.28478
130.319352,118,1575.442918
102.766299,81,1577.607095
94.092764,83,1579.704208
120.881585,106,1583.826248
143.863836,118,1588.001534
125.518705,107,1590.153897
107.259058,83,1594.266671
103.023031,91,1596.442697
95.727982,78,1598.50303
154.62726,142,1604.583774
120.784915,96,1606.758734
112.284199,96,1610.919025
91.270432,81,1613.06395
127.840306,157,1617.356473
55.509076,133,1621.487166
276.975091,261,1631.824169
158.351981,142,1635.915722
125.156872,96,1638.029448
126.708572,102,1642.158032
133.644333,118,1646.329889
152.202298,125,1650.530316
408.152573,395,1664.205831
332.356822,314,1674.659236
221.291512,292,1683.271923
209.18534,215,1691.692322
112.531063,99,1693.82689
130.104256,114,1697.908736
273.558958,279,1706.306635
95.377649,78,1710.319409
119.068762,108,1712.583632
167.672088,164,1719.054969
109.349195,95,1721.300036
160.283001,156,1727.450249
79.242555,68,1729.509341
231.388182,253,1737.931324
390.102356,413,1750.772083
156.076002,165,1757.034361
217.397551,240,1763.561318
299.923173,278,1774.157688
140.679523,141,1778.387102
178.688299,155,1782.678547
250.687715,269,1793.272156
126.058738,118,1797.587436
195.740688,209,1804.061316
193.578635,199,1810.50907
311.112076,312,1820.802675
141.86355,120,1825.109039
111.828895,96,1827.340147
370.984271,346,1840.004407
361.014074,361,1850.475706
145.605965,142,1854.608037
137.122384,126,1858.7222
295.484411,290,1869.005909
124.596006,114,1873.050339
128.381382,106,1875.251475
86.60047,66,1877.425132
501.42502,542,1896.43426
87.078617,65,1898.483922
383.722478,360,1909.369911
555.225652,613,1930.422863
91.590643,73,1932.645434
148.076968,163,1938.994513
112.371812,97,1941.225675
215.674927,179,1947.632947
142.576437,114,1951.926352
819.627345,1000,1984.274551
299.175351,323,2004.16194
666.865096,710,2028.389462
132.516963,112,2030.685925
271.271819,211,2039.259869
421.681716,409,2052.482419
271.418212,227,2061.24721
426.011171,409,2074.403998
884.731733,1000,2109.729214
353.328235,342,2120.943596
227.716155,209,2127.552522
190.595163,175,2134.142325
280.977708,240,2142.914582
755.717591,833,2172.026857
706.186062,845,2200.742788
251.089303,224,2207.629099
240.105034,212,2216.634161
293.30847,313,2227.640941
1001.816932,1000,2261.733861
309.173731,290,2273.083009
624.88885,640,2295.541726
931.037383,963,2329.325803
160.115351,120,2333.79061
688.00305,620,2361.530123
458.654494,414,2377.010184
114.509901,86,2379.28475
202.834775,191,2385.857894
92.287827,77,2388.104304
547.597168,454,2403.699766
85.156085,75,2408.005002
514.387365,512,2425.696315
699.541557,1000,2458.987324
403.04748,398,2472.383014
388.212318,312,2483.442873
347.32774,298,2494.533759
98.528463,85,2496.77926
745.568739,1000,2532.371712
887.806711,1000,2568.523671
82.082365,75,2570.748946
141.601098,113,2575.245263
884.516435,1000,2609.086755
337.376081,268,2618.068523
173.710653,129,2622.643782
369.134588,309,2634.069258
846.087561,1000,2669.766404
100.462961,80,2672.151161
756.511099,1000,2715.071299
866.009696,1000,2748.6452
781.103321,815,2777.936124
179.70471,136,2782.576555
832.34361,1000,2818.581
778.434626,1000,2853.016716
771.687258,1000,2889.316699
127.249461,98,2893.851349
182.945208,177,2898.399497
951.812326,1000,2934.460717
188.749059,155,2939.000362
728.352874,906,2972.753906
421.733392,532,2990.81604
799.110016,1000,3024.954662
291.673908,233,3033.495398
239.882582,190,3039.781242
181.645919,155,3045.998048
522.016713,530,3066.549982
794.987702,1000,3098.204549
608.640263,524,3118.722054
339.139606,277,3128.151317
119.122248,90,3130.469309
131.560089,102,3134.869576
268.366581,297,3146.17478
164.027696,123,3150.854544
256.658992,219,3157.841259
554.177559,685,3182.643926
236.118344,215,3189.385779
387.348434,316,3201.073902
978.336,1000,3237.684621
244.800168,202,3244.604933
818.072395,1000,3278.668564
584.445728,504,3296.862392
753.299473,794,3326.51394
860.162039,729,3351.782236
950.821886,1000,3388.793329
912.644308,1000,3429.819499
329.59867,251,3438.80881
346.483431,283,3449.743166
934.603817,1000,3481.23503
877.052766,1000,3514.466403
901.638565,1000,3545.767431
744.352552,964,3579.008645
140.807499,158,3583.258121
608.380977,607,3602.103941
864.982771,904,3633.247131
231.142121,223,3639.548233
610.443102,684,3662.540725
110.034251,99,3664.686023
406.12711,375,3677.183619
197.249434,175,3683.427933
122.191852,98,3685.575049
797.702591,1000,3719.013428
866.794996,1000,3760.37962
794.469397,1000,3791.487964
1023.30901,1000,3824.791935
752.083923,689,3847.6388
135.380777,120,3851.780968
729.845107,666,3872.673503
327.959694,394,3885.205575
737.136029,1000,3918.564138
1055.875547,1000,3949.923391
999.004478,1000,3983.299989
446.023215,455,3997.903545
1085.962616,1000,4031.34224
686.300592,617,4050.276839
356.289804,360,4062.74159
227.679061,194,4069.002964
1007.435772,1000,4111.046706
827.369515,1000,4142.349434
816.186603,1000,4175.635484
286.916691,252,4183.94165
461.953089,379,4196.558601
601.840738,485,4211.308821
840.692866,1000,4244.844533
1113.030374,1000,4278.235121
733.67254,601,4297.143117
1262.721128,1000,4330.6409
1061.151742,1000,4362.191648
546.567886,533,4380.898312
1117.256725,1000,4412.351419
1137.776464,1000,4451.349433
822.370909,1000,4482.772625
978.484783,1000,4516.138216
908.703799,1000,4549.432624
1116.826442,1000,4580.76094
1164.109964,1000,4614.107488
960.773822,1000,4647.444537
1151.914409,1000,4678.827033
962.512911,1000,4712.276052
101.978816,78,4714.399709
1103.052403,1000,4747.769716
276.024606,218,4762.216259
1005.594242,1000,4795.518714
908.972623,1000,4826.939864
1033.355256,1000,4860.391954
759.202469,1000,4893.866111
99.002378,75,4895.959107
163.960114,136,4900.142832
791.344953,1000,4933.56966
886.64405,1000,4964.97986
769.81432,1000,4998.40345
487.195274,491,5013.140823
1303.335387,1000,5046.73637
1067.22414,1000,5080.271533
331.345822,243,5086.679686
784.931015,1000,5128.92002
1095.613464,1000,5162.543708
1368.018101,1000,5194.213858
160.008626,112,5198.410133
1174.590306,1000,5232.01795
791.355466,584,5250.815784
545.88669,498,5267.628672
815.017682,603,5286.703118
967.561381,1000,5320.347314
318.339333,330,5330.980582
1194.589662,1000,5362.784766
1239.822999,1000,5396.480451
1093.033575,1000,5439.223069
1342.393412,1000,5471.00457
1355.09128,912,5502.714549
1434.906294,1000,5534.502639
319.852055,230,5542.861108
1456.609347,1000,5574.452185
1161.301043,1000,5607.934998
437.909364,482,5624.570381
1141.542411,787,5649.670373
942.522816,661,5670.597206
1362.483392,1000,5703.904187
76.150103,64,5705.987338
1169.490147,823,5733.197858
1408.223496,1000,5773.439216
551.600709,393,5785.892253
1253.94769,1000,5819.524012
1532.83248,1000,5853.230063
1475.335988,1000,5884.798651
1437.511584,1000,5918.290677
1542.83041,1000,5951.749425
463.187805,297,5960.209044
1333.689651,1000,5993.760712
1428.743181,1000,6025.316032
1526.728596,1000,6058.991702
1431.358499,1000,6092.345426
356.060508,249,6109.398288
1486.685438,1000,6140.935992
1381.293309,866,6170.335381
1524.326028,1000,6201.729653
1203.324425,1000,6235.177237
1477.518442,1000,6268.577692
1551.160999,1000,6300.393253
1374.821139,897,6329.642022
1495.301235,1000,6363.058756
1536.354021,1000,6396.536498
1291.683437,851,6423.965706
1503.880932,1000,6464.118626
1536.782386,1000,6497.693186
1495.826593,1000,6531.469889
1566.070221,1000,6563.106121
1608.159771,1000,6596.642369
1597.282666,1000,6630.161975
1593.021669,1000,6661.763049
1561.790032,1000,6695.223458
1603.941903,1000,6726.631257
1521.67485,1000,6760.029885
1567.126846,1000,6801.905136
1626.521699,1000,6833.313627
1583.39008,1000,6866.739173
1588.0424,1000,6900.11909
1617.550256,1000,6931.573433
1399.993264,877,6960.832711
1613.232791,1000,6994.272795
1614.89808,1000,7025.690698
1683.914664,1000,7059.115382
1616.903767,1000,7090.629359
1586.858791,1000,7132.650953
1626.911163,1000,7166.231659
1654.887675,1000,7197.757316
1660.133691,1000,7231.176209
1587.302561,1000,7264.716738
1485.500605,1000,7296.285436
1634.070797,1000,7330.24152
1627.663085,1000,7361.844998
1637.253779,1000,7395.778928
1487.925464,1000,7431.244725
1687.50392,1000,7472.121049
1696.731758,1000,7506.023954
1701.173491,1000,7539.847311
1599.235816,1000,7571.729083
1716.120326,1000,7605.634455
1616.149355,1000,7637.465588
1650.472212,1000,7671.487267
1721.917181,1000,7705.376905
1643.572502,1000,7737.153147
1621.912603,1000,7770.93277
1401.648416,871,7809.382301
1715.626671,1000,7841.134093
1252.963309,741,7866.333494
1717.453439,1000,7898.109993
1702.16793,1000,7931.654956
1698.555173,1000,7965.218531
1716.75097,1000,7996.818249
1713.038116,1000,8030.555931
1712.664617,1000,8062.30927
1578.686659,1000,8095.802742
1699.148094,1000,8138.819845
1705.105507,1000,8169.911046
1515.285262,913,8201.34923
1743.05714,1000,8232.897326
1695.356992,1000,8266.655265
1738.774342,1000,8300.227134
780.277877,464,8315.18955
1680.568119,1000,8346.947814
1703.872723,1000,8380.618273
1696.396556,1000,8414.412514
931.550977,554,8431.228396
1644.998612,1000,8474.478242
1710.596804,1000,8507.379999
1710.589607,1000,8538.816879
1709.884828,1000,8572.37672
1735.110935,1000,8604.177226
1639.834193,1000,8637.783456
1697.296094,1000,8671.173763
1633.712467,1000,8702.660562
1773.621517,1000,8736.382479
1757.48364,1000,8769.77324
1709.406728,1000,8811.223804
1757.223858,1000,8844.293197
1767.67963,1000,8876.154363
1723.296925,1000,8909.701009
1755.733124,1000,8943.206938
1734.524819,1000,8975.062717
1730.33107,1000,9008.90242
1777.949496,1000,9043.023738
1714.114002,1000,9074.829417
1709.208966,1000,9108.728195
1749.266917,1000,9149.873096
1256.48383,726,9174.609083
1776.373336,1000,9206.238305
1736.554842,1000,9239.928226
1786.252782,1000,9273.662247
1758.451073,1000,9305.262747
66.917119,55,9307.334326
1738.8881,1000,9341.019662
1786.89857,1000,9372.723858
1710.773387,1000,9406.304228
1780.011311,1000,9439.917971
1747.046939,1000,9471.501703
21.527091,17,9473.50954
1809.046594,1000,9514.170339
1801.650715,1000,9547.82889
1731.746677,1000,9579.401584
1827.083429,1000,9612.927026
1800.858224,1000,9646.542135
1810.263034,1000,9678.182648
1767.770243,1000,9711.641549
1746.904934,1000,9745.272524
1832.121163,1000,9777.158465
18.886234,14,9777.185318
1786.589339,1000,9811.071671
1800.438929,1000,9853.677367
118.520002,78,9855.793965
1788.889951,1000,9887.542097
1804.226297,1000,9921.19672
42.53382,57,9923.326738
1780.698483,1000,9957.248431
1792.297703,1000,9988.906469
1824.213296,1000,10022.628041
1810.722988,1000,10054.508433
1771.379619,1000,10088.324376
1793.83835,1000,10121.917788
1770.468583,1000,10162.954299
1794.976563,1000,10196.127311
1811.375233,1000,10229.874335
1815.314682,1000,10261.651209
674.806588,382,10274.304777
1822.016748,1000,10307.982252
1831.06196,1000,10339.878105
1787.205544,1000,10373.505826
1814.378061,1000,10407.179945
1764.438383,1000,10438.86849
1812.012401,1000,10472.599205
1831.655801,1000,10515.376148
1791.500968,1000,10547.265229
1820.975897,1000,10581.105778
1813.821421,1000,10612.95755
1794.399144,1000,10646.926181
66.328022,50,10649.00307
1818.343204,1000,10680.996961
1830.383245,1000,10714.688675
1831.705421,1000,10748.727516
1812.505781,1000,10780.510381
1804.433559,1000,10814.194167
1823.929911,1000,10857.727603
1843.937237,1000,10889.610517
1808.859581,1000,10923.549903
1814.974864,1000,10955.355491
1863.466773,1000,10989.304454
1840.993107,1000,11023.312283
1848.493816,1000,11055.199645
1817.55433,1000,11089.153102
1861.41592,1000,11123.239887
1818.88324,1000,11155.01071
1807.508839,1000,11197.593244
1819.096848,1000,11229.624815
552.851407,326,11242.368646
1810.134926,1000,11274.204312
1849.227297,1000,11308.071821
1885.297045,1000,11339.976403
1839.021161,1000,11373.750236
1811.017896,1000,11407.668404
1827.521103,1000,11439.503157
1806.476771,1000,11473.374009
1890.804182,1000,11507.562441
1834.253107,1000,11548.316368
1851.021314,1000,11582.432283
1846.718831,1000,11614.481347
1828.638593,1000,11648.334995
1814.326781,1000,11682.048259
1853.202723,1000,11713.795426
1742.85253,1000,11747.507113
1832.187909,1000,11781.365214
1830.906243,1000,11813.181382
1801.354461,1000,11846.966029
1855.661061,1000,11887.284549
1877.678142,1000,11920.944315
1841.621936,1000,11954.653411
1832.383251,1000,11986.303037
1819.061352,1000,12019.978151
1831.833542,1000,12053.656515
1856.507973,1000,12085.393747
1871.837157,1000,12119.101401
1836.802088,1000,12150.800776
1859.418931,1000,12184.432046
1825.180337,1000,12226.684454
1845.848537,1000,12258.542792
1843.664261,1000,12292.31978
1820.990047,1000,12326.090014
1879.867691,1000,12357.775066
1853.924456,1000,12391.510351
1838.135396,1000,12423.207954
1838.212105,1000,12456.948457
1845.808685,1000,12490.649409
1839.792024,1000,12522.356421
1861.807024,1000,12564.836661
1825.861858,1000,12598.650512
1785.109703,1000,12630.407697
1915.639413,1000,12664.109625
1885.1572,1000,12695.817048
1839.957027,1000,12729.549437
1868.659066,1000,12763.380923
1866.67372,1000,12795.184685
20.340487,37,12797.257819
1851.957099,1000,12831.182278
1865.114457,1000,12862.962326
29.502231,24,12864.962433
1929.046758,1000,12905.574405
50.273885,52,12907.669339
1891.632327,1000,12941.499026
1908.340467,1000,12973.44523
1904.702789,1000,13007.373237
1853.637567,1000,13039.221385
1842.971625,1000,13073.084343
1886.145751,1000,13106.947518
100.396611,64,13109.040465
1817.704764,1000,13141.764167
1928.836461,1000,13178.24832
1900.048113,1000,13214.68472
1943.640811,1000,13259.736541
1877.399116,1000,13296.122476
1940.497449,1000,13330.48741
1892.121692,1000,13364.996057
1890.934125,1000,13398.994214
1921.600938,1000,13430.923232
1920.378141,1000,13465.052625
1915.516727,1000,13499.340467
1472.72918,762,13522.927372
1916.163633,1000,13556.711834
1932.288868,1000,13600.21681
1954.85027,1000,13632.382661
1959.836723,1000,13666.307121
1975.858645,1000,13700.403501
1972.074374,1000,13732.506291
1981.797097,1000,13766.687785
1938.207149,1000,13798.802946
1942.244783,1000,13832.969158
1947.099288,1000,13867.161543
1959.433021,1000,13899.086433
1924.169722,1000,13942.904003
346.790363,193,13949.322706
1912.707908,1000,13983.610572
1934.355082,1000,14015.759483
1938.920768,1000,14050.004778
32.740875,26,14050.059967
1970.598978,1000,14084.115789
1904.001188,1000,14118.30526
674.913372,344,14128.982103
1930.32435,1000,14162.958531
1911.569837,1000,14194.952405
1907.873129,1000,14228.974532
1956.057623,1000,14267.960486
1929.255415,1000,14301.98859
2004.439216,1000,14335.976861
1981.460249,1000,14368.222866
1965.898321,1000,14402.508723
1884.683806,1000,14436.640543
1848.296635,1000,14468.888757
39.539571,32,14470.950257
35.558635,28,14471.010131
1970.711432,1000,14505.2852
1976.704278,1000,14537.599142
1962.353878,1000,14571.747895
1938.58647,1000,14615.872696
1470.840488,757,14639.648805
1408.538886,747,14665.35632
1932.598499,1000,14699.604998
1912.197186,1000,14732.084156
1510.060769,791,14759.882013
1052.307511,543,14777.185156
1904.593192,1000,14811.457871
1922.84114,1000,14843.686182
1992.477617,1000,14878.023159
1965.620716,1000,14912.060551
20.58513,15,14912.093278
1974.035581,1000,14958.360809
1947.793159,1000,14993.457213
1974.93671,1000,15030.586327
1929.946871,1000,15065.271867
1986.270239,1000,15101.858648
1962.320735,1000,15138.658687
1931.641598,1000,15173.167827
1954.530396,1000,15209.931355
1964.293814,1000,15246.602926
1920.759723,1000,15281.356655
1940.590704,1000,15327.084394
466.717783,239,15336.272234
82.551397,61,15336.409151
1991.484821,1000,15372.890121
2017.93665,1000,15409.567358
2016.072466,1000,15444.110301
1968.192254,1000,15481.011879
1975.647516,1000,15517.859085
460.927453,245,15524.939709
2018.366834,1000,15562.130402
1995.78081,1000,15599.955277
2012.192037,1000,15635.179426
1535.711988,760,15662.82537
746.012375,384,15676.636908
1997.983507,1000,15722.096823
2035.771083,1000,15756.747418
965.616441,483,15775.378241
1967.447721,1000,15812.271944
1997.576664,1000,15846.939707
133.271241,79,15849.206828
2004.150926,1000,15885.785578
2019.379021,1000,15922.368652
1022.007512,513,15940.793325
1978.010254,1000,15975.246836
2029.95477,1000,16012.102041
2014.84468,1000,16048.682874
25.933734,19,16048.726404
27.564864,21,16048.774077
23.771524,17,16048.812674
79.935079,56,16059.629056
1972.256962,1000,16096.189091
113.531045,70,16098.470937
1999.639816,1000,16135.0836
1927.65843,1000,16169.834807
1980.967828,1000,16206.629422
1979.184903,1000,16243.63882
1659.754701,834,16273.521459
1980.930115,1000,16308.099487
2003.882798,1000,16344.605556
1956.531032,1000,16379.128451
1824.085581,969,16416.285809
1972.095107,1000,16459.611614
1975.848354,1000,16496.943676
1403.393724,738,16522.81093
2034.177893,1000,16559.817938
1961.500448,1000,16596.465972
1839.230501,1000,16630.823278
1994.166303,1000,16667.349224
1991.535916,1000,16704.073213
2033.582632,1000,16739.298618
2003.689639,1000,16775.97656
903.34579,454,16800.627318
1218.274781,615,16821.357717
1646.031957,829,16851.141914
145.342275,95,16855.653019
57.462947,54,16857.92282
1985.303654,1000,16892.412095
2022.296272,1000,16929.906916
2037.635416,1000,16967.211545
1988.404191,1000,17001.614692
486.210613,262,17010.785919
2028.548728,1000,17047.356116
2022.188983,1000,17083.939837
1337.575221,683,17107.048886
1424.582497,703,17132.28177
1648.014302,846,17170.722294
27.39727,25,17172.916754
2031.976413,1000,17209.564972
966.320522,475,17225.601911
21.657662,16,17225.640502
2028.184355,1000,17262.327953
2043.09522,1000,17297.294983
629.017015,317,17309.06936
2027.395248,1000,17346.61222
1974.823237,1000,17383.518478
48.592403,39,17383.607027
2004.143594,1000,17420.29901
2019.912578,1000,17454.767566
2007.596867,1000,17491.759684
1993.082977,1000,17537.497888
2014.898959,1000,17572.739935
2003.852077,1000,17610.0693
2011.397146,1000,17646.915244
2006.975024,1000,17681.400968
1983.89033,1000,17718.005371
2008.766276,1000,17752.646984
2047.686796,1000,17789.621604
1988.984417,1000,17827.078364
350.071949,191,17834.046903
2068.657529,1000,17869.143877
2006.160373,1000,17914.70729
833.479011,427,17930.948558
1995.227837,1000,17966.459544
1786.871136,878,17998.882088
1956.265917,1000,18035.572982
2023.254155,1000,18070.112711
1953.446515,1000,18106.677801
2026.359928,1000,18141.409543
40.846446,38,18143.653093
1981.364149,1000,18181.137087
1991.939035,1000,18216.171568
1994.458727,1000,18252.945738
32.590524,38,18255.189245
770.584522,390,18279.622804
1969.113714,1000,18314.303953
2001.332779,1000,18351.241872
1986.533801,1000,18388.303204
2007.745636,1000,18423.69736
2048.711639,1000,18460.74938
18.249328,15,18460.785503
17.416141,15,18460.819957
1989.419531,1000,18497.47539
47.80643,52,18499.7332
1968.186373,1000,18534.302194
2036.216267,1000,18571.134865
1987.273199,1000,18608.084873
2006.229266,1000,18653.33322
2011.866745,1000,18690.233208
1433.676869,707,18715.66913
893.61108,452,18731.777201
2010.48915,1000,18766.601126
71.64178,59,18766.710712
1992.993605,1000,18801.022565
2003.873579,1000,18835.376189
1982.684772,1000,18867.632312
387.577694,206,18876.144855
1992.249948,1000,18908.422832
1976.221575,1000,18942.579146
70.415761,60,18944.72745
1996.986845,1000,18977.097559
1960.498471,1000,19020.035595
1999.326652,1000,19054.403893
231.378652,128,19058.696209
20.741952,15,19058.725699
1423.272078,708,19082.384216
1985.201824,1000,19116.667475
2009.437786,1000,19148.944312
1953.819137,1000,19183.252506
2015.759892,1000,19215.513908
2053.722815,1000,19249.877284
2006.581659,1000,19283.97764
2029.765216,1000,19316.262265
2006.041574,1000,19358.450866
1986.135711,1000,19392.913055
1993.291026,1000,19425.59028
2000.629338,1000,19460.13391
934.352827,468,19475.197357
2039.742587,1000,19509.563399
2020.419959,1000,19541.888988
2023.495723,1000,19576.269718
2001.863741,1000,19610.296515
2027.074301,1000,19642.553042
190.396209,112,19646.826408
1985.76309,1000,19689.826184
2015.372048,1000,19722.155401
2027.888933,1000,19756.5532
2027.619271,1000,19788.860942
1968.322024,1000,19823.217627
1744.73807,868,19853.245732
2022.382947,1000,19885.622334
2001.332963,1000,19919.911858
2002.290394,1000,19954.196938
2041.918753,1000,19986.497679
2046.364279,1000,20020.763838
1955.562071,1000,20060.923487
2053.397054,1000,20095.314825
2051.857915,1000,20129.664429
2035.606221,1000,20162.017315
2057.621499,1000,20196.400806
1778.900412,882,20226.458998
2087.205621,1000,20258.788011
2050.044912,1000,20292.907057
2077.116253,1000,20327.234149
2074.783515,1000,20359.557595
2047.769555,1000,20402.501933
2050.691033,1000,20434.74946
2075.975728,1000,20469.16779
2090.241237,1000,20503.579248
255.048587,144,20507.935874
2074.929809,1000,20542.610953
90.549981,68,20544.775007
2027.696925,1000,20577.313597
866.187922,429,20592.349546
2070.043679,1000,20626.500608
2011.216508,1000,20658.826555
2070.51789,1000,20693.16976
2082.349708,1000,20736.323055
2069.098281,1000,20773.422453
1992.799533,1000,20810.714674
2080.849053,1000,20843.703454
1123.481427,559,20863.258809
2084.801636,1000,20898.010615
2043.640236,1000,20930.687365
2083.883407,1000,20965.39944
2056.202459,1000,20999.427047
2036.798516,1000,21032.057912
32.74427,38,21034.172715
2092.424242,1000,21076.686446
2061.308296,1000,21111.30596
2095.804695,1000,21145.886364
2095.977503,1000,21178.645513
2048.795752,1000,21213.300844
1653.010856,822,21241.490303
2082.752541,1000,21274.131262
2042.28451,1000,21308.771136
2079.969507,1000,21342.841264
747.014294,376,21355.736125
745.886646,369,21366.66754
2040.670503,1000,21401.284476
2031.31973,1000,21445.581255
2090.177699,1000,21478.153703
1950.2917,946,21510.621005
2045.353707,1000,21545.090299
2097.136846,1000,21577.507331
2079.553644,1000,21611.95992
2087.225279,1000,21644.269916
502.920046,245,21652.725017
2096.664871,1000,21686.835181
172.742592,98,21689.073738
2076.897679,1000,21723.718872
2059.963175,1000,21758.292077
1421.013179,685,21788.856923
1418.820144,680,21812.583624
2092.415466,1000,21847.297702
1996.022067,965,21879.970216
2118.853264,1000,21912.546031
2009.849302,1000,21946.990272
2077.57426,1000,21981.553713
2064.087784,1000,22013.308024
1834.762218,897,22043.541416
1914.572744,945,22076.075927
2085.812148,1000,22120.140698
2087.805681,1000,22152.659547
2053.955531,1000,22187.073485
127.593522,77,22189.257338
2040.663808,1000,22223.725176
2091.49588,1000,22256.229594
2091.115905,1000,22290.837249
2072.599344,1000,22325.363415
1069.145055,520,22342.302975
2077.538127,1000,22379.131368
2079.846937,1000,22416.141639
23.674899,17,22416.18061
2072.471399,1000,22453.218337
2089.057652,1000,22498.565706
2087.94395,1000,22535.539951
2051.147505,1000,22573.067187
2088.936387,1000,22608.052327
2073.181615,1000,22645.11475
2093.861246,1000,22682.157887
454.175945,237,22689.204708
2097.948818,1000,22726.21858
2078.648406,1000,22763.251698
2110.372367,1000,22798.542714
2136.76316,1000,22835.542585
2053.206141,1000,22881.385365
2133.264184,1000,22918.472454
20.431985,17,22918.514531
505.044925,244,22927.774146
369.041902,185,22934.70949
2068.833597,1000,22971.68871
2115.106076,1000,23006.476122
2126.82428,1000,23043.380261
2091.639902,1000,23078.280662
2094.293913,1000,23115.094203
2138.669116,1000,23151.966568
2089.474537,1000,23186.701152
2135.582365,1000,23234.099185
2098.206411,1000,23271.065358
1548.074797,750,23296.717024
85.3856,57,23298.988754
2096.63528,1000,23336.18691
2114.934481,1000,23370.678519
2144.244841,1000,23407.295085
2120.640283,1000,23444.065803
2120.348051,1000,23478.91465
2102.723413,1000,23515.677252
2101.11838,1000,23552.467872
2133.028519,1000,23597.871633
2112.306736,1000,23634.871384
2091.532157,1000,23669.611988
2107.036392,1000,23706.636164
2115.139119,1000,23744.07925
1511.117407,742,23770.250184
2141.027868,1000,23807.868004
2056.41183,1000,23844.79999
2105.923397,1000,23879.56945
2115.250168,1000,23916.569292
1000.211765,511,23935.283982
2139.029107,1000,23980.817456
2114.026911,1000,24017.722857
2115.250929,1000,24054.840762
2109.753588,1000,24090.162416
2024.37454,1000,24127.708133
2084.755469,1000,24164.60098
1923.350433,914,24196.936925
2149.451251,1000,24231.780301
2114.708083,1000,24269.21736
2143.421047,1000,24307.010094
259.25898,134,24311.684582
2096.999945,1000,24356.990674
371.443693,188,24363.955292
2121.712506,1000,24401.065094
18.701907,17,24401.103827
20.862302,20,24403.286587
2079.46148,1000,24438.632458
915.769267,441,24455.036452
1603.805228,779,24483.274226
2113.451331,1000,24520.088319
2157.667564,1000,24556.827428
2103.908534,1000,24591.407126
2094.447065,1000,24628.255162
2134.247679,1000,24663.149595
22.847141,17,24665.365953
20.965825,15,24665.399598
2120.481426,1000,24702.997075
2160.090319,1000,24748.237391
2040.998773,1000,24785.163238
2130.032107,1000,24820.201553
2094.113349,1000,24857.965955
2141.167965,1000,24895.305037
2113.480126,1000,24930.004034
2153.155818,1000,24966.786426
2177.991113,1000,25003.610491
2074.062105,1000,25038.576487
595.686166,294,25050.0409
2113.766133,1000,25095.44341
705.379729,336,25109.139751
2110.66921,1000,25143.957962
2121.172949,1000,25180.975409
2092.830394,1000,25216.114478
2026.103432,1000,25252.915749
2118.7304,1000,25289.600709
2132.499316,1000,25324.35231
2120.24361,1000,25361.653206
2120.572247,1000,25398.99788
2128.795735,1000,25434.634649
2149.597196,1000,25482.195286
2143.466699,1000,25517.14336
2141.968801,1000,25554.362713
2178.61766,1000,25592.063974
2123.817148,1000,25626.43924
2110.1287,1000,25660.53098
2131.751659,1000,25697.217505
629.226694,298,25705.921677
2124.506779,1000,25740.368006
2152.556146,1000,25774.641615
2159.883233,1000,25806.938243
2136.41844,1000,25849.932236
2160.336255,1000,25882.496264
2148.476808,1000,25917.144191
2146.901467,1000,25951.847739
2129.703401,1000,25984.591012
2156.311454,1000,26018.837326
2128.681528,1000,26053.310025
2162.685501,1000,26085.842778
2156.164381,1000,26120.344359
2105.306036,1000,26152.85066
2133.338022,1000,26197.05553
2187.644712,1000,26231.657173
2129.023285,1000,26264.224511
2145.196506,1000,26298.830636
2128.863806,1000,26333.213477
2115.319946,1000,26365.373007
2153.824126,1000,26399.795159
238.819409,126,26404.12875
2141.182233,1000,26436.665915
2145.716189,1000,26471.334045
2135.217401,1000,26506.12026
2153.840413,1000,26548.542647
2148.479077,1000,26583.377573
2167.308897,1000,26616.263307
2140.839827,1000,26651.055379
2149.804038,1000,26685.093857
2174.902885,1000,26717.625693
2187.111311,1000,26752.307424
2174.040431,1000,26787.086235
2125.614906,1000,26819.845464
2156.053432,1000,26854.591811
2133.43187,1000,26896.928985
2130.852185,1000,26931.59645
2187.671562,1000,26966.244737
2165.615425,1000,26998.871104
2146.108008,1000,27032.917731
2171.879896,1000,27067.784749
2136.653223,1000,27100.489975
10.969431,8,27100.507397
11.462075,9,27100.52697
10.455143,7,27102.579365
10.558095,7,27102.596469
8.95936,6,27102.609794
10.461665,6,27102.623012
10.852804,7,27102.63817
10.387936,7,27102.654533
9.115784,6,27102.667722
10.716282,7,27102.682988
9.170244,6,27102.696054
10.467336,7,27104.733159
10.184892,7,27104.748535
10.139924,7,27104.763973
10.26574,7,27104.778968
9.758513,7,27104.796399
10.746768,8,27104.813869
10.643464,8,27104.830904
9.837979,7,27104.84638
11.22284,8,27104.86529
10.433808,7,27106.928351
10.58627,7,27106.943712
10.513104,7,27106.959474
10.616021,8,27106.979182
10.236559,7,27106.994807
10.724896,8,27107.012802
11.030784,8,27107.030522
11.117632,8,27107.049226
10.115584,7,27107.064746
10.511584,8,27109.13679
9.625599,7,27109.152056
10.049645,7,27109.169108
10.350071,8,27109.186665
9.219029,7,27109.201799
9.287162,7,27109.217451
9.684068,8,27109.235983
10.64252,8,27109.253389
2080.446068,1000,27144.034224
2172.193636,1000,27178.73357
2189.300845,1000,27221.015165
2106.390131,1000,27255.596188
2151.74376,1000,27290.286823
2194.94087,1000,27323.02306
2137.015715,1000,27357.773925
2130.81997,1000,27389.789001
2153.742046,1000,27424.478376
2145.322186,1000,27459.365348
2148.784457,1000,27492.191819
754.694536,355,27505.234717
2171.657624,1000,27538.141207
2168.724637,1000,27582.631292
22.774184,18,27582.666506
2170.576307,1000,27617.543806
2179.446203,1000,27652.567496
2144.248007,1000,27685.432075
2174.308806,1000,27719.607676
2161.852469,1000,27754.327973
2166.359199,1000,27787.188543
2203.998088,1000,27822.086743
2209.963142,1000,27855.111717
2107.907666,1000,27890.26185
2185.003309,1000,27934.761302
2153.824414,1000,27967.79652
2130.063298,1000,28002.819078
2189.903906,1000,28037.77231
2169.863698,1000,28070.135065
1491.026359,698,28093.996433
2175.631294,1000,28128.758042
2188.5279,1000,28161.504113
2186.089095,1000,28196.277083
2193.964718,1000,28231.078813
2196.131678,1000,28273.587073
1951.080254,904,28304.176962
73.068275,55,28306.330207
2210.355697,1000,28341.197094
1155.012628,534,28358.863916
1857.928929,866,28389.592911
2143.115156,1000,28421.713214
2181.061742,1000,28456.467324
2154.184008,1000,28491.323247
2164.499079,1000,28524.075671
2184.56643,1000,28558.771589
396.119398,194,28565.275455
2126.744267,1000,28598.051913
2173.961011,1000,28642.528895
2166.617434,1000,28677.318295
2191.133327,1000,28710.119248
2169.491721,1000,28745.03085
2134.910152,1000,28779.200908
2141.818386,1000,28811.998569
2174.684453,1000,28846.809737
2182.596136,1000,28879.621423
2179.298532,1000,28914.359995
601.639354,290,28925.179304
1363.609674,621,28944.895352
2156.374311,1000,28989.198354
2133.675835,994,29021.964232
474.410412,232,29030.640527
767.955201,383,29043.596151
2178.061891,1000,29078.334685
2167.364879,1000,29110.397744
2185.876349,1000,29145.2307
2194.265936,1000,29180.080231
2160.066195,1000,29212.854538
2152.746048,1000,29247.699443
2127.207508,1000,29280.522429
2164.329805,1000,29324.393667
2154.44229,1000,29359.153939
2162.251517,1000,29391.98613
2182.362253,1000,29426.841655
1003.128738,469,29442.1296
2170.690893,1000,29476.376574
2178.166543,1000,29511.364707
2144.699323,1000,29544.479894
2133.324197,1000,29579.372933
2168.755699,1000,29612.099557
2141.646956,1000,29646.975757
1387.710415,675,29680.50961
2101.108456,1000,29713.293127
1153.403245,561,29732.947209
2204.940192,1000,29767.829523
2138.027695,1000,29800.153773
2136.027991,1000,29835.064836
2144.825088,1000,29868.053483
2149.144672,1000,29903.247313
2171.830401,1000,29938.419609
2174.064419,1000,29971.249231
2208.932666,1000,30014.437542
2151.787436,1000,30049.316608
2213.555123,1000,30082.081704
2178.659952,1000,30116.960703
2115.433356,1000,30149.244836
2108.378844,1000,30184.222208
2214.464568,1000,30219.314865
2185.205638,1000,30252.332337
2172.681526,1000,30287.227632
2202.529005,1000,30322.22704
2188.630773,1000,30364.631634
2166.779846,1000,30399.478453
2156.157997,1000,30432.349972
2205.601814,1000,30467.121759
2182.251002,1000,30501.350731
2194.572679,1000,30534.295352
2166.514615,1000,30569.319337
2166.067852,1000,30604.353738
2157.040189,1000,30637.16437
1280.123157,597,30658.90222
1479.136396,676,30680.816822
2173.4053,1000,30725.453109
2149.564009,1000,30758.300742
2170.397403,1000,30793.146551
2171.529118,1000,30827.900161
2161.666326,1000,30860.087893
2178.35582,1000,30895.305446
2193.40427,1000,30928.240829
2189.43,1000,30963.357938
62.130189,54,30965.521592
2205.647057,1000,31000.261293
2196.011452,1000,31033.131038
1400.768431,644,31064.662195
2176.748781,1000,31099.483919
2145.89681,1000,31132.312544
150.464155,84,31136.596939
2178.229784,1000,31169.413274
2158.262659,1000,31203.78362
74.430816,61,31205.973769
2213.680758,1000,31241.042773
2142.494503,1000,31273.82697
2123.713056,1000,31308.712647
1284.070152,588,31328.388727
2216.77535,1000,31363.245693
593.041099,284,31372.024519
2221.217224,1000,31416.237043
2156.28279,989,31449.056892
2169.775539,1000,31483.702682
2193.992986,1000,31516.303572
2175.5275,1000,31550.270662
2178.214118,1000,31584.968029
2181.573028,1000,31617.86312
2178.495427,1000,31652.939205
2207.24317,1000,31687.697891
2196.52403,1000,31720.439809
2215.993547,1000,31764.789681
2182.645124,1000,31797.628628
2192.189469,1000,31832.377886
2169.852502,1000,31867.194012
2145.026285,1000,31899.35934
2198.057135,1000,31934.150127
2206.721704,1000,31968.992216
2193.639076,1000,32002.009965
2213.667891,1000,32036.922688
2216.663833,1000,32069.722732
1072.474872,496,32087.028201
382.186837,187,32093.571136
2195.413347,1000,32138.133824
2211.184479,1000,32171.020412
2205.145784,1000,32205.770903
2205.829121,1000,32239.917144
2184.008087,1000,32272.736378
2183.077927,1000,32307.515827
2226.672305,1000,32342.558843
441.684204,216,32349.203125
2206.837757,1000,32384.355414
2192.027767,1000,32417.48629
544.269458,260,32426.331918
2185.835111,1000,32471.147941
2173.201466,1000,32504.264467
2196.659778,1000,32539.272761
2188.608001,1000,32574.163975
2187.109804,1000,32606.428674
2217.18398,1000,32641.509886
2183.442944,1000,32676.404819
2192.868815,1000,32709.146816
2143.959097,1000,32743.897699
2197.166456,1000,32776.675631
2184.268468,1000,32821.053961
2203.432559,1000,32855.724007
2212.683844,1000,32888.384526
2186.057857,1000,32923.098502
2231.638018,1000,32957.214862
2206.606133,1000,32990.056064
2217.164156,1000,33024.715174
2224.878998,1000,33057.267533
1679.386296,770,33083.285058
2210.62464,1000,33118.116823
650.847703,304,33129.06718
2198.307473,1000,33170.205358
2201.565135,1000,33204.814179
2140.042653,1000,33239.467585
2204.626599,1000,33271.885745
2167.784527,1000,33306.171525
2220.954177,1000,33340.709547
2202.578483,1000,33373.204166
2188.886937,1000,33407.779948
2218.439657,1000,33440.299561
2172.705764,1000,33474.783832
2217.270675,1000,33517.804718
2218.41649,1000,33550.229221
2170.224234,1000,33584.619313
2213.690312,1000,33618.995523
2204.058161,1000,33651.283685
2188.21582,1000,33685.751764
2188.048986,1000,33718.192937
2224.983791,1000,33752.601991
2228.458182,1000,33787.068751
2195.483226,1000,33819.52369
2213.483198,1000,33862.47177
2218.437642,1000,33896.95422
2209.71522,1000,33929.437342
2199.755358,1000,33963.753358
2203.896569,1000,33996.144664
2222.379254,1000,34030.628998
2206.931659,1000,34065.108105
2232.907486,1000,34097.563205
2206.566093,1000,34132.078625
2211.267372,1000,34166.583838
2203.403521,1000,34207.58656
2164.572614,1000,34242.071437
2205.30464,1000,34274.586253
1864.92906,850,34304.705394
2235.24797,1000,34329.527998
2197.721016,1000,34353.208125
2223.353657,1000,34376.957485
2206.792761,1000,34399.275662
2216.91099,1000,34423.002469
2251.226611,1000,34446.720047
