#{"t_start": 1626372324.5839834, "env_id": "HopperBulletEnv-v0"}
r,l,t
17.13645,7,0.095645
19.411622,12,0.110451
17.4635,10,0.123115
20.139862,8,0.132984
18.736607,16,0.154471
18.842999,8,0.164122
20.246585,11,0.17914
16.991355,11,0.192577
18.662069,8,0.203933
18.977198,10,0.216352
16.377163,6,0.224554
19.288609,10,0.234948
17.986421,15,0.251441
19.38914,15,0.266247
22.177238,16,0.281537
18.025104,18,0.299065
19.954209,9,0.309469
18.435879,12,0.322423
17.27894,6,0.328916
22.803313,22,0.352364
20.26015,12,0.366283
19.922728,12,0.381927
15.478293,11,0.39593
18.709931,8,0.406395
16.161468,8,0.417291
20.560247,12,0.432612
17.564687,6,0.44017
21.536232,10,0.453185
19.34013,9,0.465029
20.756739,13,0.481771
20.610796,17,0.503045
20.022221,8,0.51283
20.524502,12,0.529146
21.121423,10,0.541984
16.465327,5,0.548976
22.495861,14,0.566567
26.65027,16,0.587301
21.946484,18,0.609036
17.293626,12,0.623971
20.360883,9,0.636055
20.882118,12,0.65193
19.554341,7,0.661206
19.143366,8,0.671241
21.067478,15,0.68949
22.543302,10,0.702824
18.673139,19,0.726336
21.586531,17,0.746992
18.391641,6,0.75511
20.596184,10,0.768703
16.369978,10,0.781389
19.633827,8,0.791106
16.786939,13,0.807774
23.022809,17,0.829588
18.524429,8,0.839228
16.705626,15,0.858243
21.024466,22,0.884994
24.673167,23,0.914416
18.345595,11,0.928692
16.917707,8,0.938329
21.871765,14,0.956391
24.359455,14,0.975511
19.538559,10,0.987772
17.961301,14,1.005241
22.977212,12,1.020074
28.944549,19,1.045169
24.171751,20,1.069352
19.015414,8,1.079194
27.993544,24,1.108449
23.144071,14,1.127434
18.385277,8,1.137712
18.775911,21,1.163352
17.139865,11,1.176758
20.687053,12,1.193224
19.66471,10,1.206142
6.332462,15,1.224274
27.732609,18,1.246639
22.140835,10,1.260329
17.804796,8,1.270675
24.506084,19,1.294663
19.598445,10,1.30699
14.985899,18,1.331011
19.287901,14,1.348048
18.69776,9,1.3596
17.894044,10,1.372268
19.427944,7,1.383564
19.760955,13,1.399064
24.626024,13,1.415139
19.346577,8,1.425262
19.565931,8,1.437289
17.863866,10,1.450097
20.751463,16,1.478622
22.726101,13,1.508029
22.345448,11,1.52306
18.652537,15,1.54159
27.486151,26,1.579288
28.254789,22,1.609546
23.305604,16,1.63095
17.557608,7,1.640541
18.084964,11,1.654562
15.469398,12,1.669658
17.624474,10,1.683464
17.089302,10,1.69659
20.420588,12,1.711787
18.668825,7,1.720782
19.224126,10,1.73524
26.389364,18,1.756884
15.00411,12,1.771672
19.195817,8,1.781916
22.09841,14,1.800769
20.495871,16,1.821507
14.023816,12,1.836337
21.062633,17,1.857693
22.918041,11,1.872772
17.652063,11,1.887255
15.740231,12,1.902142
13.590101,14,1.91923
17.934733,10,1.93301
21.568689,12,1.947707
21.819592,9,1.959088
23.806947,16,1.979434
20.303753,9,1.992049
18.771751,11,2.006359
18.676262,8,2.01632
18.949851,13,2.032439
22.450681,11,2.047548
30.880663,24,2.077532
21.376211,9,2.088939
20.590218,16,2.108866
22.659732,10,2.122982
16.966651,18,2.145883
20.162297,7,2.154897
18.949971,7,2.164039
16.561957,16,2.184931
14.438662,11,2.198842
20.080654,13,2.215378
22.582826,13,2.231302
16.302193,15,2.25099
23.138471,13,2.266867
19.605659,7,2.275799
17.635017,9,2.287312
22.602496,18,2.311789
12.522039,15,2.330427
26.30318,17,2.351217
18.178037,12,2.365817
20.810986,9,2.378481
20.095983,14,2.395898
19.867748,10,2.408477
16.740558,10,2.421064
23.796744,11,2.436653
23.653056,14,2.453425
19.859328,7,2.46307
20.45445,12,2.47863
22.495804,11,2.493807
21.278428,13,2.50953
23.22142,19,2.533384
21.248066,12,2.548933
18.232179,6,2.558243
18.185691,11,2.571776
17.148599,9,2.583583
15.073577,11,2.596741
22.107266,12,2.613644
18.243487,9,2.625014
18.849007,12,2.640284
18.809348,10,2.652886
21.469646,12,2.669436
22.139029,16,2.688969
22.434406,14,2.706095
18.341864,8,2.71699
14.874922,5,2.72506
19.59404,8,2.735381
23.906914,15,2.753858
22.042975,12,2.768584
22.654873,12,2.784613
21.996225,10,2.797517
18.175688,7,2.806562
18.365568,9,2.81823
24.659723,15,2.837867
21.353231,16,2.857924
22.891674,13,2.875335
22.199283,19,2.898223
23.504731,12,2.914305
17.236953,5,2.92107
21.656131,14,2.938982
22.437285,18,2.9622
19.518744,6,2.971332
20.187798,9,2.983181
20.526147,8,2.993359
18.312823,9,3.004533
20.283657,12,3.020159
19.844264,13,3.035466
24.025599,15,3.054581
18.134922,12,3.069669
22.56825,11,3.084635
21.302772,9,3.09614
22.8456,23,3.12473
18.362163,11,3.138229
17.224187,6,3.147133
24.625544,19,3.17035
20.239156,17,3.191345
22.354145,11,3.205869
20.470117,9,3.218968
22.394542,12,3.23426
20.392929,15,3.252569
16.383752,10,3.26519
23.637622,11,3.280296
18.368104,12,3.296014
21.591863,13,3.311989
17.881612,6,3.319726
18.613888,6,3.32894
17.428893,7,3.337875
17.433677,7,3.346931
22.225202,17,3.368226
20.946811,8,3.379735
22.123501,12,3.394546
13.605506,10,3.406844
9.651456,14,3.42412
20.854392,11,3.439354
18.943567,11,3.453499
19.234047,13,3.469909
20.484105,12,3.484239
19.338416,14,3.50269
20.141048,10,3.515412
26.184745,18,3.537949
16.837176,16,3.557514
23.710836,12,3.574118
21.275023,14,3.59129
25.654628,13,3.607325
28.184443,17,3.628223
21.147427,15,3.647788
16.317931,6,3.65608
18.562244,8,3.666028
19.39769,12,3.681045
21.17518,12,3.697953
18.194484,8,3.708524
19.266822,6,3.71642
17.620652,17,3.737302
26.107648,15,3.756641
19.46321,9,3.768324
20.307944,12,3.78376
21.683122,9,3.79499
18.9774,8,3.807138
19.063894,12,3.821879
19.987876,9,3.833549
19.38676,11,3.847425
19.254338,8,3.859378
17.951264,8,3.870416
18.157642,7,3.878917
27.406958,19,3.902695
21.916954,10,3.91675
20.69509,8,3.926954
19.606972,9,3.938861
26.911059,23,3.967313
16.594138,9,3.979814
20.077307,9,3.991038
21.802335,14,4.008078
18.542469,10,4.020525
20.934548,16,4.042254
19.065719,7,4.051592
19.852558,7,4.060893
24.749438,14,4.078935
19.686955,13,4.096201
19.350501,10,4.109307
18.628515,10,4.121568
25.395356,24,4.150121
21.380292,10,4.164475
21.284004,14,4.182284
24.438514,22,4.210215
17.689068,8,4.220404
16.074243,21,4.247507
18.82843,16,4.266995
15.185669,12,4.282089
14.605327,12,4.296837
19.483102,7,4.307637
16.84263,6,4.31582
18.254024,8,4.326249
19.491384,10,4.338851
18.661397,6,4.347998
19.274791,15,4.367188
24.168483,21,4.392579
22.797134,17,4.41363
16.329255,6,4.423117
22.708961,24,4.453371
18.749641,7,4.462543
16.169254,8,4.472807
22.760891,20,4.497681
19.165713,7,4.506773
21.582546,15,4.525969
21.312192,17,4.546353
22.569561,10,4.560654
22.02116,12,4.575765
19.036881,9,4.586811
17.600738,6,4.594669
12.435714,18,4.61864
17.389301,8,4.628962
17.063936,14,4.645822
18.678697,8,4.656022
22.806934,12,4.672892
22.420477,9,4.685122
15.408352,9,4.696585
18.617157,8,4.706599
21.169754,15,4.72572
21.63581,14,4.743074
18.15266,7,4.752246
18.003155,8,4.762671
21.210215,12,4.779696
15.598316,7,4.788666
17.639637,8,4.79922
18.895831,9,4.810972
23.243136,17,4.833571
18.334668,7,4.842798
21.416308,16,4.863147
22.321433,13,4.879421
22.591574,13,4.896696
19.740837,8,4.907431
17.573165,11,4.921388
16.763837,11,4.93592
14.489097,10,4.950353
20.202896,10,4.963874
23.296042,12,4.979099
20.110527,10,4.992088
20.974305,11,5.007004
19.887432,9,5.01908
25.376051,18,5.041938
21.992997,11,5.055863
19.098846,10,5.070188
20.343637,13,5.085803
20.078434,15,5.104632
18.197515,11,5.118344
24.706592,17,5.140309
9.060033,14,5.157759
17.020659,12,5.172861
25.982935,20,5.197936
19.799234,11,5.212919
18.553528,16,5.232865
16.266054,7,5.241597
16.165739,10,5.25432
19.969924,13,5.272283
19.117295,8,5.282387
20.933884,8,5.292511
17.707864,10,5.305658
22.15408,18,5.329373
21.457682,10,5.342048
17.41368,10,5.355186
16.948779,8,5.365209
22.932565,9,5.378064
19.622746,8,5.3884
16.550418,13,5.404538
18.263809,6,5.412674
19.577207,9,5.425474
22.647905,11,5.440176
20.232776,8,5.45016
22.831631,13,5.466235
15.610507,8,5.478077
18.093581,8,5.488368
21.402921,14,5.505208
20.911723,13,5.521726
19.874828,8,5.533188
21.993758,18,5.55581
19.853802,9,5.567052
18.20358,6,5.575044
14.359903,23,5.605429
19.996941,13,5.621891
15.914426,7,5.630841
18.181613,7,5.639968
18.689608,9,5.652424
15.724043,19,5.675813
18.600596,7,5.685341
22.041703,11,5.699589
19.943809,18,5.723065
15.165441,12,5.737721
23.948,12,5.752762
21.378024,21,5.779113
24.581313,13,5.796045
21.419571,9,5.807439
19.201001,12,5.821881
21.018176,10,5.834052
21.069419,12,5.851075
17.681433,13,5.867231
19.392182,15,5.886016
20.660662,10,5.898714
17.32349,6,5.907701
20.357607,20,5.932478
24.696905,16,5.951735
22.052388,16,5.971319
23.677716,13,5.988959
19.035307,11,6.002216
18.936869,10,6.015436
17.797959,23,6.04341
21.144961,12,6.059883
18.917968,7,6.068988
21.859164,11,6.082999
17.422469,7,6.092525
18.752569,13,6.110996
16.248669,6,6.118947
19.855645,14,6.136414
22.720307,13,6.152282
20.631199,15,6.172561
17.301317,12,6.187655
17.841865,6,6.195408
20.83781,11,6.209427
21.064496,10,6.223555
20.214203,7,6.232669
15.473801,8,6.242719
20.582339,10,6.255734
15.746809,12,6.271623
17.243565,8,6.281745
16.126942,6,6.289523
14.353564,13,6.305146
22.858327,12,6.321992
17.069757,9,6.333183
19.230604,14,6.350744
23.256451,17,6.371519
21.445043,9,6.383889
19.647176,8,6.393917
21.705441,14,6.411544
20.804882,7,6.4213
20.895178,9,6.434437
16.058315,17,6.455146
20.06713,7,6.464381
20.992142,11,6.478456
22.211606,14,6.496824
16.410338,7,6.506517
20.027742,11,6.520458
17.377934,19,6.543115
24.890017,16,6.564362
16.004116,6,6.572313
23.758799,13,6.588818
20.031503,12,6.603649
21.180289,13,6.621578
18.33305,10,6.634261
16.986121,6,6.642013
20.249117,9,6.65381
19.678479,14,6.67329
15.850421,14,6.691033
21.317293,16,6.711074
14.033804,18,6.733092
19.894283,9,6.74607
21.086873,7,6.755715
38.354225,36,6.7996
21.2338,13,6.815829
25.667399,16,6.83759
20.583915,23,6.866815
26.382793,15,6.884931
43.94805,40,6.934802
20.96787,16,6.956061
18.91602,14,6.973703
23.330054,18,6.997306
16.288939,9,7.008885
25.379692,18,7.032464
19.526919,16,7.051718
22.525035,13,7.067846
19.57477,10,7.081347
20.57872,20,7.106994
21.015992,13,7.123051
22.552379,11,7.136747
18.831406,12,7.151282
20.824798,8,7.163898
21.290008,20,7.189549
19.493149,8,7.200032
16.513196,9,7.211138
20.262355,8,7.222713
23.475167,22,7.249977
19.226487,8,7.260003
23.676306,15,7.277921
21.686157,12,7.294368
20.913777,12,7.30996
20.587302,16,7.331013
19.041106,10,7.343465
18.235231,15,7.363326
18.687416,14,7.38118
16.920165,8,7.391274
18.238586,11,7.40585
16.284063,7,7.416322
20.290454,12,7.431154
20.626514,8,7.441278
17.396687,12,7.456542
18.212053,10,7.470586
17.93258,8,7.481409
19.859622,8,7.49209
15.788663,8,7.502264
21.868933,10,7.515985
20.824878,15,7.533943
19.231664,7,7.543072
20.532108,13,7.558699
24.28469,15,7.579049
16.795776,11,7.593039
17.38506,7,7.601818
19.184776,7,7.611029
15.336294,9,7.623301
22.139224,14,7.640202
20.907895,6,7.64791
25.556978,13,7.664537
18.339448,11,7.679189
19.250816,12,7.693868
18.100122,7,7.702876
19.699589,15,7.721281
18.399783,10,7.735362
17.961285,6,7.743138
19.735802,11,7.756786
16.734739,6,7.764633
20.859659,15,7.783845
17.482297,13,7.799728
23.608655,15,7.819272
16.582461,13,7.835271
18.648444,12,7.85208
19.230165,14,7.869639
21.742575,14,7.887043
24.29653,17,7.908781
15.056179,12,7.925284
11.786219,25,7.956164
15.428686,8,7.967126
18.809885,9,7.978498
19.042921,8,7.99109
22.714548,17,8.012469
23.931914,19,8.036657
24.553515,16,8.057265
21.501678,22,8.086428
22.143536,14,8.103542
12.422436,8,8.11361
20.132466,14,8.130578
18.237112,12,8.148127
21.334978,10,8.160507
19.10742,10,8.173412
18.530028,8,8.184046
18.448935,13,8.201293
15.104987,8,8.21136
18.164645,10,8.223587
21.412658,15,8.242859
18.283912,9,8.25608
33.081423,25,8.287506
18.456178,7,8.296559
20.93283,13,8.313454
22.707288,11,8.32877
15.953635,6,8.336983
19.252269,13,8.353028
18.337057,7,8.365053
18.32026,13,8.382859
14.157652,10,8.395396
20.568233,8,8.406281
22.849214,14,8.424186
17.129593,16,8.445528
22.723778,20,8.469672
18.886014,14,8.488087
23.362901,14,8.506039
19.791068,12,8.522677
21.718376,9,8.534237
27.094008,20,8.559387
21.202581,21,8.586237
19.942932,8,8.598211
17.280447,9,8.609699
21.555571,9,8.621433
17.478397,12,8.636208
21.464566,11,8.652001
26.600381,19,8.675498
21.540718,12,8.690253
20.27774,10,8.703077
19.828095,9,8.716466
21.985865,15,8.735819
21.271317,12,8.751496
22.051163,12,8.766722
19.288649,8,8.778456
18.579543,10,8.791265
17.189606,8,8.801104
25.392184,14,8.818717
18.889182,10,8.833118
19.707954,8,8.843426
18.529495,12,8.858506
18.762199,13,8.874674
27.276802,16,8.895851
21.081705,8,8.906736
17.203951,8,8.916752
24.980743,16,8.936404
20.489055,9,8.949007
13.916737,11,8.962457
22.967234,13,8.978131
20.140775,10,8.991043
18.432308,9,9.003905
18.059018,7,9.013248
17.304815,5,9.019942
21.285983,14,9.037001
17.968809,7,9.047381
20.321994,7,9.056359
21.044541,11,9.070709
19.955523,10,9.083398
18.987428,13,9.101349
22.255255,9,9.112636
20.539481,14,9.129961
21.06345,9,9.141196
15.984527,10,9.155806
17.704678,6,9.163794
20.661842,14,9.181389
21.152253,8,9.192025
26.706323,16,9.213683
14.71559,11,9.227562
18.221992,8,9.238814
19.363363,13,9.255143
19.202481,16,9.276694
19.918068,10,9.289538
17.622306,32,9.331105
18.738477,11,9.345204
17.754319,11,9.360935
21.321576,16,9.380465
19.303277,16,9.400625
17.007294,7,9.409622
19.462838,11,9.42467
17.250746,10,9.436924
17.56255,8,9.447535
21.284011,13,9.463478
18.994953,10,9.477249
18.71015,12,9.492658
22.913806,9,9.504391
17.676465,10,9.51725
21.262184,12,9.534243
23.523424,15,9.553748
21.676312,12,9.569071
19.858143,12,9.583752
21.243053,10,9.597588
21.039099,9,9.609113
18.789807,7,9.617998
19.979676,10,9.63057
19.743179,10,9.644243
16.828581,5,9.651396
18.795169,8,9.661979
18.443065,7,9.671187
19.668764,7,9.681946
23.829249,14,9.699426
23.20734,15,9.718991
19.875125,7,9.728118
21.23057,10,9.743443
21.296457,17,9.765207
20.590944,8,9.775393
25.398521,16,9.795116
17.408221,6,9.804726
21.014016,10,9.818016
19.633752,9,9.830566
26.515339,14,9.849005
15.459928,9,9.862239
18.672533,7,9.870809
24.17671,11,9.885361
21.643521,14,9.903748
20.99337,11,9.920327
18.110163,7,9.929829
22.448378,9,9.941601
18.462655,7,9.951141
19.553398,9,9.964699
17.73594,6,9.972938
21.413765,18,9.996776
18.478659,8,10.007378
22.661129,9,10.020884
18.975432,7,10.030464
27.857217,16,10.05135
17.811689,7,10.060858
20.336778,16,10.083674
17.151302,7,10.093344
23.092312,16,10.11396
22.171418,16,10.134055
18.935349,10,10.146993
21.865441,11,10.160306
20.590353,14,10.178935
15.717676,10,10.191607
19.703917,8,10.203608
16.257559,13,10.220047
16.362756,5,10.227161
17.683819,16,10.247578
16.76548,14,10.272579
19.175303,12,10.284936
20.82696,13,10.299169
20.710524,8,10.311018
21.59269,15,10.332711
27.002145,20,10.360664
16.82286,8,10.37233
24.204231,20,10.399693
18.646507,6,10.410059
18.998069,7,10.420834
24.169355,14,10.44092
19.694201,6,10.450108
26.005941,15,10.472437
19.531044,12,10.490012
19.899809,12,10.506756
18.736333,7,10.517564
23.149554,25,10.554273
18.800765,8,10.566396
19.829434,8,10.578528
17.594378,10,10.592627
15.368391,12,10.611083
19.455357,11,10.627769
19.929422,7,10.638318
21.744127,17,10.662503
20.613111,9,10.677052
18.535764,12,10.694795
17.439354,9,10.706569
17.258541,8,10.719025
19.681887,8,10.73234
31.074956,21,10.7612
18.09968,17,10.785216
32.110112,26,10.822413
19.766554,13,10.843006
18.646508,7,10.852874
16.740906,6,10.862153
20.083597,10,10.87712
19.027162,20,10.907125
17.577471,8,10.91861
21.74672,12,10.935768
18.563057,10,10.949933
24.495381,16,10.974247
18.583953,11,10.990356
20.773323,13,11.00963
22.693694,12,11.026821
20.514954,13,11.046797
21.866081,12,11.064267
19.8714,7,11.074944
20.769433,10,11.089306
17.343668,8,11.103491
19.657389,12,11.120407
17.200182,7,11.130978
20.658141,12,11.14791
20.51107,10,11.164448
18.618155,9,11.177393
21.192336,12,11.195579
21.309643,11,11.211293
21.526231,13,11.232296
17.442556,8,11.243781
15.577372,10,11.258495
20.950888,12,11.27529
17.141249,7,11.287965
24.718877,18,11.312653
22.613781,17,11.335536
22.237477,25,11.369275
21.460623,9,11.383779
20.410214,10,11.39739
22.056468,12,11.413933
18.82276,8,11.425452
13.777932,8,11.43779
19.479104,9,11.450555
18.356141,8,11.462094
16.438821,7,11.472304
21.37225,7,11.484707
19.119811,7,11.494582
16.44252,13,11.512696
24.26005,17,11.535954
18.497148,9,11.550992
20.488856,15,11.573007
17.980015,10,11.586915
15.876654,13,11.605654
15.716721,8,11.61824
19.409732,8,11.630226
17.488052,6,11.638867
18.411048,12,11.655958
24.758339,14,11.677212
16.472514,16,11.699275
20.784379,10,11.713588
18.832445,7,11.723971
19.987977,12,11.742376
19.893063,17,11.766726
23.095498,15,11.787717
17.292866,12,11.804939
17.135486,11,11.822783
17.978833,9,11.835905
21.015381,11,11.852257
18.408637,8,11.864444
15.485639,7,11.876748
21.306433,17,11.901176
16.594792,5,11.908532
20.830646,7,11.918888
16.978684,10,11.93476
17.466946,7,11.945966
16.948687,9,11.95907
16.985256,7,11.9689
15.667437,17,11.993851
20.066253,11,12.009689
22.274978,21,12.03928
21.2543,11,12.054133
18.13905,8,12.067322
21.597837,12,12.083792
16.462373,6,12.0928
18.378152,7,12.10288
22.839942,23,12.135895
18.35426,9,12.148806
16.213043,6,12.157932
20.873304,14,12.175447
17.19859,6,12.184923
20.608033,15,12.203044
17.849909,9,12.215026
19.068386,11,12.229012
26.071876,15,12.249284
22.986079,16,12.269304
20.578996,11,12.283483
23.736588,17,12.305614
16.670839,10,12.320621
19.918697,15,12.341411
24.837612,16,12.363569
20.508723,17,12.388376
18.676222,13,12.408109
17.569651,8,12.419642
16.474558,9,12.432231
20.045642,11,12.447737
17.636232,8,12.460642
11.627669,8,12.472343
21.78211,11,12.488507
18.584997,13,12.507087
22.309021,12,12.525598
20.20242,9,12.538875
17.850315,10,12.552465
19.581102,11,12.568486
20.627144,10,12.584754
23.11642,20,12.612198
19.274383,9,12.625578
18.272801,10,12.639419
19.383546,14,12.660946
16.413621,8,12.673208
17.241999,9,12.686503
18.241773,17,12.709699
23.005725,15,12.731656
23.833756,14,12.751014
14.673025,10,12.766145
23.23228,17,12.789392
21.165513,13,12.80875
21.602336,11,12.824939
18.617824,12,12.841859
25.220853,20,12.870498
16.680363,11,12.888678
20.849803,10,12.902556
15.567609,19,12.928919
24.74534,25,12.964411
25.447187,18,12.991163
22.226645,11,13.007152
19.2007,13,13.024945
22.306332,11,13.0408
17.84413,8,13.054127
20.74822,10,13.068132
22.607227,15,13.088417
24.078705,25,13.122069
20.224325,9,13.13565
21.005221,8,13.147362
19.253992,8,13.158329
20.904417,8,13.169854
19.187697,10,13.18488
19.104527,14,13.204651
23.567083,12,13.221818
22.923822,10,13.23614
28.024051,19,13.262694
21.663074,15,13.282705
19.390797,8,13.294224
20.853197,15,13.314573
30.28557,21,13.694861
33.244155,38,15.660939
14.190312,5,15.672031
16.99276,5,15.683252
16.325259,5,15.716453
15.222292,5,15.727436
17.076684,5,15.738682
15.752049,5,15.750174
16.795678,5,15.76239
17.2109,5,15.774329
17.044529,5,15.785193
17.047355,5,15.79657
16.674141,5,15.809531
16.250805,5,15.820211
18.95129,11,17.696697
18.012398,11,17.720275
17.749677,10,17.758812
18.960596,11,17.782286
19.227431,11,17.805887
18.474631,11,19.685132
6.830706,9,19.726911
9.568815,8,19.743479
7.669747,9,19.762477
5.303844,9,19.78189
7.418261,9,19.802356
5.577438,9,19.821374
8.538596,8,19.838851
10.672486,8,21.727439
15.790921,9,21.763949
16.493861,10,21.785308
17.765205,10,21.806556
17.441628,10,21.827972
16.621246,10,21.851511
15.971974,9,21.870657
18.524628,11,23.748858
18.836233,11,23.772375
16.705009,11,23.81641
19.356193,11,23.839823
20.316523,12,23.865086
18.619713,11,25.738702
15.159037,10,25.782206
17.689558,10,25.803545
15.324586,10,25.82414
16.712003,10,25.845202
17.24299,10,25.868436
17.509779,11,25.891787
52.219902,56,27.847384
40.231857,42,29.812063
36.274321,37,31.737816
43.871557,48,31.83708
29.074835,39,33.743522
47.456076,46,35.710974
47.276187,62,37.802244
-0.61844,27,37.85954
4.240296,30,39.882564
-1.842655,29,39.9425
0.307158,27,40.018067
-40.01067,48,42.062559
-25.819806,53,44.106942
-17.142645,45,46.133512
-79.39144,165,50.344164
110.332077,78,52.421818
-125.060637,113,56.486387
1.826368,40,58.495414
8.826216,35,58.585049
-13.938368,49,60.631829
-71.036399,100,64.709409
25.51359,76,66.790241
-14.398601,30,66.871929
5.969001,27,68.851223
2.997784,26,68.904051
1.27925,26,70.86545
-0.421214,31,70.949877
-7.239815,37,72.93273
1.718927,25,72.982873
1.48804,27,74.959267
1.80105,32,75.045911
-0.139047,30,75.106268
83.602929,70,79.133156
-8.457462,69,81.189522
20.57722,32,81.275317
15.571885,31,83.255455
28.67751,32,83.318886
25.763672,35,85.30048
22.636433,35,85.391965
18.163364,34,87.386475
14.985802,34,87.454514
16.377084,34,89.449695
19.382746,31,89.532323
18.105499,31,91.526765
19.400317,33,91.593044
19.409138,32,93.575043
17.472744,30,93.655265
20.808225,32,95.642627
23.870316,34,95.709096
18.77891,31,97.683945
21.560965,34,97.773228
7.301503,37,99.783409
-3.652047,58,101.828018
-3.143714,67,103.90642
10.935087,71,105.988497
53.911259,63,108.08058
120.184937,113,112.145505
64.553292,70,114.201037
87.641682,70,116.300366
75.762268,116,120.452457
102.652549,83,122.613079
183.027454,202,128.876174
57.724227,70,130.968137
72.426708,80,134.972795
85.627523,92,137.109018
25.684578,105,141.193164
28.493498,80,143.304945
56.671711,66,145.355742
47.772624,62,147.458961
29.999686,74,149.575838
52.831975,75,151.66924
50.608162,61,153.713898
55.407856,76,155.839308
21.234207,74,157.899744
65.912031,65,160.040344
40.815492,71,164.139401
52.710631,64,166.257659
-8.871259,56,166.371985
56.828442,53,168.431721
95.176021,80,172.460737
83.930838,65,174.514025
72.838655,65,176.618251
80.528972,73,178.738906
103.355194,170,183.047876
345.251652,365,195.494093
179.715129,159,201.714489
20.548106,128,205.846558
205.409739,232,212.239022
243.592371,376,224.874321
47.099399,64,226.923754
472.475165,659,248.096008
155.851123,359,260.551224
36.489386,70,262.69364
251.38776,418,277.135213
473.217404,685,297.933415
408.108129,565,316.356529
3.050797,102,320.443449
205.557668,259,328.713889
259.06384,276,339.227337
161.385327,143,343.363551
22.730368,131,347.466068
199.887203,197,353.631842
780.356333,1000,386.671706
776.437742,1000,419.73305
642.431696,997,450.906511
762.18228,992,483.971439
104.652601,201,490.219148
67.527815,94,492.321123
303.642968,358,504.714574
789.290947,1000,537.871781
691.000805,893,567.011691
50.103133,133,571.112415
122.872263,256,579.497105
222.690241,272,587.883035
532.60803,643,608.446571
491.060141,596,627.066505
305.376537,394,639.423606
419.051242,480,655.91104
468.868656,604,684.00406
805.282873,1000,716.986579
635.840701,1000,749.966784
355.637746,438,762.432287
897.012721,1000,795.340115
946.158153,1000,828.234465
128.541595,172,832.514376
466.102071,494,849.078874
904.133091,1000,882.217325
895.275616,1000,913.489443
292.052445,312,923.804746
61.825043,53,925.835293
289.851881,262,934.138136
79.216009,67,936.260533
255.008693,236,944.538758
924.908504,1000,975.551419
944.658431,1000,1017.754675
697.227532,639,1038.386838
121.751634,97,1042.475086
222.409003,152,1046.664244
236.398337,158,1050.856821
975.928891,1000,1083.822309
728.805454,754,1108.539593
921.944007,1000,1139.745888
909.730244,988,1172.862321
164.486498,138,1177.030606
103.973953,86,1179.120016
954.22514,1000,1212.349944
848.1077,1000,1245.932177
828.291665,1000,1277.495014
888.249631,1000,1311.247929
524.780746,626,1341.402312
522.176234,543,1358.207076
952.657372,1000,1391.306202
580.511624,497,1407.787727
222.469662,161,1411.976204
198.183918,133,1416.164525
398.326472,331,1426.414285
492.276039,346,1438.780647
198.797391,149,1442.925949
177.367301,125,1447.095876
337.849861,246,1455.310164
156.971448,101,1457.432049
274.330905,197,1465.584442
279.297344,202,1471.822721
169.263511,106,1473.995614
119.700725,74,1478.0044
588.247468,519,1494.570136
173.464181,106,1496.748635
177.241379,109,1500.831407
232.748254,149,1504.989147
319.874945,204,1511.295031
312.271401,226,1519.521112
473.945258,369,1531.885134
353.542575,256,1540.32542
182.886755,119,1544.443284
302.750013,177,1548.723763
155.704154,99,1552.802703
173.852415,122,1556.952771
252.626025,158,1561.09145
262.11404,180,1567.216789
214.215787,127,1571.310765
149.46842,124,1575.510543
156.318074,102,1579.551953
405.543549,390,1592.013637
268.053834,196,1598.236464
331.036126,254,1606.547196
703.694845,622,1627.274365
717.681929,584,1646.116052
159.484173,96,1648.220071
168.30938,102,1652.357966
341.004772,301,1660.833802
227.381161,167,1672.497512
331.985353,259,1680.712534
268.004241,226,1689.029963
323.636775,249,1697.339744
525.185297,427,1710.014533
225.77195,155,1716.1017
265.084983,200,1722.286935
777.265619,632,1743.202696
280.100333,223,1749.621537
867.309885,812,1776.88928
843.098706,713,1799.751407
220.205178,148,1803.913024
370.262154,294,1814.27345
283.841076,213,1820.623819
288.651882,203,1826.901022
678.426065,512,1843.765791
155.77425,108,1847.858498
603.259773,418,1862.274312
545.452909,393,1874.697347
282.019109,165,1878.868705
487.947805,337,1891.097875
545.695963,387,1903.440239
1416.481985,1000,1934.343843
377.362151,229,1942.518813
205.978056,133,1946.681041
164.335341,98,1948.809252
311.45247,170,1954.943485
392.922247,264,1963.153134
757.782138,536,1981.534978
390.025737,215,1987.724918
984.189685,671,2011.667151
1409.951881,851,2040.361856
509.671201,314,2050.670274
747.538154,420,2063.109868
1608.259056,1000,2096.121846
131.258571,84,2098.235145
811.217731,529,2114.824155
486.670263,291,2125.173544
496.131318,327,2135.575126
249.265446,164,2141.767118
1647.750879,1000,2173.05063
1450.392292,1000,2206.404799
1565.050637,1000,2237.778786
666.838871,429,2252.517491
119.742902,88,2256.68294
196.055545,116,2258.88748
1075.59831,759,2284.259574
1508.116476,1000,2318.19789
1230.717145,710,2350.837794
96.475689,59,2352.956343
1125.322813,754,2378.497422
1409.498349,946,2408.512922
1396.078956,875,2438.486069
349.498121,217,2444.922387
209.99879,127,2449.219128
1105.160315,627,2470.694803
983.200044,560,2489.950369
169.294963,103,2494.171728
339.051648,192,2500.665505
1023.434162,565,2518.028127
540.921568,275,2528.787924
1351.247471,752,2552.57719
630.066729,380,2565.564598
347.259894,185,2571.989426
983.448911,561,2591.346024
161.186872,98,2595.603513
1254.117249,776,2621.545057
1653.408835,1000,2653.925109
624.24647,364,2668.559281
353.28546,181,2675.010349
315.374863,170,2681.472757
228.265429,126,2683.748123
1550.876234,1000,2718.249505
1578.807017,1000,2752.670104
1576.035028,1000,2785.121162
145.654253,97,2789.475467
484.861875,254,2798.189738
609.786702,335,2808.995284
168.19371,97,2813.262199
818.631482,463,2828.48314
1042.136608,668,2850.236018
1685.853564,1000,2884.806945
1674.523501,1000,2919.232656
1036.684147,589,2938.71353
317.892309,159,2943.13447
1388.040245,868,2973.293751
452.881814,239,2981.875358
539.655821,316,2990.646695
354.12013,186,2997.132787
710.453904,441,3018.182889
654.262713,408,3033.269874
375.546492,191,3039.735976
301.110711,159,3044.123122
706.325035,363,3057.072553
411.504489,216,3063.625886
471.303655,240,3072.250118
1728.608021,1000,3106.878513
755.111324,366,3117.758463
751.746777,394,3130.732903
288.08545,146,3137.12091
628.577574,322,3147.942748
221.665523,128,3152.265672
1179.533893,671,3173.933272
594.125405,311,3184.71701
734.613202,375,3197.744764
1803.196705,1000,3232.383249
1020.099861,567,3249.748151
703.281078,350,3262.68708
607.592241,299,3273.356611
1391.138043,710,3297.199072
358.32739,182,3301.644051
775.552555,492,3318.904964
794.267707,401,3331.882023
885.691891,435,3347.045007
973.32722,480,3367.134855
401.649815,227,3373.667746
478.53908,245,3382.316359
499.429796,258,3390.982518
421.009125,209,3397.517639
1545.362332,723,3423.400346
774.264722,370,3434.290956
1178.503695,581,3455.770954
1210.377842,609,3475.310164
393.712767,206,3481.837244
638.124495,370,3494.785579
1932.261771,904,3525.12441
891.168298,482,3542.338681
252.61791,143,3546.665523
147.418903,82,3548.8744
675.094801,331,3559.730793
588.582104,272,3570.440284
112.814556,67,3572.611125
404.371183,204,3579.141354
1995.498343,1000,3613.606126
1138.230924,586,3633.059759
257.779814,123,3637.374088
434.025207,249,3644.019557
487.335678,286,3654.755332
440.470916,267,3663.429397
312.436125,147,3667.788888
1347.093217,692,3693.342046
411.628829,210,3701.861743
295.003255,158,3706.226405
341.467971,186,3712.701389
109.087018,76,3714.900408
280.766036,155,3719.26144
629.194497,325,3732.124009
306.000983,148,3736.47776
731.790212,367,3749.413025
1701.359317,850,3777.577842
659.208499,343,3788.431631
1217.045106,642,3810.077681
1972.169304,1000,3844.69399
434.025925,207,3851.222441
432.023834,206,3857.739409
246.653697,141,3864.115547
214.271804,129,3868.480283
961.256579,477,3883.634354
1303.854667,673,3907.270387
1917.958965,1000,3939.722476
839.394052,441,3954.884528
1193.402765,599,3974.404919
1854.337085,1000,4008.993485
1923.221919,1000,4047.612261
1271.41055,654,4069.34497
1024.264542,538,4086.785666
755.550114,384,4099.843799
450.580137,225,4108.445207
116.924498,64,4110.631317
1960.684691,1000,4143.177357
1949.938686,1000,4177.775086
1930.734664,1000,4212.392815
1891.654117,1000,4244.778147
1522.711728,759,4270.773266
1886.626232,1000,4305.359897
1971.982756,1000,4337.907451
2008.875758,1000,4379.990965
1997.845677,1000,4414.666594
1160.271955,584,4434.138796
1249.322697,604,4453.702987
983.011741,495,4471.017887
2070.527124,1000,4505.619645
1378.891682,683,4527.329347
1963.194716,1000,4561.844343
512.676985,240,4570.539538
1064.532145,526,4587.884275
2071.471966,1000,4620.520557
347.015018,211,4629.029808
202.483733,100,4631.292402
2018.009341,1000,4665.865294
1944.855381,1000,4700.477813
2013.675723,1000,4742.054442
1955.054361,1000,4776.65471
2031.526997,1000,4809.226126
2021.307737,1000,4843.825368
2106.633192,1000,4878.32955
2016.53855,1000,4910.8077
1954.030521,1000,4945.394829
1710.798132,1000,4979.875753
1987.022278,1000,5012.47352
228.24732,149,5018.902264
1341.341128,698,5040.645696
1419.733956,638,5062.245707
2078.504648,1000,5105.821976
2085.797592,1000,5140.509061
2052.477871,1000,5173.029668
215.085611,103,5177.310419
1320.539162,598,5196.776201
1906.409105,899,5227.163642
1357.553825,622,5248.759082
2165.382783,1000,5283.363783
857.30837,387,5296.346863
2236.34666,1000,5328.811682
2183.076852,1000,5363.395932
2272.920084,1000,5397.958191
2311.364149,1000,5439.27548
2189.456255,1000,5473.95387
1005.982454,457,5489.157292
742.746908,340,5500.010979
2194.64794,1000,5534.544166
649.641349,302,5545.362345
403.590046,184,5549.792265
880.721869,416,5564.871319
2201.070499,1000,5599.318642
2241.745798,1000,5631.910778
504.704861,228,5640.541919
2192.744861,1000,5672.934881
1002.235892,452,5688.072324
2178.90206,1000,5722.67441
2168.525345,1000,5757.218417
1246.903581,565,5785.37595
2263.435639,1000,5818.028152
988.346058,445,5833.205123
2287.418632,1000,5867.678605
2103.610856,1000,5900.22733
617.064933,299,5910.97247
2223.03179,1000,5945.549708
2153.488117,1000,5978.093702
200.832682,106,5982.380457
1670.859591,779,6008.297346
2229.57932,1000,6042.911569
2045.789391,917,6073.208346
2211.445184,1000,6116.521491
597.985316,292,6125.299344
2234.823485,1000,6159.92626
2197.639858,1000,6194.43076
457.612258,193,6200.937564
1454.584222,629,6220.542834
707.565792,313,6231.367512
2240.999508,1000,6265.96199
1225.259903,566,6285.396283
885.426849,403,6298.376367
1031.868323,454,6313.589689
2246.692469,1000,6348.172384
63.556691,35,6348.241022
1004.058308,458,6363.288164
2217.484041,1000,6397.890525
1503.247731,701,6421.759146
289.31304,140,6426.132878
280.229533,127,6430.492419
2257.050668,1000,6474.130661
2199.327783,1000,6506.55143
2205.960683,1000,6541.141782
346.597013,153,6545.538587
1358.419974,635,6567.253889
290.946645,138,6573.638723
2225.763581,1000,6606.018546
2145.572571,1000,6640.683803
640.258924,286,6649.427474
2150.262201,1000,6684.081822
2212.074096,1000,6718.644797
2268.460663,1000,6751.067923
2211.284587,1000,6785.657024
2188.138438,1000,6826.94248
2193.346898,1000,6861.448132
940.401559,408,6874.49089
2165.661681,1000,6909.123625
1405.835846,643,6930.724985
1536.307528,702,6954.459226
2195.505806,1000,6989.011431
909.599717,410,7002.066609
2223.848304,1000,7036.66236
1561.146554,720,7060.548517
2205.525753,1000,7095.041718
2162.31656,994,7127.50625
305.524771,144,7131.856185
2255.900299,1000,7175.403653
441.163924,198,7181.892099
535.732489,253,7190.509122
429.407215,216,7197.050018
2216.251396,963,7229.527719
2223.202523,1000,7263.989892
2243.545551,1000,7298.590474
2176.492581,1000,7331.214637
2241.635934,1000,7365.821191
2244.995259,1000,7400.50299
2217.998535,1000,7433.073888
2266.725631,1000,7467.39033
651.242345,297,7476.123884
2225.113888,1000,7519.72397
2228.754127,1000,7554.377881
1987.778466,873,7582.880973
1460.470139,676,7606.606467
2219.694988,1000,7641.360802
1401.484723,624,7661.043438
2270.718546,1000,7695.60436
781.690061,357,7706.469094
1503.596046,666,7730.461714
1790.76654,783,7756.462155
1339.51781,614,7778.016099
509.323293,229,7784.592299
2253.302003,1000,7819.178066
2105.833758,926,7858.543
2253.024043,1000,7893.313803
362.850032,166,7899.704101
2202.405589,1000,7932.331858
1886.39016,829,7960.491011
2201.057456,1000,7995.143967
598.684805,273,8003.918765
517.944176,239,8012.5804
831.840742,382,8025.604365
866.368946,399,8038.63329
2135.851193,1000,8073.195921
2180.94144,959,8105.622959
2311.823886,1000,8138.186201
1602.786471,700,8161.944191
337.213394,173,8168.433341
1350.848099,608,8187.889964
1468.507903,659,8220.613563
1744.169547,762,8246.727339
1783.601707,799,8272.851102
2275.825882,1000,8307.416187
1995.147579,880,8335.746699
2215.346829,1000,8370.406357
713.196886,332,8381.288833
2277.214656,1000,8415.831975
2331.697983,1000,8450.435495
163.910999,81,8452.639327
1417.288351,618,8472.193863
771.55188,332,8485.112332
914.211927,417,8498.191489
2310.309491,1000,8532.900951
2280.068328,1000,8574.286336
824.807741,372,8587.264043
2283.066529,1000,8621.873993
1523.790496,668,8643.564261
298.167269,151,8649.998188
228.804116,114,8652.262991
1638.397597,696,8676.049428
2256.502408,1000,8710.842957
2138.012032,914,8741.239396
2340.81979,1000,8775.854204
1789.458945,762,8801.82989
1751.308164,782,8827.777819
2257.244801,1000,8862.300976
426.235401,188,8868.801211
2282.757412,1000,8909.853323
2336.97299,1000,8944.54879
1314.998426,584,8964.107054
2290.664951,1000,8998.689646
1217.765076,533,9016.145093
2314.303111,1000,9048.681163
2231.444824,1000,9083.430848
2301.441452,1000,9118.204491
2182.623489,965,9150.704205
1267.769664,560,9170.220198
707.282797,312,9178.96333
2322.80275,1000,9213.579777
2329.869276,1000,9257.043196
2345.20324,1000,9289.580324
301.55305,136,9293.897132
2313.595246,1000,9328.44423
317.497336,148,9332.84774
1487.136387,661,9356.656541
2027.690765,875,9384.847595
2347.805932,1000,9419.569623
2331.338595,1000,9454.227535
345.309207,157,9458.611744
1969.616318,848,9486.722307
568.283754,245,9495.391437
223.091043,108,9499.694829
2311.166353,1000,9532.144961
1363.178706,599,9553.825604
52.596385,75,9556.019389
2283.073093,997,9599.694148
267.506373,246,9606.297004
2201.764989,1000,9640.843612
719.538814,340,9651.684443
1496.652385,662,9675.358119
2209.788719,1000,9707.924133
1097.564818,493,9725.304462
1784.8727,786,9751.250968
828.237446,361,9764.239208
486.614355,227,9770.791918
2418.033437,1000,9805.433095
398.453486,182,9811.909959
746.513173,306,9822.71674
695.825781,301,9831.484578
210.587579,103,9835.772469
2365.542109,1000,9870.435139
128.105779,65,9872.627753
311.400947,148,9876.980015
855.305177,380,9889.909792
665.270081,293,9900.660321
1513.196432,643,9922.354531
1925.237456,820,9957.356533
1031.875147,434,9972.411893
1624.763592,705,9996.179614
2371.046372,1000,10030.588362
1185.746115,502,10047.856088
1215.370551,514,10065.243958
2393.869557,1000,10097.839296
2367.738875,1000,10132.559984
843.98754,366,10145.557043
1134.6899,474,10160.729571
1345.724757,574,10180.234126
1350.395878,567,10199.703646
2362.973867,1000,10232.307334
1173.211103,495,10249.613296
1254.611957,533,10269.062224
1281.185579,552,10295.334147
1300.721163,558,10314.655521
588.59801,250,10323.345043
837.533162,363,10334.36806
846.131522,359,10347.421425
772.25219,342,10358.341933
2389.472359,1000,10392.982614
941.904293,403,10406.04185
2195.48711,923,10438.764954
1477.574622,619,10458.466749
2029.03286,836,10488.999391
649.799409,285,10497.771879
250.331985,116,10502.108934
2259.885836,1000,10534.981299
465.779851,202,10543.594415
1790.003686,741,10567.683776
1361.008254,591,10587.390194
157.636233,80,10591.671421
49.212811,28,10591.728607
1146.398404,494,10609.172465
649.792603,279,10617.998515
774.328713,325,10637.05863
2379.027723,1000,10671.866915
39.12269,23,10671.915283
2307.426354,1000,10706.892631
2330.958262,974,10739.696435
2354.817579,1000,10774.494448
2356.434378,1000,10807.376296
650.079871,277,10818.216207
985.697668,414,10831.351869
1053.772899,455,10846.700712
119.328108,61,10848.873622
1281.856175,535,10868.497424
2395.340345,1000,10901.39675
2249.591937,1000,10936.153566
430.461938,186,10942.689583
1257.091179,536,10960.167994
2262.220976,1000,11003.853686
1105.859051,480,11019.205203
392.397569,175,11025.737169
1080.19914,454,11041.08249
2314.634835,1000,11076.103088
848.088023,366,11087.172035
586.063907,264,11095.977329
2332.318449,1000,11130.881205
119.125075,78,11133.109007
791.350432,341,11146.188201
240.218471,110,11148.479554
976.852493,435,11163.851763
1524.00616,659,11185.863594
2393.869566,1000,11220.91701
1698.445276,730,11245.112157
1382.106973,591,11266.928736
235.507979,116,11271.221337
401.0537,187,11275.666778
975.527368,422,11290.980674
736.344292,315,11301.948437
203.806219,96,11304.21105
369.581278,153,11310.715546
1672.296311,729,11340.814468
1567.699506,674,11364.865739
1165.853554,511,11382.384012
1393.038948,587,11402.144802
1610.990442,682,11426.252947
618.611647,261,11435.027543
2274.283707,1000,11467.880927
445.440546,199,11474.44973
878.800241,382,11487.564776
1633.855135,681,11511.683622
558.821241,250,11520.481419
1812.930374,779,11546.894811
506.459544,219,11555.697359
602.960086,268,11564.53119
311.655346,140,11568.952054
631.579061,288,11577.848005
944.5933,397,11593.133282
132.411221,75,11595.360905
1053.117063,467,11610.745904
2339.551124,1000,11645.889279
641.636381,271,11654.679417
1579.433551,666,11685.637945
890.701381,403,11700.902979
797.084977,345,11711.968862
808.515501,347,11722.959613
1492.920879,657,11747.054567
2320.15258,1000,11780.078125
828.804887,362,11793.26604
2355.222918,1000,11828.271178
303.695703,138,11832.742887
510.604053,244,11841.479486
935.495585,397,11854.672544
2333.496557,1000,11887.733418
335.888779,149,11894.273139
1161.8557,505,11911.866231
1085.578028,446,11927.136181
794.191547,349,11938.199034
1880.590463,817,11966.720945
2403.742372,1000,11999.630224
1707.507267,729,12034.823817
1979.185449,825,12063.348658
707.879049,293,12072.228525
2388.499298,1000,12107.314404
340.846437,148,12111.736676
672.514087,294,12122.658927
451.693318,200,12129.319035
2342.59107,1000,12164.434161
1660.155131,706,12188.498238
2379.895175,1000,12221.484801
2230.671614,932,12254.422091
290.902509,134,12258.846717
542.701699,234,12267.584153
843.591556,359,12278.639186
2409.294661,1000,12313.735408
358.721249,166,12318.207182
2414.922534,1000,12353.221602
1416.969527,605,12373.075896
1991.913931,828,12410.595329
1052.191369,441,12425.980779
551.287417,232,12434.706529
1939.405418,806,12461.128298
2376.972048,1000,12496.279016
442.750214,193,12502.866808
2432.635219,1000,12537.965993
522.530546,231,12544.661647
2397.686548,1000,12579.734428
2404.62742,1000,12614.858174
1959.284849,805,12641.37033
2383.955525,978,12674.322271
291.041389,139,12680.82428
2142.076071,904,12711.727669
2442.54016,1000,12753.852061
1245.844382,521,12773.605407
2369.11251,998,12806.810779
2273.334787,937,12839.926351
1132.694895,474,12855.451891
590.619606,247,12864.311093
493.715269,213,12871.010666
1201.5465,500,12888.627181
2430.134972,1000,12923.936332
2420.560692,1000,12957.048674
1271.587044,529,12976.923499
323.44977,155,12981.409335
2406.930669,1000,13016.777244
2435.122015,1000,13050.076051
2368.462179,1000,13094.437563
645.196855,268,13103.338408
113.169096,65,13105.56233
428.922961,186,13112.200029
2275.709604,948,13145.445452
1569.582731,660,13167.732991
2413.529084,1000,13203.20275
438.548314,192,13209.809377
697.867291,298,13220.826456
988.098114,414,13234.205055
2459.559652,1000,13269.699131
2214.372296,895,13300.776065
1096.254669,472,13316.360162
287.727554,129,13320.799994
1082.218479,443,13336.356345
163.903267,82,13338.607343
1179.962186,498,13356.367235
547.036151,250,13365.272561
440.960227,189,13371.928962
351.287877,155,13376.452472
2433.538834,1000,13411.986666
2470.862448,1000,13453.529212
2429.617813,1000,13489.067045
2397.915181,1000,13524.552445
226.135149,114,13529.000219
795.291406,338,13540.041157
21.734833,9,13540.060339
1260.32418,528,13557.855113
2458.184361,1000,13593.36928
2416.416608,1000,13626.636678
1670.504186,681,13651.071868
882.061778,375,13664.33822
1049.587046,438,13679.838518
2421.431826,1000,13713.228872
2381.064715,967,13748.746002
2346.114522,1000,13782.332099
2390.18537,1000,13826.991363
638.449217,272,13835.937431
966.928253,420,13851.490981
324.744655,152,13856.000643
2436.637257,1000,13891.558274
708.806127,302,13900.590491
1628.102453,674,13925.086811
2030.785757,823,13954.053436
715.711852,320,13965.214849
965.957058,401,13978.620188
613.404371,269,13987.596832
605.472794,250,13996.52015
1651.112934,685,14021.038033
493.74057,217,14027.748853
1946.347505,811,14056.739709
2440.8823,1000,14090.34476
667.918227,311,14101.540858
137.081875,68,14103.79951
1130.31672,458,14121.614839
2414.82204,1000,14164.028877
2281.795253,930,14197.477396
2477.267049,1000,14231.116236
2453.212325,1000,14266.861375
759.383414,323,14278.064295
2025.918361,844,14307.262084
2459.086209,1000,14342.94223
2368.645653,1000,14376.618297
2393.691758,1000,14412.375242
2164.390315,883,14443.673712
2101.902098,862,14472.823553
1735.905404,710,14497.477767
940.949118,393,14521.845347
1262.438508,538,14539.84879
2385.480457,1000,14575.601353
2495.933808,1000,14609.32552
209.053787,97,14613.758903
1223.269829,507,14631.752103
2461.368044,1000,14665.369398
1873.830919,762,14692.249751
2406.638177,1000,14728.289181
2455.28127,1000,14762.100947
929.518914,384,14775.597706
2431.919053,1000,14811.474215
1525.211426,619,14833.893844
487.202264,206,14840.596381
2450.88427,1000,14885.406806
2445.051129,1000,14919.194976
638.748331,266,14928.222404
2489.869617,1000,14964.074728
1745.829929,714,14988.841103
641.350443,272,14997.858731
2504.779503,1000,15033.749536
867.569978,350,15044.921596
612.203005,251,15053.807439
1047.773919,438,15069.497669
2076.702766,856,15100.852681
2442.816887,1000,15134.622672
352.67469,154,15141.254047
2465.730488,1000,15174.784129
1537.907333,636,15197.188169
2403.647714,978,15239.631358
190.484528,103,15244.082747
2410.225655,1000,15280.089611
2503.029714,992,15314.062484
1148.954052,479,15332.152726
2398.0597,964,15366.115617
2487.750887,1000,15399.883657
645.314102,277,15411.061187
2489.784397,1000,15445.024385
242.106987,109,15449.475032
330.098741,144,15454.006038
184.470232,98,15458.473024
2440.932096,1000,15492.221064
2408.06286,1000,15528.098619
2411.399617,1000,15564.021718
2468.337812,1000,15605.934086
147.54493,71,15608.198339
2448.903826,1000,15644.049617
2514.042561,1000,15680.043094
2468.038876,1000,15713.864568
1935.170672,782,15742.982754
2457.618702,1000,15776.750683
2414.999197,1000,15812.685467
2511.871883,1000,15846.437209
2528.117335,1000,15882.344818
1659.817626,660,15904.792899
665.971316,275,15915.947742
1118.747761,446,15931.725006
2302.927828,912,15971.109351
2489.763551,1000,16004.884708
1802.03913,724,16031.73285
2414.303987,1000,16065.444485
606.975509,247,16074.373171
588.474843,238,16083.351942
746.240463,311,16094.564877
902.207153,376,16108.015457
2471.024604,1000,16141.680829
2456.095035,1000,16177.646528
2366.723356,1000,16213.393445
2451.287039,1000,16247.14433
2531.788705,1000,16283.078619
2515.678318,1000,16323.481915
355.630973,157,16330.147816
665.11864,271,16339.153548
2474.884476,1000,16375.100005
1830.905008,733,16399.8715
2523.226864,998,16435.60192
2208.933978,867,16464.860281
1244.23963,503,16482.756534
2466.137255,1000,16518.602688
2469.48018,1000,16554.500465
584.380771,241,16561.313267
964.507754,383,16574.770667
1986.758,803,16603.907061
2491.992738,1000,16637.62614
2387.685521,939,16680.160293
711.56506,293,16691.346771
721.463366,292,16700.405772
1643.963467,661,16725.085642
1253.786741,508,16743.088372
2472.471107,1000,16776.814321
1608.591147,649,16799.193467
2459.320529,1000,16835.003691
84.967091,56,16837.228935
2429.788458,1000,16870.967625
515.983351,220,16879.906671
1533.765446,631,16902.362319
466.301746,200,16909.086105
773.621477,327,16920.27024
2523.23838,1000,16956.171548
2459.367959,1000,16990.047466
2097.226444,833,17019.244053
982.798149,414,17043.831268
1092.652199,458,17059.582648
2505.864332,1000,17093.275723
711.703901,293,17104.426396
1820.527244,730,17129.034214
2540.663338,1000,17164.895444
2495.752145,1000,17200.706888
1508.021515,606,17220.977216
558.450749,239,17229.949869
1266.045827,498,17247.887759
2527.882975,1000,17281.657995
2152.832624,842,17310.867625
2528.368989,1000,17346.718438
2442.08374,1000,17382.53465
2530.502935,1000,17424.786783
922.781782,372,17438.183443
2487.402179,1000,17473.917106
1658.416105,650,17496.403538
1132.675531,460,17512.188962
2527.884079,1000,17548.084166
2499.087887,1000,17581.849535
1011.806433,413,17597.529176
2488.714103,1000,17631.246958
2527.366464,1000,17667.119812
807.436031,332,17678.368839
2176.306351,852,17709.661961
2474.598419,1000,17743.449
378.516902,164,17757.565654
2417.253975,969,17791.131566
980.261768,394,17804.59561
650.09805,301,17815.825878
2498.619035,1000,17849.551633
2489.756775,1000,17885.391309
2104.040167,873,17916.710585
2485.510758,1000,17950.514101
2502.219706,1000,17986.432578
2505.695838,1000,18022.344144
760.29564,319,18031.462241
1175.156035,474,18049.371672
2513.28871,1000,18085.292447
1381.261838,542,18111.712779
845.71525,337,18122.890429
247.976129,116,18127.342391
2470.747584,1000,18163.186404
2531.474029,1000,18196.955338
2474.728165,1000,18232.813575
267.596765,125,18237.29385
901.924982,363,18250.704425
2524.716186,1000,18284.444643
2501.333167,1000,18320.327859
405.969839,186,18327.06916
2511.879801,1000,18360.795697
2473.314346,1000,18396.701716
2514.10146,1000,18432.564312
575.485782,235,18439.368217
2199.395191,883,18479.156717
2485.192947,1000,18515.04142
2443.23975,1000,18548.815172
2473.030886,1000,18584.629125
2511.682987,1000,18620.481969
2526.006006,1000,18654.221866
2103.710675,828,18683.326231
403.604393,179,18690.003209
1972.669301,808,18719.111655
1018.725798,405,18732.693248
2487.889603,1000,18768.601107
2185.260735,879,18797.775719
1193.930276,482,18815.612141
2039.151795,816,18853.214133
2514.311934,1000,18886.939044
1672.659995,678,18911.54426
2313.233023,958,18945.248661
2481.090209,1000,18979.053066
721.615327,296,18990.167468
2528.805374,1000,19026.027875
769.30094,322,19037.288418
148.147578,73,19039.560973
2501.587974,1000,19073.291571
2458.145507,1000,19109.06211
530.989651,216,19115.833741
1497.953092,591,19138.215917
492.770905,202,19145.009643
2482.826119,1000,19178.642121
1170.218409,480,19204.560524
2459.430338,1000,19240.351978
2506.596567,1000,19274.003025
2280.626613,899,19305.372576
2506.972945,1000,19341.13724
1256.62708,522,19359.054674
2477.32525,1000,19394.941183
2497.654921,1000,19428.572029
2484.631533,1000,19464.288094
2513.885382,1000,19497.929312
2504.744928,1000,19533.799083
2522.006826,1000,19578.398882
2523.654549,1000,19611.980573
2474.743831,1000,19647.884971
2552.557519,1000,19683.758615
2502.516856,1000,19717.411543
2097.12849,862,19748.674688
364.58157,158,19753.23832
1134.132102,467,19768.904479
632.587977,262,19779.932763
16.805444,12,19779.956589
141.750272,73,19782.23614
16.586011,21,19782.276646
17.877941,45,19784.477505
25.121259,63,19786.718461
27.15956,32,19786.798841
506.447663,296,19797.900407
176.804162,86,19800.180548
150.727307,84,19804.540403
201.823534,100,19806.835086
132.91586,207,19813.541078
52.130288,32,19815.711365
46.719229,29,19815.764398
80.611964,120,19820.24063
240.607442,140,19824.705081
198.977226,96,19829.101505
169.191809,140,19833.550368
197.185524,118,19837.956395
87.061637,56,19840.151388
368.367361,222,19846.87901
50.414181,34,19849.032645
58.425477,37,19849.124647
37.921487,32,19851.297279
65.174106,42,19853.479762
67.534826,80,19855.74609
153.95618,91,19858.044415
41.835723,33,19860.204416
52.171143,35,19860.270441
59.494728,42,19862.448756
60.325493,42,19864.641792
51.454774,35,19864.707985
65.747394,42,19866.883626
60.175176,38,19866.95742
1104.911095,574,19886.983992
1824.619507,784,19921.134157
472.049838,205,19927.793711
128.922765,63,19930.005245
2414.123426,1000,19965.464761
110.6281,79,19967.723218
2253.903585,935,19998.950326
664.102438,304,20010.011325
2440.007792,1000,20045.675708
2462.196994,1000,20079.004709
2428.030981,1000,20114.220472
2493.777807,1000,20149.791137
2472.46997,1000,20183.233798
2476.973656,1000,20218.679731
1066.697994,434,20234.212163
2488.978165,1000,20276.261152
1653.201647,659,20300.74427
2525.813112,1000,20334.076076
2453.782188,1000,20369.599142
2465.362901,1000,20403.03964
2505.888622,1000,20438.385455
2537.566578,1000,20473.956022
1281.571708,519,20491.808208
679.932007,273,20500.739099
2541.342288,1000,20536.314635
1348.496095,535,20554.128637
190.281682,92,20556.398706
2550.516127,1000,20592.016206
2537.979467,1000,20635.591537
2511.454199,1000,20668.922281
1169.941624,467,20686.595878
2528.214835,1000,20719.897028
2561.615257,1000,20755.451427
2553.606562,1000,20790.904769
1962.710327,771,20817.543742
386.984376,172,20822.101903
783.856006,322,20833.289965
558.141918,241,20842.157708
2493.030274,1000,20877.647293
2515.904502,1000,20911.01403
2555.128321,1000,20946.543566
2540.103683,1000,20990.745823
1359.651311,545,21008.574536
2518.865194,1000,21044.18853
2509.096198,1000,21077.710871
2547.557171,1000,21113.125945
2512.709514,1000,21148.584771
2453.905072,1000,21182.037434
2559.237894,1000,21217.503113
2513.712414,1000,21250.971542
374.600352,159,21257.59082
22.721591,9,21257.609563
23.411407,9,21257.650419
23.421232,9,21257.669448
23.51988,9,21257.688152
2448.660114,969,21293.126552
2042.456167,824,21330.760426
2502.6349,1000,21364.158874
1833.706552,713,21388.594961
2560.984708,1000,21424.062118
2568.139725,1000,21459.373694
1112.319438,450,21474.951752
1173.144178,460,21490.447786
2525.192227,1000,21523.75539
2556.315852,1000,21559.213862
2541.627526,1000,21594.80096
818.365265,322,21605.9397
2492.03522,1000,21639.372015
1206.236332,503,21657.151046
2523.023636,1000,21700.026363
2549.99789,1000,21733.539302
2535.74183,1000,21768.980706
2505.656221,1000,21804.511178
457.618027,205,21811.156558
2552.674704,1000,21844.548245
769.404604,324,21857.702312
2575.534671,1000,21891.580096
724.612282,292,21902.774749
711.870369,303,21911.810874
2518.651576,1000,21947.404804
2462.219758,1000,21983.231481
2209.332988,887,22014.46236
2482.530915,1000,22057.083228
2515.702529,1000,22093.002441
2491.066357,1000,22126.91544
1869.024058,737,22154.110248
1539.609464,620,22176.738336
2507.31012,1000,22210.766938
2406.177012,1000,22246.838688
2519.665418,1000,22283.087776
2582.956471,1000,22317.119898
1098.91462,446,22333.047622
2498.759341,1000,22369.379985
331.356384,151,22373.977061
1045.765706,423,22389.806147
697.372638,286,22408.369026
2494.292416,1000,22444.399111
46.928385,44,22444.494365
1622.354706,641,22467.197177
2539.125154,1000,22503.509552
2550.361624,1000,22539.723508
2567.756357,1000,22573.682341
2556.239709,1000,22609.592468
2557.821357,1000,22645.7369
467.587918,199,22652.533523
2567.087273,1000,22686.451981
2580.133556,1000,22722.469061
2505.393048,1000,22767.725273
2607.833916,1000,22801.567062
1033.675081,411,22817.292359
2497.840056,1000,22851.241835
1650.118378,653,22873.880896
1133.885093,467,22891.849004
2577.12485,1000,22925.679711
1454.269368,582,22945.859798
2493.884169,1000,22981.711174
2555.990672,1000,23017.78097
2535.825663,1000,23051.659935
2532.930802,1000,23087.675195
2536.580079,1000,23131.826842
2565.172371,1000,23165.73063
2538.826117,1000,23201.769076
674.125417,285,23210.838977
2568.68415,1000,23246.868886
1414.52243,563,23267.205604
185.961494,115,23271.693072
2557.862343,1000,23305.47429
2509.63873,1000,23341.350182
2586.055329,1000,23375.358503
2561.856274,1000,23411.515178
2267.28207,875,23443.194101
2488.628335,973,23486.984748
2538.254983,1000,23523.042502
2551.089562,1000,23557.056779
2530.420899,1000,23593.319629
2558.382102,1000,23627.448434
2534.43935,1000,23663.411263
1063.390994,421,23679.123236
1233.183652,506,23697.200571
2560.321429,1000,23731.32881
2612.264458,1000,23767.638657
2546.327236,1000,23801.66105
1143.948585,475,23819.695801
2576.201089,991,23862.988983
1494.949557,611,23885.579167
457.185603,202,23892.407423
2551.485992,1000,23928.646851
2536.829898,1000,23962.776962
2571.449927,1000,23998.866792
2549.920172,1000,24034.946391
2538.553996,1000,24068.907774
2510.756226,1000,24105.099945
2564.978036,1000,24139.211251
2576.288228,1000,24175.322759
1797.415198,700,24200.212548
2543.341772,1000,24245.812326
1416.320855,553,24264.045079
940.203147,378,24277.607735
2569.505678,1000,24313.73815
2580.501828,1000,24347.57657
2561.131161,1000,24383.733875
2601.356151,1000,24419.873277
115.248517,67,24422.169958
2554.116163,1000,24456.060027
2608.041232,1000,24492.273555
2557.694568,1000,24528.46925
1161.920175,464,24544.323684
1124.452406,444,24560.237548
2585.18279,1000,24603.798745
2587.439908,1000,24640.173004
2557.288367,1000,24676.34659
1550.907055,603,24696.600693
2603.356371,1000,24732.931279
2496.668222,1000,24767.050011
1042.499288,427,24782.900329
2605.755479,1000,24819.13793
2485.344823,1000,24853.21509
2556.954759,1000,24889.464147
2518.039897,1000,24923.595935
1275.371044,500,24951.153119
770.738433,309,24962.48875
2604.271647,1000,24998.750246
2030.795956,782,25025.874793
1636.006648,646,25048.556643
2567.751455,1000,25084.894456
2505.210576,1000,25119.00175
2547.665344,1000,25155.236099
2529.365712,1000,25191.514413
2538.008843,1000,25225.528128
2558.332255,1000,25261.693003
2574.061889,1000,25305.233291
1480.246444,576,25325.673233
26.619321,14,25327.8681
1817.767837,710,25352.889931
2527.266763,1000,25386.809251
2565.387201,1000,25423.050003
2564.021101,1000,25459.314616
2580.447386,1000,25493.425345
1573.599514,613,25516.038379
1268.012978,498,25534.080332
538.291697,223,25540.937891
2608.926452,1000,25577.021268
2564.174112,1000,25610.922437
2569.202452,1000,25647.175794
2567.657036,1000,25692.151419
2438.976544,993,25726.136972
2561.210143,1000,25762.403199
958.525869,399,25776.010413
767.319576,317,25787.331735
57.065297,32,25787.396828
1481.823467,607,25809.998014
156.36698,82,25812.303631
2538.464302,1000,25848.532601
2512.832756,1000,25882.641796
2562.967315,1000,25918.778751
2561.793581,1000,25955.111106
435.597672,189,25961.877773
2542.737867,1000,25996.00335
2552.190394,1000,26041.439562
2210.721934,864,26070.817701
341.453599,151,26077.572695
2539.553569,1000,26111.77713
2614.942487,1000,26148.110217
2581.877318,1000,26184.439887
2408.298778,924,26216.352659
2561.509508,1000,26252.595623
672.147207,272,26261.724735
1797.266795,710,26286.630058
2149.489606,831,26316.079154
727.710496,298,26327.432654
1945.75702,770,26354.545782
1045.896056,419,26368.216562
1414.688434,558,26397.729414
1237.107471,490,26415.776405
2396.330451,951,26447.666221
2564.147157,1000,26483.956931
1998.138476,784,26510.973528
2562.753299,1000,26546.92966
14.112387,13,26546.957708
2581.874864,1000,26582.857389
2551.127708,1000,26616.573251
2381.044376,927,26650.127187
1378.479355,534,26668.096265
2471.966159,974,26701.471337
2551.872835,1000,26737.251238
2564.73472,1000,26780.333228
2416.736253,930,26811.798234
692.710423,283,26822.922812
2577.421564,1000,26856.615853
218.379714,101,26861.049784
992.15055,396,26874.506885
2608.696477,1000,26910.359899
2545.83215,1000,26943.92442
2543.017931,1000,26979.692215
2544.506002,1000,27015.46922
361.343598,156,27020.005144
2570.489281,1000,27055.55915
2611.801315,1000,27089.180827
2508.745473,1000,27134.015281
2619.180957,1000,27167.688852
2555.130288,1000,27203.594521
2573.068041,1000,27239.443915
1479.096364,569,27259.649898
2568.800484,1000,27293.243781
1759.802452,697,27317.937349
409.350824,179,27324.609358
2603.2831,1000,27360.442279
2596.077391,1000,27393.955293
703.864852,293,27405.058831
2585.450246,1000,27438.583182
2538.666184,1000,27483.705043
2579.611582,1000,27519.441962
2593.405272,1000,27553.169219
2549.386079,1000,27588.988667
2558.065073,1000,27624.763576
2162.124963,864,27653.994272
782.773491,307,27665.165387
2615.479966,1000,27698.798226
2600.843373,1000,27734.342603
2245.547171,868,27765.658568
703.013172,281,27774.64343
836.101181,337,27785.838691
1192.970322,474,27803.662167
1944.991729,782,27839.923951
99.674478,56,27842.166138
2582.263271,1000,27875.833412
2568.883114,1000,27911.665313
769.257932,311,27922.870035
2602.83262,1000,27958.666151
2590.106595,1000,27992.43273
1002.790475,394,28005.953316
2029.154543,795,28035.014384
2582.081565,1000,28068.59537
2608.484294,1000,28104.434093
2589.746168,1000,28140.071141
2582.829086,1000,28173.731143
926.311208,370,28195.384443
541.01137,220,28202.164725
2569.768492,1000,28237.972524
2599.357653,1000,28273.773766
2569.55359,1000,28307.355588
1592.394452,630,28329.785703
633.293038,267,28338.794825
2589.295982,1000,28374.632365
820.621893,325,28385.747004
2614.816122,1000,28421.555516
2547.684018,1000,28455.184724
2128.706053,840,28484.255141
2542.695504,1000,28520.121813
1507.36818,589,28549.438228
2543.905891,1000,28585.218701
2545.196011,998,28618.898214
2555.643577,988,28654.614464
2097.529035,810,28683.804048
899.333003,365,28695.091977
812.472337,325,28706.311412
2554.751386,1000,28741.973136
2114.316852,820,28771.02082
2594.089487,1000,28804.627466
2588.524996,1000,28840.45331
2567.89928,1000,28876.251909
2580.165476,1000,28916.69125
2616.377615,1000,28952.479197
1069.218379,435,28968.197587
992.935508,402,28981.658606
2588.164866,1000,29017.421914
659.227699,271,29026.405222
2581.901406,1000,29059.967104
1277.023398,512,29077.990107
2552.372716,1000,29113.86895
1302.689439,515,29131.837722
693.919477,282,29142.893471
2559.265594,1000,29176.682091
600.383422,239,29185.613297
2548.737891,1000,29221.443437
932.887819,371,29232.73769
1255.38225,492,29258.753079
582.580967,249,29267.709426
481.615127,209,29274.497539
643.958092,263,29283.493056
573.135895,228,29292.37137
2610.78769,1000,29326.191445
2598.818011,1000,29362.027987
1488.436531,580,29382.297224
1010.374212,412,29397.772789
2552.651292,1000,29431.479754
2575.289757,1000,29467.353676
2593.046057,1000,29500.962627
936.945587,367,29514.362113
475.483111,200,29521.1552
2579.540297,1000,29556.951759
612.441237,250,29565.871607
2567.582075,1000,29599.669523
625.841382,266,29620.07879
2622.823486,1000,29653.777563
1845.76319,726,29680.466283
26.224333,12,29680.513721
28.261304,13,29680.542549
35.555225,18,29680.580683
27.054824,12,29680.605793
74.54554,43,29682.803458
2588.746208,1000,29718.657354
2568.211213,1000,29752.25134
2560.967149,1000,29788.150227
864.96707,356,29801.571777
810.892893,317,29812.752064
740.296771,300,29821.784864
2606.252015,1000,29857.588977
2159.819452,837,29886.756644
2514.568687,1000,29922.677294
376.726303,162,29927.25119
2559.514859,1000,29963.335724
2588.752921,1000,30006.585059
2506.180402,1000,30042.399909
1035.18154,422,30058.05634
2597.619453,1000,30091.773114
2586.285697,1000,30127.801725
2503.224471,1000,30161.592245
2566.691556,1000,30197.542925
2584.16714,1000,30233.605313
2572.091065,1000,30267.392284
2568.769128,1000,30303.280952
2558.562943,1000,30348.582137
951.304357,410,30362.04676
2552.938096,1000,30397.904708
2296.909009,899,30429.234633
2561.774435,1000,30463.070735
573.659587,255,30472.090773
997.185753,406,30487.810917
2527.583931,1000,30521.524286
2533.332055,971,30555.180833
1021.820962,414,30570.853078
1333.12276,523,30588.945483
2562.939027,1000,30624.925986
1563.382724,627,30645.196739
1022.689374,409,30660.843518
2532.670188,1000,30703.961699
2541.731984,1000,30739.834241
724.267015,289,30751.046041
2558.615726,1000,30784.980097
204.725241,96,30789.436223
2536.864935,1000,30823.298403
2589.286199,1000,30859.277588
2577.878767,1000,30895.340493
2521.157971,1000,30929.214215
1479.314431,583,30949.518807
755.056186,321,30960.838314
2584.288279,1000,30996.838564
2558.640191,1000,31032.759441
1914.533033,744,31065.161426
1954.309151,767,31092.094669
2542.185316,1000,31128.103133
2577.408294,1000,31162.048847
2563.760444,1000,31197.992093
2600.710584,1000,31234.095545
2558.936697,1000,31267.971328
2123.706608,835,31297.251185
2543.684973,1000,31333.169877
2625.388669,1000,31369.157527
2560.718498,1000,31403.079065
2608.128218,1000,31448.437637
2581.779511,1000,31482.338907
2589.307793,1000,31518.324726
2558.805963,1000,31554.357333
2604.871529,1000,31588.30746
1162.963532,463,31606.270874
2569.213807,1000,31640.20154
1861.908334,736,31667.220125
1655.719933,651,31689.801825
913.272697,359,31701.139347
2564.899772,1000,31737.118816
2567.810914,1000,31782.26945
787.266099,323,31793.59207
2031.026765,785,31820.718855
1852.65508,727,31845.604279
1781.932583,693,31870.379352
2569.423721,1000,31906.403195
1875.442911,734,31931.289069
2574.052586,997,31967.338229
631.906523,286,31976.417598
2276.110655,880,32008.016179
2492.005031,1000,32044.073803
2552.629562,1000,32077.904441
926.411625,363,32091.288
2547.685751,1000,32127.476049
1765.107996,698,32161.737614
2557.538409,1000,32195.632321
2422.845249,945,32229.466854
1356.293468,540,32247.552148
2527.024401,1000,32283.619785
2408.067295,950,32317.464188
2569.245227,1000,32353.454689
2539.642912,978,32387.382564
2358.296329,922,32418.784146
1753.743505,688,32443.535051
462.948954,203,32450.277122
2617.133902,1000,32486.297539
2554.897608,1000,32529.565297
2570.26348,1000,32565.598589
1742.208158,671,32588.120714
2603.938941,995,32624.200242
2561.068015,1000,32660.316787
87.080142,49,32660.416667
208.554853,101,32664.886711
2571.580618,1000,32701.027754
2579.876305,1000,32734.843642
681.63004,279,32746.053942
2553.048875,1000,32779.771999
2496.686995,1000,32815.798167
2580.319907,1000,32849.726047
1223.942095,477,32875.805272
2402.470879,931,32907.490357
2562.068114,1000,32943.525903
2000.686314,771,32970.642492
2559.800932,1000,33006.719541
1905.450563,732,33031.619748
2561.510798,1000,33067.686304
1097.743222,438,33083.505696
2590.507788,1000,33117.193396
2535.472005,983,33153.174382
2589.199238,1000,33187.01494
2463.597339,1000,33231.957276
1674.447114,650,33254.466922
2544.015435,1000,33290.392214
2603.774542,1000,33324.255296
2187.044775,842,33353.503516
2583.0642,1000,33389.361863
713.389642,280,33398.398143
2571.008617,1000,33434.122069
2608.945253,1000,33469.88696
2572.878641,1000,33503.698602
2603.624275,1000,33539.672605
841.112214,341,33551.029915
2623.973326,1000,33595.367606
516.506308,217,33602.160348
958.781444,383,33615.639857
1687.170825,653,33640.340233
2583.743247,1000,33674.225945
2541.189104,1000,33710.244479
2608.357185,1000,33744.083839
2576.870462,1000,33779.348382
2582.621043,1000,33813.950002
2550.669008,1000,33840.40071
318.921844,143,33843.956141
2575.331332,1000,33872.097965
2102.207522,812,33894.92624
2563.302774,1000,33926.797192
2594.339948,1000,33954.92637
2585.645092,1000,33982.934633
2616.917662,1000,34009.273563
2562.535216,1000,34037.411109
1655.474315,648,34055.031185
2582.122767,1000,34083.199237
1353.796114,534,34097.09932
2615.064058,1000,34119.877157
2571.943635,1000,34141.394568
2136.532214,815,34159.935735
1339.992732,517,34176.81383
1916.704091,754,34193.919444
2623.376158,1000,34215.332397
2623.090391,1000,34238.112218
2566.871642,1000,34260.903796
1368.079067,535,34272.29752
2548.450231,1000,34295.011748
2556.70393,1000,34316.268774
671.825091,275,34323.314165
42.193513,32,34323.353091
2622.65592,1000,34346.040023
2570.597955,1000,34367.402468
2584.545066,1000,34390.034495
1924.844918,733,34410.786593
2567.818564,1000,34433.176604
2596.833632,1000,34455.473329
1150.058196,445,34465.294753
2588.130399,1000,34486.39047
2565.90644,992,34508.59986
2575.059866,1000,34529.56379
1376.469506,544,34541.866796
347.105056,150,34544.645777
2555.361749,1000,34566.523073
2094.294623,828,34584.314216
2554.849107,1000,34604.941226
