#{"t_start": 1626847347.1227386, "env_id": "AntBulletEnv-v0"}
r,l,t
502.696859,1000,1.189159
98.046043,206,1.425498
489.975109,1000,2.625522
113.459319,246,2.914219
483.864999,1000,4.077792
408.058234,859,5.083365
502.951513,1000,6.255415
41.678752,83,6.350948
555.221435,1000,7.504473
519.64579,1000,8.672708
510.671148,1000,9.834522
514.711494,1000,10.998861
476.129791,1000,20.000299
400.452592,784,40.625238
57.28195,98,44.897823
416.275084,1000,80.087173
394.942142,1000,117.380998
455.693914,1000,154.688626
43.554715,324,166.355654
494.957666,1000,201.432678
436.433363,1000,238.478927
244.158481,1000,273.35073
361.455086,1000,310.53468
450.409223,1000,347.260406
622.07138,1000,396.169722
531.647252,1000,432.873426
311.852805,1000,469.832759
139.772634,303,479.284694
426.108885,1000,516.534064
1.012094,20,516.591369
646.348299,1000,553.5238
387.78361,1000,590.637804
557.620024,1000,625.41584
583.357754,1000,662.233742
108.634233,224,669.275701
448.167624,1000,705.892752
651.274599,1000,757.154578
2.013092,20,757.215347
2.166713,20,757.27556
2.182091,21,757.338658
564.779531,1000,794.221559
475.09287,1000,831.00955
542.3429,1000,865.816185
470.284631,1000,902.482747
573.774632,1000,939.49805
-34.986347,112,941.926729
574.918808,1000,978.968536
529.323479,1000,1015.759676
523.805751,1000,1050.390559
753.826678,1000,1087.003228
164.651088,348,1098.559083
605.897266,1000,1149.716048
466.199207,1000,1186.443686
240.149477,458,1202.810629
67.564315,149,1207.485233
722.455425,1000,1244.628655
644.357214,1000,1279.34358
628.293493,1000,1316.239711
104.435369,197,1323.187799
744.125012,1000,1359.85402
522.438682,1000,1394.831466
587.701626,1000,1431.462106
490.030791,1000,1466.526221
353.19923,1000,1516.993584
700.48914,1000,1553.382063
623.130442,1000,1588.183069
736.341761,1000,1625.265167
557.331928,1000,1662.171103
577.064097,966,1696.64805
722.652765,1000,1731.153495
585.124228,1000,1767.793436
620.962226,1000,1804.43383
603.556412,1000,1839.238967
540.305085,1000,1889.703485
667.36513,1000,1924.119139
510.551663,1000,1960.768421
619.881706,1000,1997.853302
626.252365,1000,2032.775399
288.534985,619,2056.143302
707.429224,1000,2092.978886
708.578559,1000,2127.859981
782.962974,1000,2164.989633
559.554483,1000,2201.881167
682.558137,1000,2250.872237
482.862541,1000,2287.862501
733.517927,1000,2323.349751
727.172491,1000,2361.006346
488.968024,908,2394.02244
568.112122,1000,2431.506615
717.124961,1000,2467.01183
773.329491,1000,2504.735089
759.61124,1000,2543.76785
44.483432,139,2549.202533
548.922187,1000,2585.457099
556.588054,1000,2635.748083
558.034331,1000,2671.180972
535.316555,1000,2704.714997
717.725937,1000,2740.389297
634.415611,1000,2776.018408
693.409787,1000,2809.705584
753.027916,1000,2844.549519
757.286869,1000,2877.93897
670.604181,1000,2913.605299
733.528859,1000,2949.384486
666.971075,1000,2996.226129
882.590943,1000,3032.21403
729.430042,1000,3068.511899
806.761467,1000,3102.268924
820.87727,1000,3138.357845
769.770053,1000,3172.410312
709.646968,1000,3207.424479
732.351383,1000,3243.367469
849.515559,1000,3277.343991
812.835723,1000,3313.260649
687.953539,1000,3362.668995
705.988522,1000,3396.964771
770.33407,1000,3432.850329
732.57904,1000,3466.642761
773.813296,1000,3502.566154
720.776989,1000,3538.710354
779.13813,1000,3572.078535
908.027529,1000,3608.1785
799.635101,1000,3644.185567
720.472584,1000,3678.073163
749.383142,1000,3727.21128
720.9073,1000,3761.377258
791.687275,1000,3797.246197
778.577922,1000,3833.214936
711.474979,1000,3866.970704
687.130642,1000,3903.123115
645.909494,1000,3938.428939
570.021359,1000,3972.4452
812.78498,1000,4008.306333
759.12719,1000,4042.214827
728.484239,1000,4091.023296
707.462559,1000,4127.138693
660.078293,1000,4161.29873
671.961772,1000,4197.413398
461.799412,507,4215.468865
810.780072,1000,4251.18839
728.791436,1000,4285.286925
550.026741,1000,4320.432006
833.567327,1000,4354.308138
699.071111,1000,4390.434247
677.326585,1000,4426.327019
692.619724,1000,4473.140954
826.357607,1000,4509.704789
984.929262,1000,4545.753721
663.799149,1000,4579.56878
755.212185,1000,4615.606004
719.413529,1000,4649.496224
876.520152,1000,4684.513779
803.033614,1000,4720.457601
685.240131,1000,4754.456154
877.372774,1000,4790.783157
698.317925,1000,4839.501475
877.663325,1000,4873.338758
834.586037,1000,4909.147722
861.061639,1000,4943.257181
764.958816,1000,4979.350549
818.655867,1000,5015.391988
904.646419,1000,5048.095575
763.501913,1000,5084.127234
812.4338,1000,5120.520854
934.479738,1000,5154.23757
756.383154,1000,5202.945214
785.850727,1000,5238.330736
895.840891,1000,5276.425984
730.571863,1000,5314.530648
610.277294,1000,5351.103163
764.374768,1000,5389.396541
627.00925,1000,5427.858679
724.995316,1000,5463.450071
836.366272,1000,5502.308086
775.190501,1000,5539.159263
880.257119,1000,5591.026191
836.577925,1000,5629.348405
781.168078,1000,5665.268137
979.463119,1000,5703.339781
917.277341,1000,5741.523448
901.712544,1000,5777.983949
892.238478,1000,5816.414738
784.449339,1000,5852.285226
803.917846,1000,5890.41191
870.843165,1000,5929.742892
1031.260075,1000,5980.12162
984.611403,1000,6018.90692
835.230695,1000,6057.889877
567.881875,1000,6094.997753
895.75671,1000,6133.547052
865.615162,1000,6169.644657
1074.792553,1000,6208.274883
768.075037,1000,6246.14191
884.061786,1000,6282.412877
1195.728868,1000,6320.596586
702.575036,1000,6372.485252
748.702113,1000,6408.930874
901.237013,1000,6447.657473
763.465227,1000,6484.693057
725.71096,1000,6523.36257
1194.628885,1000,6561.912518
124.501154,130,6566.742588
799.615166,1000,6603.176064
947.611632,1000,6641.524403
715.612855,1000,6680.483156
1079.005821,1000,6716.557672
818.047667,1000,6769.078377
768.639167,1000,6805.172927
826.232087,1000,6843.581527
692.91545,1000,6881.78179
1204.097841,1000,6918.650711
800.621369,1000,6957.455089
1232.218802,1000,6996.180401
1034.436075,1000,7032.04083
830.294977,1000,7070.915625
838.499682,1000,7107.397346
954.318989,1000,7159.474043
1122.064113,1000,7197.704728
971.210382,1000,7233.779193
1124.464219,1000,7272.372818
665.675143,1000,7310.822063
904.229172,1000,7347.578882
1498.977825,1000,7386.492549
1509.041347,1000,7422.382131
1002.956802,1000,7461.097864
982.348922,1000,7499.175566
932.489354,1000,7549.380185
1201.270474,1000,7587.362563
984.847805,1000,7625.553921
1139.341644,1000,7661.461299
1205.783201,1000,7699.636428
1360.349327,1000,7735.243904
1037.915959,1000,7773.871795
749.562114,1000,7812.078636
1154.929258,1000,7849.07178
1067.593514,1000,7888.365262
1408.257207,1000,7940.727523
1039.815208,1000,7976.990001
1489.003146,1000,8015.340925
1446.335109,1000,8051.170258
1698.957037,1000,8089.250344
885.966559,1000,8127.606962
983.097237,1000,8163.732435
1819.128412,1000,8201.346595
1755.76729,1000,8239.583349
1805.405369,1000,8275.897579
1726.043542,1000,8327.65977
1686.343027,1000,8363.75828
758.375518,1000,8402.196285
1513.639288,1000,8440.213124
1953.643347,1000,8476.187558
1420.198435,1000,8514.250304
1992.687503,1000,8552.683626
1650.532261,1000,8588.631679
1804.215029,1000,8626.558465
1238.529734,1000,8663.168545
1139.918725,1000,8715.30591
1564.189287,1000,8754.305018
1941.938425,1000,8790.471129
1829.42957,1000,8829.111407
1835.241546,1000,8867.487985
2168.438359,1000,8903.346281
2045.691274,1000,8941.455578
1939.809279,1000,8977.250098
2051.225491,1000,9015.637424
2066.575351,1000,9054.344268
2029.122106,1000,9100.998886
2139.703347,1000,9136.765453
1972.588145,1000,9172.819777
2115.716428,1000,9206.744125
2023.168304,1000,9242.635037
1930.5093,1000,9276.612314
2113.140197,1000,9312.567338
2186.722692,1000,9348.314731
2188.119344,1000,9382.213961
2141.25795,1000,9417.542732
2102.610494,1000,9469.533779
2179.799875,1000,9505.969396
2183.905484,1000,9544.441582
2210.826211,1000,9581.460017
2194.839502,1000,9621.383441
1885.993277,1000,9659.753405
1908.245631,1000,9696.135714
2182.15071,1000,9733.987491
2125.274572,1000,9772.728334
2259.065734,1000,9808.399826
2252.001541,1000,9860.073528
2098.127184,1000,9896.323901
2266.193452,1000,9934.861449
2281.844318,1000,9974.038172
2287.503088,1000,10010.356013
2151.650233,1000,10049.079734
2143.623271,1000,10088.553646
2193.893188,1000,10124.885069
2159.710966,1000,10163.120856
2217.615406,1000,10199.975642
2149.675392,1000,10251.736316
2035.775636,1000,10290.063763
2275.149296,1000,10326.20602
2228.23589,1000,10364.699998
2258.784991,1000,10403.112912
2099.906891,1000,10439.365541
2189.047221,1000,10478.454822
2232.726333,1000,10514.617758
2165.851651,1000,10553.322307
2230.869659,1000,10591.634736
2254.285597,1000,10641.125222
2308.720444,1000,10679.355336
2302.972704,1000,10717.952492
2349.592309,1000,10754.332178
2350.438106,1000,10792.598889
2277.947469,1000,10829.331943
2191.534185,1000,10867.892015
2365.516515,1000,10906.222358
2343.268402,1000,10942.396667
2388.109383,1000,10981.071709
2327.040936,1000,11033.641794
2363.350052,1000,11070.037805
2294.633541,1000,11108.775148
2321.314691,1000,11145.264873
2378.5648,1000,11184.207304
2370.552031,1000,11222.955579
2368.963168,1000,11259.575677
2287.889983,1000,11297.914067
2389.216947,1000,11336.464618
2428.768185,1000,11372.887076
2363.009534,1000,11425.137973
2134.982288,1000,11461.770943
2384.586926,1000,11500.820843
2409.54094,1000,11539.623135
2316.999163,1000,11575.953497
2337.978779,1000,11614.882027
2431.715098,1000,11653.563758
2363.433628,1000,11690.076135
2428.303256,1000,11729.028188
2270.828451,1000,11765.684019
2415.703205,1000,11817.738597
2442.426724,1000,11856.369434
2497.140822,1000,11892.978519
2435.593651,1000,11931.670334
2321.011053,1000,11970.83578
2419.465865,1000,12007.710632
2433.70403,1000,12046.1546
2380.973466,1000,12082.698187
2347.413687,1000,12121.584481
2427.196165,1000,12160.513413
2464.486719,1000,12209.822263
2434.699648,1000,12248.928669
2464.420326,1000,12288.056625
2410.303633,1000,12324.763488
2382.596821,1000,12363.685753
2349.573339,1000,12400.16767
2376.976778,1000,12439.326149
1998.565334,1000,12478.597066
2444.005989,1000,12515.552271
2441.561747,1000,12554.579978
2272.814108,1000,12607.2434
2453.706693,1000,12643.726052
2482.277642,1000,12682.796881
2393.495742,1000,12719.746199
2398.811259,1000,12759.020828
2489.058439,1000,12798.304499
2464.735968,1000,12834.889958
2488.517265,1000,12874.202498
2571.213553,1000,12912.905949
2328.213648,1000,12949.464569
2474.643348,1000,13001.902876
2508.172916,1000,13038.555097
2310.472519,1000,13077.36044
2549.376345,1000,13116.257309
2398.833128,1000,13152.977234
2396.182037,1000,13191.888462
2530.782157,1000,13230.817879
2399.247576,1000,13267.754552
2361.794266,1000,13306.614667
2484.451664,1000,13343.203147
2507.412618,1000,13395.400174
2556.936411,1000,13434.182334
2623.48836,1000,13471.060886
2465.495613,1000,13508.905576
2613.959904,1000,13545.495298
2499.633597,1000,13580.030328
2483.289697,1000,13616.309444
2581.085399,1000,13650.571734
2522.308741,1000,13686.025557
2570.597417,1000,13722.236284
2610.131189,1000,13769.085045
2514.020326,1000,13805.958143
2607.091303,1000,13842.159806
2562.568827,1000,13876.076308
2537.822931,1000,13912.271147
2570.526597,1000,13946.425733
2579.553927,1000,13982.927739
2559.450224,1000,14017.857686
2664.87293,1000,14054.260878
2530.105106,1000,14094.213971
2521.132461,1000,14147.244309
2633.150603,1000,14184.172457
2581.492145,1000,14223.206012
2612.648882,1000,14259.870313
2624.906896,1000,14298.96085
2665.816429,1000,14338.130517
2686.632237,1000,14375.331421
2638.636204,1000,14414.102875
2578.214522,1000,14453.164698
2671.831881,1000,14490.292639
2580.097666,1000,14543.172343
2639.944903,1000,14580.823294
2561.356382,1000,14619.809764
2646.371145,1000,14658.726319
2597.945211,1000,14695.276013
2605.953693,1000,14734.272707
2625.17233,1000,14773.016978
2481.995727,1000,14809.928196
2685.40143,1000,14848.661204
2585.757398,1000,14885.415327
2656.315892,1000,14937.802619
2691.135339,1000,14976.586543
2675.226712,1000,15013.303612
2691.770492,1000,15052.149633
2702.706163,1000,15091.229819
2623.710931,1000,15127.478668
2708.924094,1000,15165.95757
2629.612492,1000,15200.432595
2568.603587,1000,15236.984439
2591.017166,1000,15273.500397
2648.170844,1000,15320.191794
2745.190998,1000,15356.918603
2714.128459,1000,15392.693444
2667.515174,1000,15426.628738
2633.816118,1000,15463.119652
2686.297068,1000,15497.554894
2681.602234,1000,15534.160448
2762.141222,1000,15570.613291
2682.074622,1000,15605.252271
2629.989762,1000,15641.779755
2670.398379,1000,15694.776753
2655.776947,1000,15731.674554
2683.584043,1000,15770.507953
2684.38476,1000,15807.179315
2288.752123,1000,15846.518148
2722.362638,1000,15885.867591
2750.798107,1000,15922.829081
2648.75435,1000,15962.378454
2717.288191,1000,16001.227355
2599.948938,1000,16038.458248
2734.267541,1000,16090.774733
2671.928001,1000,16127.783707
2704.524048,1000,16166.634098
2678.946356,1000,16205.733279
2767.219572,1000,16242.472778
2737.35416,1000,16281.473995
2726.563293,1000,16319.224921
2587.182536,1000,16353.188791
2689.030598,1000,16389.169676
2685.588978,1000,16422.858752
2751.082086,1000,16471.158251
2769.051972,1000,16507.239655
2687.171069,1000,16540.528746
2702.406748,1000,16577.217947
2723.794182,1000,16613.823262
2627.458065,1000,16647.851861
2710.572264,1000,16684.96998
2808.250351,1000,16719.964053
2809.13116,1000,16756.572941
2717.917475,1000,16793.333758
2732.248311,1000,16839.95755
2796.785796,1000,16876.269377
2712.145741,1000,16911.609118
2791.206831,1000,16945.769774
2740.93811,1000,16982.005822
2780.734719,1000,17016.44083
2769.628851,1000,17053.296129
2716.083304,1000,17089.789173
2750.166437,1000,17123.462365
2778.10706,1000,17159.880116
2786.645944,1000,17208.654389
2825.569232,1000,17243.226486
2835.713571,1000,17279.918512
2878.71818,1000,17314.711709
2724.733234,1000,17351.676831
2638.197827,1000,17388.053787
2661.5581,1000,17422.995536
2786.313645,1000,17461.912127
2793.294655,1000,17500.623357
2762.077755,1000,17537.481216
2820.7349,1000,17590.097118
2769.796377,1000,17626.852637
2669.255018,1000,17665.026653
2705.367296,1000,17702.011198
2834.280018,1000,17736.594262
2808.096711,1000,17773.482915
2811.401025,1000,17810.091881
2805.485602,1000,17844.96579
2845.673191,1000,17882.284562
2791.157913,1000,17916.715465
2905.802266,1000,17966.157382
2800.06713,1000,18003.129228
2809.578284,1000,18037.182804
2825.102629,1000,18073.602753
2826.424706,1000,18111.552509
2842.887042,1000,18148.46832
2857.094756,1000,18187.459675
2840.883139,1000,18224.249574
2905.164787,1000,18263.231728
2835.009578,1000,18302.148717
2927.870764,1000,18352.289711
2803.633469,1000,18391.341855
2865.406017,1000,18430.478353
2854.694299,1000,18467.021854
2873.605914,1000,18506.102719
2892.105927,1000,18542.818353
2893.486499,1000,18582.348973
2825.602374,1000,18621.504584
2862.828854,1000,18657.953797
2818.494792,1000,18696.909666
2835.869932,1000,18749.617537
2773.614276,1000,18786.330941
2742.477966,1000,18825.781511
2861.158005,1000,18862.306253
2900.012304,1000,18901.556885
2823.617136,1000,18940.679677
2869.455954,1000,18977.555715
2882.366872,1000,19016.548667
2861.965732,1000,19055.579365
2836.729345,1000,19092.472251
2785.822692,1000,19144.773356
2887.291363,1000,19181.551751
2609.93684,1000,19221.011639
2864.447818,1000,19260.290288
2849.671668,1000,19297.284465
2872.449835,1000,19336.965918
2853.042307,1000,19376.310368
2860.995827,1000,19413.44338
2886.972539,1000,19452.610713
2848.05737,1000,19489.234064
2843.147304,1000,19541.327134
2882.724691,1000,19579.616087
2913.267789,1000,19616.301915
2881.499462,1000,19654.763529
2940.1732,1000,19693.764728
2921.120868,1000,19730.749476
2930.992994,1000,19769.715885
2958.331672,1000,19806.274891
2859.241117,1000,19844.765449
2887.685611,1000,19883.382208
2879.947295,1000,19933.142305
2881.790761,1000,19972.737825
2885.451473,1000,20011.262709
2971.94202,1000,20047.414247
2908.891803,1000,20085.726585
2999.398796,1000,20121.877874
2910.316815,1000,20160.626636
2970.59928,1000,20200.011422
2894.997533,1000,20237.719784
2948.04565,1000,20277.083874
2904.371701,1000,20329.894358
2986.538945,1000,20367.126867
2958.009711,1000,20406.535143
2962.909881,1000,20443.560676
2781.833458,1000,20482.777416
2954.548527,1000,20521.784679
2996.297251,1000,20558.923743
2948.781586,1000,20598.514931
3003.88866,1000,20637.827515
2898.537726,1000,20674.963229
2980.434181,1000,20727.692632
2940.294077,1000,20764.859882
2981.958513,1000,20804.257289
2924.058235,1000,20843.969894
2933.89073,1000,20881.052719
2978.810689,1000,20920.553511
3028.300679,1000,20960.155799
2969.050884,1000,20997.268927
3065.030866,1000,21036.565015
2923.383202,1000,21073.761033
3018.491418,1000,21126.420374
2976.576013,1000,21165.942985
3004.284979,1000,21203.238874
2976.04307,1000,21242.511389
3035.480605,1000,21281.616929
2969.887567,1000,21319.044724
2959.972681,1000,21358.359807
3017.004832,1000,21395.354812
2970.999917,1000,21434.888499
3021.110528,1000,21474.457202
2930.997707,1000,21525.088549
2952.536275,1000,21564.749467
3037.083996,1000,21604.166672
2941.649207,1000,21641.423013
2976.700725,1000,21681.045382
2916.578457,1000,21718.271522
2997.718513,1000,21757.813275
2961.250831,1000,21797.304088
2976.298851,1000,21834.698547
2878.086158,1000,21874.244137
3058.138727,1000,21927.534833
3009.201292,1000,21964.766703
3067.493258,1000,22004.364496
3020.675896,1000,22041.771649
3013.097553,1000,22081.286142
3059.05355,1000,22120.830659
3064.261455,1000,22157.997631
3102.218576,1000,22197.680777
3035.754515,1000,22237.077428
3008.155985,1000,22274.312752
2984.131814,1000,22327.632493
3066.012773,1000,22364.603795
3079.46631,1000,22403.873258
3075.728565,1000,22443.40103
3068.951328,1000,22480.461401
3022.791873,1000,22519.744462
3061.187963,1000,22559.146495
2939.92498,1000,22596.466897
2921.495256,1000,22636.008092
3064.935022,1000,22673.236372
3034.766312,1000,22725.577785
3065.242268,1000,22764.853926
3083.380973,1000,22802.039352
3083.133412,1000,22841.449213
3083.479034,1000,22881.131114
3039.167368,1000,22918.264586
3100.362846,1000,22958.173776
3014.024575,1000,22995.271216
3060.635559,1000,23034.689083
2945.364376,1000,23073.928501
3092.91896,1000,23123.804111
3154.893568,1000,23163.18261
3113.408973,1000,23202.521742
3091.145157,1000,23239.813298
3101.176984,1000,23279.388323
3076.991563,1000,23316.805559
3118.957614,1000,23356.231696
2830.019932,1000,23395.689676
3103.353035,1000,23432.824345
3045.920497,1000,23471.682356
3074.563862,1000,23524.293825
3065.910551,1000,23561.609953
3060.733789,1000,23601.161347
3089.070964,1000,23638.777638
3109.066709,1000,23678.22586
3057.962641,1000,23717.769258
3011.716473,1000,23755.433026
3110.653091,1000,23794.86417
2998.564092,1000,23834.07989
3059.386972,1000,23871.043748
3065.417038,1000,23924.077681
3088.264276,1000,23961.247924
3074.087169,1000,24000.739983
3030.714834,1000,24039.968883
3018.991752,1000,24077.185189
3116.028907,1000,24116.633
3026.128728,1000,24155.531905
3148.438461,1000,24189.769927
3057.666355,1000,24226.016953
3129.36464,1000,24260.391369
3102.425436,1000,24308.6405
3133.594831,1000,24345.592249
3077.866028,1000,24380.066365
3143.383838,1000,24417.156812
2855.030595,1000,24453.948183
3114.869622,1000,24488.949109
3138.257289,1000,24525.670484
3168.419737,1000,24560.053188
3077.798173,1000,24596.835427
3115.365908,1000,24634.22874
2888.945777,1000,24679.981847
3040.015698,1000,24716.78177
3139.549422,1000,24753.81663
3131.777046,1000,24788.278986
3123.112918,1000,24825.029022
3058.654994,1000,24859.372935
3186.916114,1000,24895.960286
3102.74079,1000,24932.542571
3086.220266,1000,24967.172983
3096.933058,1000,25003.128814
3105.908154,1000,25051.965499
3058.284603,1000,25085.555474
3166.755235,1000,25122.180259
3171.731874,1000,25156.736
3135.227397,1000,25193.481115
3170.543279,1000,25230.141819
3100.777292,1000,25264.217124
3100.247725,1000,25301.032074
3175.142636,1000,25337.787402
3082.016894,1000,25372.347753
3148.503046,1000,25420.93309
3071.66148,1000,25455.690431
3143.576192,1000,25491.44668
3117.661584,1000,25528.147939
3126.978856,1000,25562.905768
3123.628331,1000,25599.735831
3197.321545,1000,25635.924066
3173.548815,1000,25669.880459
3121.612384,1000,25706.609901
3162.945716,1000,25740.827913
3185.590022,1000,25789.327978
3205.358119,1000,25826.169682
2859.225091,1000,25860.647961
3085.383544,1000,25896.015335
3134.484913,1000,25932.9873
3201.816694,1000,25967.91188
3120.460986,1000,26004.96373
3097.648736,1000,26039.81775
3155.065094,1000,26076.580734
3090.99134,1000,26113.66126
3204.666781,1000,26160.730142
3134.808273,1000,26197.656003
3181.732836,1000,26234.714569
3167.035309,1000,26269.269548
3156.07899,1000,26305.440082
3177.822724,1000,26340.012107
3108.911152,1000,26376.899503
3230.255939,1000,26416.699601
3157.02716,1000,26453.663737
3196.206428,1000,26493.25428
3156.421611,1000,26546.17944
3200.492859,1000,26583.607618
3105.079479,1000,26623.19721
3139.68916,1000,26660.547584
3168.245667,1000,26699.881083
3139.262247,1000,26739.270107
3173.317318,1000,26776.720733
3121.259608,1000,26816.56515
3210.026905,1000,26856.158028
3077.693005,1000,26893.433059
3032.006667,1000,26946.410775
3240.273247,1000,26983.811583
3148.587611,1000,27023.80262
3137.980249,1000,27063.369397
3127.550689,1000,27100.599759
3132.340256,1000,27140.214415
3191.412559,1000,27179.714141
3195.619268,1000,27217.028187
3231.7499,1000,27256.727958
3171.87518,1000,27294.332521
3156.015604,1000,27347.277487
3220.133237,1000,27386.973944
3240.672949,1000,27424.175629
3120.504812,1000,27464.007667
3190.76605,1000,27503.523228
3206.990553,1000,27541.009739
3201.76327,1000,27580.711925
3208.157356,1000,27618.101173
585.363325,1000,27657.946234
3096.636051,1000,27697.489662
2912.616585,1000,27748.283429
2919.405213,1000,27788.163017
3141.28485,1000,27827.781547
3210.407559,1000,27864.830882
3187.714928,1000,27904.3946
3198.083123,1000,27941.582291
3230.029066,1000,27981.178728
3182.785562,1000,28021.007595
3229.909906,1000,28058.294787
3256.308607,1000,28097.650991
3193.853507,1000,28150.473023
3187.76984,1000,28187.34167
3226.824975,1000,28226.230454
3231.876016,1000,28263.264574
3214.631366,1000,28302.775635
3250.638187,1000,28342.32245
3188.97757,1000,28379.558445
3169.409123,1000,28419.222006
3168.893031,1000,28458.566961
3169.597725,1000,28495.616122
3225.652179,1000,28548.130125
3147.220214,1000,28585.170175
3181.166024,1000,28624.519801
3188.300264,1000,28664.11665
3134.603195,1000,28701.296644
3104.301151,1000,28740.633857
3227.774146,1000,28780.242667
3262.970573,1000,28817.29758
3165.207528,1000,28856.281035
3186.386616,1000,28892.7707
3216.700422,1000,28945.138698
3188.070756,1000,28983.70646
3246.843088,1000,29020.120885
3213.286249,1000,29059.427851
3211.750984,1000,29098.885855
3165.829422,1000,29135.881433
3229.364181,1000,29175.505131
3196.874204,1000,29212.369933
3218.385931,1000,29252.229479
3199.901828,1000,29291.565899
3057.824208,1000,29341.918372
3249.3752,1000,29380.88699
3237.612123,1000,29420.362273
3092.182129,1000,29457.488721
3244.592099,1000,29496.875651
3268.484915,1000,29533.486881
3247.160933,1000,29572.825453
3216.002016,1000,29612.15239
3228.658702,1000,29649.110988
3265.968552,1000,29688.280114
3200.244196,1000,29741.578964
3179.80993,1000,29778.525159
3180.220281,1000,29817.952131
3172.752325,1000,29855.156988
3194.597515,1000,29894.381573
3265.361879,1000,29933.530169
3266.782084,1000,29970.400375
3247.696193,1000,30009.831013
3223.947549,1000,30049.032498
3207.786932,1000,30085.971177
3189.335326,1000,30138.310357
3267.745627,1000,30175.403741
3263.637043,1000,30214.804353
3270.812687,1000,30254.219095
3110.122995,1000,30291.346053
3206.401185,1000,30330.468248
3243.191041,1000,30370.010444
3249.842744,1000,30407.268535
3227.492852,1000,30446.812203
3307.533909,1000,30484.269522
3232.396852,1000,30537.076432
3192.215651,1000,30576.328242
3272.966065,1000,30613.604666
3212.043361,1000,30653.251949
3185.739337,1000,30692.821851
3200.084841,1000,30729.553889
3231.996558,1000,30768.823475
3184.459945,1000,30806.053997
3225.406189,1000,30845.798095
3155.147339,1000,30884.939867
3231.419245,1000,30935.320092
3125.591115,1000,30975.003155
3185.568818,1000,31014.483911
3265.919354,1000,31052.022746
3152.185026,1000,31091.4618
585.615321,1000,31129.139567
3154.579404,1000,31168.349222
3172.364257,1000,31208.226831
3260.922205,1000,31245.220051
3126.14858,1000,31284.74453
3189.291589,1000,31338.177882
3190.173338,1000,31375.410225
3237.787679,1000,31414.947416
3172.863416,1000,31452.355222
3267.899565,1000,31491.801982
3251.077004,1000,31531.132138
3232.68347,1000,31567.047573
3180.43082,1000,31603.315785
3201.192525,1000,31640.514913
3285.716738,1000,31676.07386
3264.968204,1000,31725.530164
3274.417643,1000,31760.367351
3263.66246,1000,31798.079562
3290.220088,1000,31835.260195
3237.120411,1000,31870.03254
3232.653059,1000,31907.793008
3242.171186,1000,31945.095757
3209.411852,1000,31979.155442
3268.624826,1000,32016.177903
3198.44843,1000,32051.415709
3181.424063,1000,32100.861389
3266.184884,1000,32138.023125
3297.841878,1000,32172.982786
3219.283421,1000,32210.261485
3200.674999,1000,32247.109948
3289.685783,1000,32282.169627
3255.569844,1000,32319.557402
3250.611083,1000,32353.612547
3280.948782,1000,32390.519559
3222.471849,1000,32428.213586
3259.735972,1000,32477.347945
3213.572943,1000,32517.19478
3271.034216,1000,32556.572961
3303.780399,1000,32593.752796
3279.142072,1000,32633.174077
3246.579496,1000,32670.426972
3279.1868,1000,32709.987036
3311.374845,1000,32749.742541
3278.649178,1000,32787.005702
3196.24823,1000,32826.755606
3207.357197,1000,32878.985959
3240.803297,1000,32916.260872
3294.745758,1000,32955.893334
3279.753244,1000,32992.758181
3247.529443,1000,33032.051821
3267.703022,1000,33071.316538
3290.856468,1000,33108.497905
3269.19129,1000,33147.676599
3135.882967,1000,33187.072113
3253.263831,1000,33223.835602
2729.630867,1000,33276.824847
3119.347682,1000,33314.603823
3277.079191,1000,33354.039515
3260.592409,1000,33393.477851
3290.89051,1000,33430.756741
3284.350492,1000,33470.000847
3253.162615,1000,33509.380958
3263.802643,1000,33546.580893
3289.658433,1000,33585.880349
3300.241455,1000,33623.025728
3254.552794,1000,33675.740119
3242.870996,1000,33715.159829
3189.512032,1000,33752.137995
3004.771639,1000,33791.476824
2761.305945,1000,33830.803349
3181.01264,1000,33867.847962
3281.912513,1000,33907.407882
655.429468,1000,33944.596752
3142.65583,1000,33984.015023
3241.109569,1000,34023.211404
3283.859752,1000,34073.436206
3232.344707,1000,34112.868722
3250.591735,1000,34152.533617
3242.339561,1000,34189.611455
3183.931131,1000,34229.001342
3239.093511,1000,34266.251881
3293.118506,1000,34305.984362
3277.36574,1000,34345.225533
3148.745423,1000,34382.455791
3241.683834,1000,34422.124547
723.478886,1000,34474.710843
3298.818097,1000,34512.202826
3185.358791,1000,34551.907496
3287.038364,1000,34589.144434
3293.805253,1000,34628.514604
3246.696125,1000,34668.466203
3263.267179,1000,34705.867809
3164.905775,1000,34745.284015
3209.283635,1000,34784.808322
3254.401387,1000,34821.96688
3293.532253,1000,34874.80173
3210.586064,1000,34911.902059
3322.405176,1000,34951.420275
3263.582714,1000,34990.88196
3306.052018,1000,35028.303286
3237.829301,1000,35067.491734
3247.738305,1000,35106.620405
3217.69119,1000,35143.265167
3284.957711,1000,35182.260345
3253.003011,1000,35218.792928
3296.892578,1000,35271.228581
3218.373567,1000,35310.618485
3244.473404,1000,35347.011341
3274.804792,1000,35385.637817
3295.445776,1000,35424.217284
3254.676527,1000,35460.672189
3173.264576,1000,35500.111131
3198.569952,1000,35537.191193
3270.053433,1000,35576.535591
3213.091075,1000,35615.789414
3281.306104,1000,35663.820504
3201.364463,1000,35700.809981
3280.443128,1000,35737.300771
3273.081266,1000,35771.466929
3327.801449,1000,35808.58349
3285.145498,1000,35843.209092
3306.927554,1000,35880.241633
3325.433885,1000,35917.777142
3211.650635,1000,35954.883642
1268.319167,1000,35994.645023
596.738249,1000,36047.615764
701.984758,1000,36082.703557
656.864883,1000,36120.01033
637.273015,1000,36157.191233
627.861729,1000,36197.314846
729.995706,1000,36236.688663
781.836345,1000,36273.942703
933.020652,1000,36313.113481
939.8697,1000,36350.333652
892.459668,1000,36385.364664
517.366825,1000,36434.560726
621.830652,1000,36469.06558
732.603799,1000,36505.612481
1051.799657,1000,36542.26637
891.046001,1000,36577.157507
781.69993,1000,36612.592584
997.674631,1000,36649.347264
636.365293,1000,36683.982947
1172.403911,1000,36721.041644
734.2921,1000,36755.891764
875.620049,1000,36804.936207
1154.630281,1000,36840.508736
965.775905,1000,36875.193888
777.999742,1000,36911.792267
770.026566,1000,36948.519413
943.055148,1000,36982.498455
999.29607,1000,37019.477746
817.678071,1000,37053.814144
1024.485025,1000,37090.649576
968.749844,1000,37127.372115
839.092248,1000,37174.297689
1005.653805,1000,37211.164607
984.584976,1000,37249.455108
1201.074019,1000,37274.59699
1268.829152,1000,37300.08699
1287.612841,1000,37324.230908
1533.712463,1000,37349.569499
918.659025,1000,37375.113349
1227.552288,1000,37398.915341
1373.674914,1000,37424.335876
1147.003734,1000,37458.167938
997.397959,1000,37482.504672
720.046577,1000,37508.113469
882.895494,1000,37532.206093
1069.099129,1000,37557.779546
