#{"t_start": 1625682745.0405602, "env_id": "Walker2DBulletEnv-v0"}
r,l,t
23.359825,27,0.066418
13.427081,10,0.076078
20.447938,21,0.095669
15.897435,11,0.106815
12.884874,8,0.115769
15.188406,14,0.129216
14.644253,10,0.138747
12.268839,7,0.145621
22.879943,38,0.183129
20.522875,20,0.202169
17.804203,18,0.219198
23.575517,23,0.241112
18.916398,15,0.256347
19.579977,19,0.274153
18.567586,19,0.292445
13.182928,9,0.30129
15.426982,12,0.313592
23.036538,19,0.331253
20.059228,18,0.348259
17.218703,13,0.361124
15.450911,13,0.374521
17.335598,14,0.387793
15.936364,16,0.402796
18.878028,15,0.417938
14.904123,11,0.429588
16.414456,11,0.440191
14.114787,11,0.450809
22.543155,22,0.471799
19.082036,18,0.49081
17.201051,16,0.506476
20.338459,15,0.520941
12.997956,9,0.529844
20.006281,19,0.549236
13.724182,10,0.558955
18.906275,15,0.573608
21.325504,21,0.593322
24.040432,24,0.617953
17.071265,23,0.63977
15.972614,10,0.64962
16.801719,16,0.66925
15.286475,10,0.681767
29.780363,33,0.713163
16.540355,17,0.729208
22.045912,22,0.750694
15.467038,18,0.768733
18.677264,14,0.782336
19.750433,19,0.800872
17.564909,15,0.815127
17.304182,13,0.828314
24.459951,25,0.851967
15.080753,12,0.863978
14.631682,15,0.878036
15.342971,10,0.888577
19.346389,19,0.9067
18.631225,17,0.923251
20.79012,22,0.943657
17.03225,11,0.95536
19.222911,17,0.971371
15.178496,13,0.984369
22.368149,21,1.004487
17.395201,14,1.018534
14.014756,10,1.028389
15.17785,11,1.039141
17.449404,15,1.054223
15.922201,11,1.065559
15.942446,13,1.07804
17.124816,17,1.093977
15.943619,11,1.104694
13.445033,10,1.115909
14.463419,10,1.125669
16.453726,13,1.138331
14.266227,10,1.148063
12.631428,8,1.156565
14.316182,14,1.169992
14.314231,11,1.181044
14.128781,12,1.19265
16.58206,16,1.208513
16.698245,14,1.22215
17.039913,13,1.234538
22.552159,20,1.254108
15.254078,13,1.267312
15.89496,13,1.279989
19.305089,17,1.296367
16.89263,17,1.312885
19.22641,17,1.330229
18.337149,17,1.347307
21.247487,20,1.368575
19.061624,19,1.393182
18.556374,18,1.416907
16.910992,12,1.42863
13.360973,8,1.436928
13.197033,9,1.447101
17.245739,13,1.460386
15.51197,15,1.474741
14.955149,11,1.485498
14.327571,14,1.498991
17.000266,20,1.519324
15.959711,12,1.530811
18.243207,15,1.545181
19.885546,21,1.565685
13.37956,10,1.576247
15.556954,12,1.587919
14.965583,10,1.597701
12.172883,12,1.609094
22.419385,19,1.628118
14.570761,14,1.642242
15.553957,11,1.652868
17.455907,12,1.664732
17.523073,13,1.678236
16.370673,12,1.689972
12.208792,8,1.69847
23.604348,25,1.722101
19.474292,18,1.740162
16.123148,11,1.750922
14.882255,10,1.761235
12.504337,11,1.77176
21.735733,26,1.797076
15.28572,11,1.807677
17.134532,22,1.829093
15.672444,14,1.842389
15.261382,13,1.855782
15.321501,12,1.86746
13.506482,9,1.876382
20.115565,21,1.897214
14.846097,10,1.907819
12.568438,7,1.91482
17.303828,14,1.928305
16.456257,13,1.940698
16.291186,16,1.957108
14.389418,13,1.969645
19.287262,16,1.984878
19.237618,19,2.002727
20.720572,23,2.025579
16.131586,11,2.036485
16.034601,11,2.047065
14.853962,16,2.062074
14.751589,11,2.074012
19.784752,18,2.090824
14.258657,9,2.099512
17.170639,14,2.112879
15.750448,13,2.126312
13.942736,8,2.134658
12.668625,10,2.14438
13.952386,10,2.153953
17.591057,15,2.16869
15.568419,14,2.182059
20.351466,22,2.203411
10.899137,7,2.21024
13.680855,10,2.220644
15.881719,11,2.23121
15.366671,10,2.240861
12.553248,8,2.248628
16.206067,13,2.262319
14.729413,10,2.271972
15.125454,10,2.281703
10.836201,7,2.288642
16.135498,11,2.300013
16.165398,15,2.314532
13.808192,8,2.322878
15.025169,11,2.333631
13.186067,10,2.344128
14.995414,15,2.358802
14.354121,11,2.369576
17.54013,12,2.381324
19.379662,15,2.397503
21.92982,23,2.419466
16.817188,14,2.432734
17.528644,17,2.449653
14.695408,10,2.46031
15.976233,12,2.471979
16.814054,14,2.485545
15.257971,13,2.497828
20.740375,18,2.515941
19.82491,19,2.53456
15.547209,14,2.547868
15.963571,12,2.559515
15.395463,12,2.572026
28.375493,27,2.598263
12.336962,8,2.606292
18.592942,20,2.625124
19.131082,20,2.645488
15.942832,13,2.658054
14.619649,13,2.670434
16.204739,12,2.682003
12.837122,8,2.690856
20.979202,18,2.708688
20.481617,18,2.725926
16.434579,14,2.739556
17.412431,15,2.754874
25.900279,28,2.781993
18.281031,17,2.798133
13.626347,9,2.806945
19.326798,15,2.822174
13.122942,7,2.829715
15.402731,10,2.839535
11.772716,7,2.846521
15.902472,13,2.859836
16.32099,13,2.872513
13.526218,10,2.882231
14.838644,10,2.89252
14.361696,11,2.904029
18.804446,15,2.918535
15.849617,13,2.931053
17.915592,21,2.951104
21.373552,23,2.974292
13.805648,9,2.983135
13.198386,11,2.993896
10.992357,9,3.002876
17.899312,14,3.0179
16.664454,12,3.029474
14.741256,9,3.038244
15.285783,11,3.048896
22.829343,24,3.072156
17.576738,18,3.089798
14.651476,14,3.103413
18.321173,16,3.118957
18.830103,16,3.13516
17.101037,15,3.150233
13.2785,9,3.158944
19.375274,20,3.177777
15.609439,13,3.190996
16.914604,10,3.200695
18.55067,18,3.218388
17.467812,14,3.231629
17.819811,16,3.24767
15.637277,13,3.260158
15.698667,12,3.272383
20.187383,20,3.291244
21.643464,25,3.315515
15.313436,11,3.326246
14.232959,9,3.335498
13.651685,8,3.343353
17.204009,15,3.358751
22.047244,19,3.377004
27.526793,32,3.407728
15.729748,13,3.420161
12.921976,8,3.428825
15.58441,18,3.446036
20.571939,22,3.467437
19.517342,18,3.484673
18.549316,13,3.497952
14.465089,11,3.508635
14.491783,9,3.517357
12.297913,7,3.52483
13.564859,9,3.534296
15.178006,12,3.546034
13.910722,9,3.554752
14.188317,11,3.565503
11.967081,8,3.574075
24.228957,21,3.594375
15.935378,12,3.605952
12.989185,8,3.614099
13.531751,9,3.623777
13.364184,11,3.634634
19.651734,17,3.65148
13.997207,9,3.660129
19.950291,19,3.678789
20.745165,18,3.69551
19.575275,35,3.729256
16.867479,13,3.741797
15.32795,10,3.752251
23.245546,19,3.77073
14.449461,13,3.783307
16.818456,16,3.798513
17.683742,14,3.812925
23.114388,22,3.83452
16.711318,15,3.849045
17.821798,16,3.864235
17.908729,14,3.878474
11.545687,7,3.885375
18.630111,16,3.901184
16.312617,12,3.912763
24.801932,33,3.944763
14.181006,13,3.957268
15.780311,15,3.972037
13.971959,10,3.981893
16.279639,14,3.99629
19.724605,18,4.013562
15.126664,12,4.025795
13.126616,10,4.035608
14.543849,10,4.046222
11.598899,7,4.053257
16.284033,13,4.065691
14.30442,10,4.075235
15.884508,14,4.089981
24.181279,23,4.111467
14.398975,11,4.122097
14.394961,9,4.130917
14.735859,11,4.1425
17.343975,15,4.15732
15.546811,11,4.167902
12.515064,8,4.175815
15.831668,14,4.190033
14.578346,17,4.206054
18.60328,13,4.219118
15.565567,14,4.232604
21.034035,18,4.250733
16.696196,13,4.263272
22.269858,24,4.286474
14.08001,12,4.298114
17.025163,12,4.310426
18.132885,17,4.326726
19.851533,20,4.346232
18.093431,18,4.363378
22.995013,21,4.384708
30.871984,33,4.416068
17.422671,16,4.43134
14.651971,9,4.440085
16.384071,14,4.454415
18.073879,17,4.471353
15.167771,10,4.481012
20.677528,20,4.500011
14.917183,11,4.511569
14.269348,12,4.523096
16.454367,12,4.535306
26.738597,27,4.56086
12.136094,9,4.570586
16.2511,16,4.585716
18.227541,17,4.602679
21.452123,22,4.623354
13.116762,8,4.632105
17.440012,15,4.646515
23.164611,27,4.672695
18.579661,18,4.689846
18.520806,16,4.70611
21.262247,18,4.723957
16.893191,20,4.742603
16.339198,11,4.753291
18.507221,15,4.768415
18.810782,17,4.784888
20.177787,21,4.805059
13.822701,9,4.814016
18.547732,17,4.831012
14.951648,14,4.84494
13.849532,10,4.854779
14.143816,10,4.86466
18.930892,16,4.880562
15.922362,13,4.893075
18.495817,16,4.908997
13.475562,9,4.917855
18.761859,18,4.935949
13.310053,8,4.943806
15.039118,18,4.960706
18.752408,15,4.975632
18.714937,18,4.99342
14.957802,11,5.004006
16.171176,17,5.020167
15.577215,11,5.031491
13.398263,9,5.041165
15.165236,10,5.050916
14.481157,9,5.05974
18.655007,15,5.074356
15.091714,10,5.084667
16.732585,12,5.096733
18.294006,21,5.116297
14.974657,15,5.130636
11.340971,8,5.139326
15.957781,11,5.150032
17.682834,17,5.166956
12.920173,10,5.176526
18.067004,13,5.189681
14.684394,9,5.198487
19.858922,16,5.213591
18.885822,15,5.228379
20.601091,20,5.248282
14.851824,10,5.257987
11.938076,7,5.26491
12.695008,9,5.273757
28.957922,29,5.302763
15.305657,13,5.315416
16.269262,13,5.327857
16.033955,12,5.339496
13.31539,10,5.35051
14.221053,8,5.35843
19.220071,17,5.374643
21.091558,22,5.395232
14.40629,11,5.407243
17.510645,16,5.422554
16.720048,15,5.436851
20.949336,18,5.454161
14.542146,10,5.464633
14.415803,10,5.475024
14.660601,10,5.484688
20.131879,24,5.506989
18.913344,19,5.525562
15.659626,11,5.536845
13.17734,9,5.545748
21.067013,18,5.562964
23.412027,30,5.592563
16.717504,13,5.60495
18.943806,20,5.623846
15.688774,14,5.637218
15.022651,13,5.650703
21.444008,18,5.668187
21.515949,19,5.686241
17.911109,14,5.699625
29.828164,36,5.735031
10.198421,13,5.747218
13.486501,11,5.757847
20.773402,20,5.777425
15.981774,13,5.790735
12.753455,8,5.798607
29.806924,28,5.824707
14.953401,11,5.835298
13.791695,12,5.847945
18.960173,20,5.866405
16.060225,11,5.877028
18.993278,21,5.896543
16.468472,12,5.909404
15.773444,11,5.92028
12.814268,9,5.928987
22.988153,20,5.947869
22.282026,20,5.968235
17.389662,13,5.980706
14.933732,15,5.994868
15.239338,11,6.005441
13.264659,9,6.015091
15.668698,12,6.02716
16.194472,12,6.038839
17.049693,18,6.055726
14.463921,11,6.067271
17.246187,16,6.082595
21.310093,25,6.106364
12.591407,8,6.114221
10.382133,8,6.122934
20.563424,20,6.14167
11.033958,7,6.148682
15.712293,14,6.162689
28.705338,33,6.195016
15.643401,12,6.206575
17.665767,15,6.221776
17.623621,14,6.23532
14.180395,9,6.244762
13.530764,11,6.255423
13.746502,10,6.2651
13.509768,9,6.273912
17.520313,16,6.290248
13.679081,12,6.301789
14.658751,12,6.313303
16.460834,16,6.328628
15.645651,11,6.340192
15.681601,11,6.351592
15.028008,13,6.364496
20.80643,19,6.382639
18.521588,17,6.399781
12.292239,6,6.406286
22.831533,22,6.427247
18.015968,15,6.441673
21.543862,21,6.462387
13.081847,10,6.472649
15.863334,11,6.483337
16.102362,15,6.497573
13.557496,10,6.508131
16.974723,16,6.523562
14.719814,12,6.536008
21.424038,21,6.555428
15.318858,12,6.567857
19.170934,17,6.584186
19.250421,19,6.602766
17.187547,16,6.618063
13.352246,10,6.628662
17.383923,14,6.642253
16.186772,14,6.656578
19.324436,18,6.673982
18.301462,15,6.689831
19.052378,17,6.706043
14.86852,12,6.717653
12.071911,8,6.726191
18.406431,21,6.748056
19.248381,16,6.763213
13.950732,10,6.772947
18.074312,16,6.788758
14.188487,9,6.798475
26.183483,25,6.822287
16.707485,12,6.833858
23.324809,22,6.85568
14.532117,11,6.867399
16.6477,11,6.878085
18.286871,20,6.89699
16.224696,11,6.907694
13.8631,11,6.920046
22.461117,19,6.938248
19.493671,16,6.953622
16.879984,15,6.967887
12.178615,7,6.976372
13.312419,10,6.986105
13.832387,10,6.995826
19.631801,17,7.011902
13.530274,9,7.021667
18.042193,20,7.041147
21.22928,22,7.061893
20.756816,19,7.079931
14.061567,10,7.09084
13.738019,9,7.100246
14.712075,11,7.110959
16.957965,14,7.124653
21.073118,18,7.142758
21.421022,19,7.160863
13.176034,9,7.170272
15.29044,16,7.185053
17.422579,14,7.199689
13.871089,9,7.208632
20.151954,21,7.229438
15.775667,10,7.239386
16.541951,14,7.253955
16.526701,15,7.268366
12.674663,8,7.276321
13.31666,13,7.288654
14.36847,10,7.300026
16.768848,15,7.31442
20.65046,23,7.336123
17.798531,14,7.349585
15.211347,12,7.362733
12.999645,9,7.371669
14.678103,10,7.381408
13.279206,12,7.39297
11.592603,7,7.401056
15.177284,11,7.411656
19.417863,16,7.427453
24.870333,23,7.449484
15.703636,13,7.46327
12.930162,8,7.471295
18.342539,16,7.487253
24.034423,24,7.51046
14.519904,12,7.522884
14.624316,11,7.533383
16.811126,13,7.546356
14.35891,8,7.554329
16.330969,16,7.570298
14.596679,13,7.582879
18.199306,14,7.596566
13.936873,10,7.606297
26.419351,27,7.633164
27.243,25,7.656871
12.216618,7,7.663903
14.983804,13,7.676985
14.650684,13,7.69033
16.676341,15,7.704657
19.225787,16,7.719939
16.54536,15,7.734578
13.861573,12,7.746763
14.539159,11,7.757296
16.088228,13,7.771004
13.884428,8,7.778874
15.134155,12,7.791361
22.509978,21,7.812142
18.791837,15,7.82656
16.988198,12,7.838338
13.646094,13,7.851699
25.863434,25,7.875926
12.566816,8,7.883967
13.333234,9,7.892759
21.291651,21,7.913779
13.863949,9,7.922516
24.12959,21,7.943234
12.724734,9,7.952091
16.448733,12,7.964717
21.823848,21,7.984439
18.979616,20,8.004002
13.540836,9,8.012969
14.087589,9,8.022982
17.447134,14,8.036571
20.772502,21,8.057003
19.182101,14,8.070688
16.77685,16,8.08704
22.362058,19,8.105892
13.890282,9,8.115297
20.833996,14,8.128756
14.630902,11,8.1404
19.81102,21,8.160192
17.389062,15,8.174801
14.831927,13,8.187682
15.012906,13,8.201226
11.824093,8,8.209209
14.864473,12,8.220848
16.484696,14,8.234408
13.016555,9,8.244664
17.264934,14,8.258266
13.527077,10,8.268135
15.833847,15,8.282375
14.881501,11,8.29434
15.875368,11,8.305771
16.016085,16,8.321231
24.372725,22,8.342507
19.107502,15,8.3578
17.92313,15,8.373102
15.156698,14,8.386716
18.23697,16,8.402181
17.456444,16,8.41875
16.387608,14,8.433308
17.390147,15,8.447975
17.29785,12,8.459889
19.725582,21,8.480982
16.005315,17,8.497807
15.974989,12,8.509697
17.412675,19,8.52777
21.671148,24,8.551635
17.859161,14,8.565711
16.072607,15,8.579946
20.180894,20,8.598968
19.425472,16,8.615392
18.710691,17,8.632387
12.898964,8,8.640295
17.968218,14,8.653845
17.618162,16,8.670394
13.011995,11,8.68096
17.234598,15,8.695798
11.370109,8,8.703837
18.106912,18,8.72138
19.340871,16,8.736714
14.548091,15,8.751317
16.043647,11,8.762098
11.860592,7,8.770074
12.969836,8,8.777988
13.356107,10,8.787636
13.404798,10,8.797327
15.701996,10,8.808122
20.976483,22,8.829454
26.289251,27,8.855125
24.171923,26,8.880805
19.411425,18,8.899438
23.714387,23,8.921543
17.513151,13,8.934165
20.709485,24,8.958034
15.107559,12,8.97096
17.585365,17,8.987287
16.354405,12,8.999223
30.060666,34,9.032674
16.727326,14,9.047228
17.742618,17,9.063633
25.497292,27,9.089929
14.859907,13,9.10242
15.10311,11,9.113948
20.509296,20,9.133646
17.723531,15,9.148854
25.423171,30,9.179085
16.499648,13,9.192459
16.866903,17,9.209048
16.020357,18,9.22635
13.617156,9,9.235302
35.909721,35,9.269552
15.423414,12,9.281295
28.804443,29,9.30915
13.796043,11,9.320403
12.35233,7,9.328308
17.299402,15,9.342892
16.392486,15,9.357291
15.648681,10,9.366982
19.145718,18,9.385438
19.252236,17,9.401947
23.888205,20,9.421196
12.593016,9,9.43019
13.932488,9,9.439963
19.471891,18,9.457652
17.48257,16,9.473268
20.828487,19,9.491497
12.136212,8,9.500311
18.020586,16,9.516241
14.578931,10,9.526042
17.859157,16,9.541584
11.890712,9,9.551427
11.60784,7,9.558429
21.040588,21,9.578803
9.324075,7,9.585822
14.172213,15,9.601065
16.026553,15,9.61542
16.215042,14,9.629184
20.678061,22,9.650441
15.426778,13,9.664192
20.106525,22,9.685146
18.89697,19,9.703943
13.830708,10,9.713734
16.406104,12,9.726205
15.720391,12,9.738207
18.555966,16,9.753481
17.352699,15,9.768563
9.996834,6,9.775484
17.207293,14,9.789135
15.318072,11,9.799899
22.138821,25,9.823837
14.710571,10,9.834977
15.410586,13,9.847862
17.784777,15,9.862334
19.92503,17,9.878973
17.452829,12,9.892128
21.154119,20,10.216666
18.533638,12,10.238751
19.229865,12,10.260908
19.406688,11,10.282654
93.983231,94,13.680027
20.980146,23,13.721574
21.992115,24,15.378639
10.226208,9,15.403037
10.411306,9,15.419621
11.736463,9,15.43598
12.532923,9,15.452287
9.998864,9,15.469941
12.009357,9,15.486184
13.47918,11,17.120629
12.304381,10,17.138759
12.29126,11,17.170647
12.748788,12,17.19242
12.930434,11,17.212193
12.545293,10,17.230279
15.859843,15,18.868604
15.548971,14,18.894181
15.730529,14,18.919529
15.668401,14,18.944971
16.743066,13,20.620391
11.943513,7,20.633819
12.262911,7,20.647362
12.371126,7,20.660745
12.437432,7,20.680924
12.4219,7,20.694269
12.080872,7,20.707587
12.446651,7,20.720879
12.50857,7,20.735299
10.480283,7,22.400901
12.663312,16,22.430473
44.624899,61,24.177844
12.053605,12,24.206905
11.727274,12,24.229063
12.20895,12,24.251312
11.580546,12,24.27349
8.998572,67,27.709709
30.865037,32,27.768667
28.884143,35,29.525268
8.263038,12,29.547382
8.016472,12,29.576487
7.735477,12,29.598611
7.918836,12,29.620888
7.848636,12,31.444813
9.607819,11,31.476916
9.143074,11,31.49705
8.836933,11,31.517225
9.201603,11,31.537213
9.670715,11,31.558073
7.870234,11,33.405697
-1.191415,66,35.353238
11.006918,12,35.37514
11.040529,12,35.407935
10.837008,12,35.429914
10.250172,12,35.451861
11.738057,12,37.267068
92.517724,129,41.049759
148.676807,255,48.773828
93.059056,99,50.739698
71.185539,86,52.689704
42.238769,111,56.508897
46.375375,73,58.444811
16.002465,83,62.213701
44.750364,51,62.307622
77.577928,130,66.196766
8.021956,78,69.916054
84.465727,82,71.871319
43.531663,82,73.827224
48.883911,54,75.740014
44.477725,59,77.64679
25.693203,114,81.475989
85.314539,75,83.426994
54.460049,74,85.386097
6.398575,145,89.296184
56.683586,74,91.248415
91.308444,75,94.945991
12.375985,60,96.884691
21.729311,23,96.926656
20.500051,23,96.969093
17.859849,18,98.802086
17.586532,13,98.837237
20.315242,15,98.864981
19.445911,14,98.890589
111.00743,153,104.588898
28.450527,28,104.651577
24.063536,23,104.69383
67.045985,81,108.464214
64.686838,53,110.366445
67.410263,82,112.321132
88.331776,68,114.250233
48.390593,42,116.117369
24.342747,35,116.180775
38.242215,46,118.075689
24.314151,24,118.119553
24.586906,26,119.952786
57.645831,91,121.887653
35.444378,54,123.790561
38.57775,38,123.86137
33.677086,41,125.706358
22.261026,26,125.754971
35.629716,43,127.611731
43.326912,54,129.495024
35.480139,35,131.326732
-9.196973,45,131.407948
-8.739953,41,133.265628
30.65515,38,133.335001
92.693516,92,137.035775
76.81551,88,138.96076
60.870674,60,140.845308
39.94842,46,142.704592
51.851153,60,144.587141
105.371731,142,148.393241
58.47386,55,150.312173
83.994035,77,152.223854
56.775538,53,154.083271
124.231852,141,157.894232
62.413151,50,159.765623
63.079519,127,163.581361
34.04082,72,165.498466
161.579772,161,171.113713
40.744628,54,171.221979
103.572545,100,174.937141
57.148754,78,176.850269
91.421724,98,180.566252
61.869492,97,182.528638
29.545589,49,184.371221
101.055072,114,188.146754
36.031348,57,190.015841
72.341859,74,191.938069
73.071092,78,193.851142
29.568242,43,195.684496
63.440975,51,197.539519
68.59954,61,199.440866
25.091126,43,199.519214
21.70538,62,201.433355
77.921412,63,203.324982
108.616664,99,207.093469
153.205463,149,210.946635
27.623336,34,212.824979
135.446388,118,214.83824
69.388921,60,216.761119
69.848943,64,218.677798
65.018989,55,220.57632
86.4682,68,222.486206
112.990655,95,226.240544
85.779881,71,228.170037
69.155946,51,230.005675
81.685257,80,231.91843
110.721875,97,233.855751
90.891677,75,237.530729
71.196201,55,237.629835
80.149283,98,241.397265
45.461829,64,243.321929
107.335892,87,245.253471
34.934232,66,247.13956
89.432727,75,250.807395
90.289977,78,252.731342
33.918915,67,254.612297
95.573798,82,256.540783
136.978695,119,260.315027
54.159844,92,262.276872
110.343201,92,266.008164
23.096258,69,267.924653
42.906063,87,269.837266
95.990336,76,271.777474
60.837331,46,273.644981
76.498425,63,275.519331
79.549716,122,279.289766
116.220538,104,283.051656
43.233455,43,283.128619
43.174089,126,286.893084
43.43623,96,290.581167
68.538767,63,292.48107
129.604924,114,296.259789
112.352303,98,298.224646
68.656895,142,302.000225
120.925632,103,305.712645
54.348992,62,308.368147
102.956061,159,312.28292
66.06735,82,316.024124
70.359191,66,317.953679
73.860292,67,319.865681
66.826664,64,321.774934
93.075633,83,323.725106
48.416962,112,327.49277
29.477387,63,329.396403
96.22487,89,331.365709
87.468482,78,333.317131
22.228563,85,337.072832
100.64263,104,339.065874
105.145232,93,342.823616
149.488372,181,348.507818
97.385899,114,350.512488
78.414502,92,354.26319
16.654142,113,358.035703
75.431414,74,359.95084
65.134828,75,361.874087
23.936669,36,361.939119
101.387621,77,365.672833
95.091443,100,367.659907
93.867035,69,369.600885
84.174615,67,371.512366
103.362611,79,375.206079
81.606277,68,377.139536
107.079944,84,379.108596
88.708532,77,381.033695
105.443167,74,382.961754
64.992852,55,384.845516
142.994039,121,388.625281
47.842034,52,390.489087
72.28671,71,392.437716
96.165975,95,396.271477
31.015531,77,398.237367
68.138346,50,398.330486
102.254984,80,402.120371
115.371618,92,404.085906
37.340388,73,406.010101
101.685835,88,409.727841
99.484276,95,411.685892
69.116572,51,413.572828
72.69149,55,415.472517
101.4324,90,417.411043
81.752629,63,419.336102
86.697392,63,421.290555
129.594231,118,425.167879
105.822479,84,427.129168
154.701391,140,432.777721
21.444968,74,434.685452
125.404992,97,436.621993
76.43742,56,438.490068
81.21353,64,440.382941
17.965978,60,442.280963
69.418746,48,444.169752
110.515003,101,446.11984
56.755785,131,449.863756
102.255931,84,453.594912
96.688904,77,455.550416
76.876953,59,457.46382
89.712692,68,459.381309
76.920854,68,461.295591
84.671753,67,463.227212
98.329864,74,465.120821
93.004535,72,467.038829
80.491152,65,468.940204
82.376681,82,472.665078
110.363288,90,474.611137
27.949797,86,476.562544
100.484318,98,480.330007
118.978454,176,486.021139
118.039375,101,487.988569
152.06011,127,491.758666
94.944523,126,495.552394
87.876621,71,497.468473
135.305496,114,501.235878
99.551319,81,503.151824
103.951154,83,506.819754
117.556781,91,508.747212
160.98067,139,512.532059
98.741657,74,514.417705
171.334657,140,519.930474
105.180403,97,521.855804
80.681879,64,523.721616
86.501015,66,525.590048
77.56458,66,527.475372
63.167858,52,529.3243
152.282372,150,533.102968
79.559302,64,534.972435
178.158736,170,540.541648
90.958454,78,542.43692
76.970642,62,544.295646
85.564498,74,546.192278
96.338985,81,549.859392
73.652922,61,551.73679
86.905848,79,553.6466
103.948936,105,555.594866
128.52633,110,559.29637
102.196448,92,562.977736
25.438145,46,563.059104
105.383914,95,566.738682
79.097206,78,568.636869
215.691814,238,576.068136
90.096088,97,578.0121
18.200707,84,581.653329
163.162102,140,585.395033
128.110675,105,587.350368
92.525122,69,589.22018
117.262749,89,592.894992
146.113806,160,596.702656
640.750727,907,625.223763
99.062242,80,628.947665
706.540707,819,653.585999
124.766335,99,655.545918
127.243606,102,659.343466
103.240725,84,661.321851
17.166512,19,661.356509
8.971166,10,661.375086
19.885512,21,663.219439
84.398606,83,665.167538
103.014202,93,668.923129
105.549938,108,670.885515
104.785495,85,674.548833
80.490515,67,676.417655
81.978497,78,678.314341
115.644294,94,680.244355
332.157595,439,693.369169
95.888678,77,695.25648
33.032998,40,697.077876
96.303431,80,698.9528
200.489904,202,704.571884
86.904177,76,708.216687
80.519485,111,710.172205
69.735235,54,712.006051
86.775662,186,717.66481
99.661468,84,719.576667
105.196603,90,723.272844
76.032913,60,725.128465
83.462623,79,727.03519
69.990174,53,728.889247
80.527762,67,730.753943
128.562676,109,732.708334
72.335579,66,736.35189
144.296599,138,740.10758
86.00534,76,741.996824
149.633242,135,745.752486
68.436047,56,747.643427
81.900325,72,749.524016
85.080411,72,751.413453
87.323485,72,753.303743
74.17151,64,755.181901
109.772958,93,758.872455
74.705033,57,760.732641
340.356683,392,772.175461
103.117103,85,774.158334
105.498629,78,776.104086
109.744257,79,778.026501
124.966333,96,781.776756
80.280164,60,783.696595
96.647181,75,785.639211
108.637114,80,787.592177
370.426445,390,799.165202
106.267879,80,802.811101
34.537315,28,802.861069
122.671913,106,806.599882
82.886513,61,808.503949
102.590427,82,810.428208
268.183195,288,819.86327
138.992858,136,823.725019
103.846038,79,825.680558
74.256141,116,829.508253
99.263739,76,831.444232
106.068821,86,833.393664
99.687044,90,837.111681
106.906315,86,839.0383
140.735614,125,842.760161
102.930052,75,844.673699
132.314592,109,848.397171
153.518586,140,852.237534
182.489453,163,857.924335
97.394564,72,859.851761
96.680214,73,861.801925
85.301567,63,863.751906
143.577048,130,867.614903
275.273381,295,875.391637
134.586246,123,879.148621
97.435003,76,882.814326
134.059165,118,884.785561
119.103839,106,888.465471
113.016884,88,890.38076
122.181854,91,894.072692
120.535271,104,896.023359
126.515613,108,899.751931
135.698201,116,904.281894
98.400271,79,906.227829
106.004272,81,908.177577
86.863422,68,911.900223
272.340192,276,919.550137
23.03458,62,921.44558
92.271251,63,923.33573
113.581948,95,925.262864
101.813691,80,928.911467
101.426894,82,930.841994
100.991631,73,932.758718
113.56548,88,934.705114
90.397149,65,936.62184
105.070106,77,940.367067
97.268153,73,942.283692
107.551788,92,944.232724
114.084048,97,947.925905
93.663261,64,949.800092
149.816303,125,953.519247
96.610467,73,955.428356
93.950635,72,957.332542
96.010491,67,959.26663
89.259185,62,961.166023
239.550662,242,968.735726
101.524691,83,970.715473
108.506122,82,972.686888
97.510836,70,974.641606
112.502341,91,978.397834
63.550988,94,980.343059
99.644319,82,982.276149
208.371909,197,989.65079
117.669938,105,991.596561
95.10919,73,993.494602
97.108372,69,995.387561
135.466991,112,999.090573
165.267975,161,1004.669296
97.18007,67,1006.551024
94.714513,75,1008.472833
115.090493,91,1010.424851
149.731225,109,1014.183772
127.80101,106,1017.908951
105.920748,77,1019.807307
102.906175,85,1021.7131
111.284474,88,1025.362953
83.017323,59,1027.219958
101.297563,78,1029.136615
84.701722,69,1031.04581
110.657004,103,1033.035581
88.590444,65,1034.964197
93.150967,65,1036.883281
100.421627,72,1040.573676
128.78592,102,1042.540154
153.952311,114,1046.257539
113.733087,81,1048.189656
153.294815,127,1051.924277
116.165269,95,1055.595173
128.982275,102,1057.539224
88.531879,65,1059.417863
117.229417,105,1063.114325
81.838635,58,1064.965649
108.982148,82,1066.866415
22.77369,48,1069.0998
95.145789,71,1071.131491
142.429484,108,1075.213567
177.678268,149,1079.349928
104.142484,83,1081.531754
97.214004,76,1083.637579
110.11557,83,1087.747051
93.310957,68,1089.750172
84.337703,63,1091.92389
114.071134,90,1094.096092
110.993671,80,1096.243623
88.733542,73,1100.419756
141.039045,104,1102.566476
125.204633,111,1106.64338
110.471873,88,1108.762736
94.038121,69,1110.785729
113.379834,90,1114.884319
91.27456,76,1117.046083
99.24676,71,1119.193292
112.806738,83,1121.389171
94.929411,73,1125.422456
101.527421,80,1127.470132
123.8754,99,1129.563417
102.53238,76,1133.4741
108.001245,94,1135.649576
134.002034,105,1139.75585
211.238625,206,1146.10439
161.892282,129,1150.284384
106.822187,87,1152.424435
128.79126,94,1156.458835
106.91557,79,1158.584854
125.692278,93,1160.75206
132.371243,95,1164.757622
171.348916,167,1171.042932
99.757469,77,1173.071384
173.744079,151,1177.137933
49.773535,42,1179.135694
108.449013,82,1181.180502
91.606625,81,1183.330542
111.753569,86,1187.468794
36.008422,35,1187.563039
140.427612,109,1191.661031
132.434976,98,1193.770523
240.692234,231,1202.061609
160.261146,120,1206.289259
105.497349,72,1208.365126
109.848384,76,1211.371481
149.23452,116,1215.465907
132.555527,103,1219.519295
163.507767,132,1223.773385
103.523107,73,1225.860283
212.4345,173,1232.107368
112.529356,77,1234.204073
98.543514,71,1236.291415
121.479961,94,1238.47051
127.882408,102,1242.57561
134.967587,102,1244.716944
122.601808,89,1248.792731
39.017258,34,1248.869096
97.480658,72,1252.935437
113.0756,85,1255.148648
125.121625,87,1257.268794
102.452145,75,1259.380582
162.70942,142,1265.479
133.579696,106,1267.61336
120.766922,88,1271.646935
122.86252,91,1273.871304
124.106524,90,1276.040544
111.157777,86,1280.211782
113.526549,90,1282.331582
111.830013,93,1286.257335
65.026192,47,1286.363088
140.417287,114,1290.440902
154.418946,122,1294.495997
119.030148,86,1296.581929
136.843621,103,1300.809083
105.143506,79,1302.861343
117.689559,87,1306.887087
198.031629,164,1311.053776
94.153156,66,1313.198469
106.787628,74,1315.316283
119.39989,84,1319.485195
97.948052,68,1321.54214
147.871782,115,1325.710543
149.509333,114,1327.844108
112.646705,81,1331.845388
96.879684,71,1333.943746
207.787091,176,1338.090203
95.942301,73,1342.222136
110.536781,82,1344.288542
141.897634,118,1348.270441
190.113493,153,1352.52879
112.221974,80,1354.591037
105.983685,78,1358.67063
123.175127,94,1360.853319
127.076186,96,1364.971844
271.888705,244,1371.3291
143.555943,112,1375.515702
156.683017,125,1379.814138
167.287724,143,1384.09285
102.096827,85,1388.237968
21.920057,24,1388.291338
32.977733,26,1388.350686
47.231837,41,1390.44261
116.519939,89,1392.550204
143.819222,110,1396.585545
129.486643,99,1400.760175
126.041115,96,1402.958007
120.550711,92,1406.992683
423.144364,397,1419.46446
121.093553,99,1421.643959
206.585337,189,1427.86233
172.414392,147,1433.839791
136.20653,106,1435.922325
84.404669,63,1437.915712
103.40554,74,1440.042495
119.528416,108,1444.184001
169.022803,138,1448.42816
98.420078,82,1452.644843
101.395841,75,1454.748171
164.019825,130,1458.858902
145.78498,113,1462.961772
242.441217,225,1469.145062
105.328716,77,1471.227829
131.19479,106,1475.375033
136.432509,102,1479.518018
88.173939,71,1481.646629
105.169295,71,1483.768614
133.787276,118,1487.80387
117.076104,82,1489.877692
90.7377,77,1492.013654
40.484709,34,1493.95348
46.424641,44,1494.066695
147.480334,112,1498.292789
166.032706,127,1502.422068
164.203289,114,1506.649916
135.482312,98,1508.778815
137.313357,100,1512.878786
115.372703,76,1515.02255
134.939553,102,1519.130348
135.57762,92,1521.247416
357.549449,349,1533.462554
101.126917,79,1535.56985
139.472148,106,1538.957182
22.070645,49,1541.016132
143.262727,115,1545.050841
172.311933,128,1549.329
247.247351,207,1555.540073
106.57052,79,1557.658416
127.943111,88,1561.775379
40.101333,34,1561.851645
132.940429,92,1565.951172
162.160178,125,1570.132146
154.237533,183,1576.255651
144.802906,106,1578.477364
146.677742,104,1582.49687
115.191665,81,1584.606155
175.931744,141,1588.778081
126.489248,96,1592.862181
102.040538,67,1595.041729
9.715861,41,1597.135427
170.6619,112,1599.418936
119.575467,78,1603.613114
38.755489,39,1603.700421
196.163974,160,1609.94646
178.177032,129,1613.979097
363.217061,471,1628.446101
140.624229,103,1632.450094
243.877487,221,1638.923405
201.470573,155,1645.058643
91.72357,70,1647.091746
101.820091,87,1649.303027
178.492413,151,1653.630316
208.401769,229,1662.167228
125.503908,99,1664.391286
133.157902,95,1668.540231
167.592663,117,1672.700746
76.78169,54,1674.805713
19.342791,73,1676.877199
36.638429,33,1676.951685
206.529246,166,1683.306462
90.696089,72,1685.520254
194.895473,159,1689.957059
171.813598,127,1694.134046
178.034917,153,1700.275148
166.477942,112,1704.295203
124.159885,101,1706.494788
83.005867,166,1712.645561
194.858883,163,1717.027989
77.301542,57,1719.196833
186.874707,155,1725.605389
32.38798,26,1725.664334
43.071134,42,1727.679927
176.231527,128,1731.890339
82.508481,60,1734.034134
46.388218,43,1734.1299
240.42821,251,1742.421833
178.698474,133,1746.568248
78.108844,57,1748.584665
217.114577,187,1754.912138
102.247105,74,1757.081449
84.126104,62,1759.255935
72.774797,56,1761.329154
183.855775,154,1767.669726
35.795542,41,1767.771769
188.375572,154,1774.094449
47.570765,47,1774.197423
165.341963,114,1778.478326
191.694832,146,1782.840858
61.234906,49,1784.851292
199.541155,161,1791.156082
92.69704,84,1793.33421
251.45324,220,1799.591149
46.593081,36,1801.599707
71.267153,147,1805.878488
679.883363,1000,1839.533124
134.64827,93,1841.775738
167.434744,130,1846.011768
225.25746,189,1852.223482
240.557183,198,1858.621923
72.80443,63,1860.708017
707.57947,1000,1894.974492
117.624821,89,1897.151879
131.801105,94,1901.427194
51.845196,43,1903.484963
54.126652,47,1903.588814
140.97462,97,1907.742609
162.697428,115,1911.942285
190.732523,146,1916.258754
162.605411,128,1920.489138
25.718112,74,1922.631453
20.591484,70,1924.747261
290.517586,255,1933.261469
432.807074,457,1948.123608
145.582262,100,1952.293554
205.489007,166,1956.652463
329.224168,312,1967.22371
119.446059,81,1971.355776
148.317846,161,1975.674731
237.506198,193,1982.132414
581.22154,1000,2016.404204
726.540845,994,2049.048302
187.707116,149,2055.72556
191.803084,149,2060.109582
173.676626,154,2064.57572
225.56334,175,2070.879372
181.858134,126,2075.179566
200.78872,147,2079.453491
751.076112,1000,2114.356868
202.378167,194,2121.099476
152.408814,135,2125.623474
59.333139,125,2130.086572
213.975932,166,2136.587561
78.474284,68,2138.756513
193.953483,140,2143.167034
213.574098,161,2147.565648
481.931909,1000,2183.160441
191.443696,136,2187.588095
98.866353,64,2189.758837
25.93731,82,2192.043738
195.354558,145,2198.764953
131.201922,95,2201.09676
179.11856,150,2210.840776
144.756321,163,2215.439972
149.299223,109,2220.025439
202.763665,165,2224.565648
219.13826,168,2231.230891
204.967887,163,2237.890257
423.886986,463,2253.571495
105.951775,87,2255.908911
110.52565,77,2258.157762
201.7521,162,2264.850451
234.273545,208,2271.801429
182.285867,174,2278.740454
217.047563,161,2283.361871
185.00597,151,2290.02718
168.279315,119,2294.565248
108.204293,72,2296.844709
186.115581,129,2301.531252
184.996401,130,2305.984572
147.082145,108,2308.323728
171.893682,123,2312.903395
96.336639,76,2317.481252
133.583138,109,2319.815354
700.325449,1000,2356.113657
221.954664,172,2362.956266
184.6125,142,2367.426775
753.00823,1000,2401.508116
138.869918,94,2405.92067
166.872382,109,2410.416753
773.499468,1000,2444.46223
355.816835,273,2453.537357
198.082931,199,2462.460991
338.134494,341,2473.73543
159.5431,113,2478.263723
215.280902,162,2482.82284
196.832641,190,2489.622287
74.945279,58,2491.932258
576.489353,568,2512.23161
156.928298,129,2516.645736
117.743224,88,2518.902384
199.613329,146,2525.63384
152.786998,111,2527.966731
284.851771,244,2537.167691
238.110933,155,2543.952953
239.906609,190,2550.961318
173.693532,122,2553.323938
123.261944,92,2557.809154
128.863062,85,2560.245141
782.111989,1000,2603.367424
284.728245,240,2612.336728
176.928794,138,2616.819164
245.53253,185,2623.622518
98.475519,78,2625.894444
172.018099,134,2630.327916
176.880637,127,2634.851041
283.370026,243,2643.887014
150.444501,103,2646.17921
16.030444,96,2650.603327
171.247479,125,2655.073593
181.894356,130,2659.800885
90.396085,62,2662.031308
758.268448,1000,2696.235837
175.832724,118,2700.914545
189.999402,157,2707.678344
788.363052,1000,2741.589464
823.791404,1000,2777.269245
834.603316,1000,2813.341042
98.783614,74,2815.665434
488.5835,1000,2849.655828
188.936784,139,2856.274
117.655798,84,2858.613874
639.746606,1000,2892.671418
698.271455,1000,2935.749197
139.376721,119,2940.288981
265.776619,213,2947.132322
231.854187,180,2953.820876
281.784245,221,2962.701813
802.315732,1000,2996.463841
175.569196,141,3000.944349
362.667317,303,3012.112223
198.105901,141,3016.555807
177.561943,118,3021.027588
102.34045,72,3023.24362
741.844437,1000,3059.082556
206.379638,144,3063.569654
361.871693,288,3074.993714
160.762375,125,3079.606924
171.304403,123,3084.097847
41.447341,102,3086.395868
246.136508,259,3095.476315
168.930142,110,3100.072454
108.581862,81,3102.327329
45.657619,36,3104.5371
179.158262,170,3109.27128
79.790175,109,3113.882107
333.954319,368,3127.593889
238.66428,190,3134.324863
826.953499,1000,3167.749298
768.448298,1000,3203.446438
49.50073,57,3205.70891
198.267713,134,3210.163255
36.50625,87,3212.489435
71.132372,125,3216.966171
198.69712,166,3223.54108
182.349171,117,3227.92837
37.089443,66,3230.200322
85.947751,60,3232.472996
165.607996,117,3236.904252
127.729681,95,3239.200852
311.989167,362,3252.438401
124.998786,76,3254.702063
185.358577,172,3261.341447
258.945834,209,3268.016
40.013253,36,3268.093855
222.35452,140,3274.728416
209.986926,154,3279.287717
110.75482,69,3282.678793
819.687841,1000,3318.260025
312.623034,240,3325.134758
103.891059,66,3327.370642
592.193317,1000,3363.024797
163.135589,111,3367.445941
276.617734,229,3374.202473
564.933932,1000,3409.856435
140.005502,111,3414.26141
735.327971,1000,3447.376299
374.294269,366,3459.832683
49.054582,49,3461.902358
737.299292,1000,3495.406187
196.759001,183,3499.726748
130.757333,109,3503.892609
170.745735,125,3508.050434
175.455849,116,3512.245122
161.480666,100,3514.448104
144.19359,107,3518.694811
858.998467,1000,3552.579356
106.051427,67,3554.687809
164.103436,135,3558.9385
730.002598,1000,3590.820895
754.839992,1000,3625.779996
132.986033,85,3627.912733
283.601136,200,3635.925075
232.274123,154,3640.039067
140.944372,119,3644.218921
177.095724,117,3648.394734
104.459037,83,3650.511372
39.549787,81,3652.638908
139.40324,107,3656.793148
35.752267,33,3656.859592
82.12538,63,3658.967861
265.379946,231,3667.399537
142.398236,96,3669.627066
29.136532,22,3671.67871
246.492839,184,3678.088022
189.541038,122,3682.321756
243.317852,190,3688.710355
39.95749,35,3688.782086
147.936018,125,3693.039279
268.298744,187,3699.438732
159.213447,133,3703.726063
134.636331,106,3707.942671
155.528817,105,3710.134586
699.479629,1000,3744.145324
50.925481,51,3746.293003
151.79092,111,3750.541504
22.264718,19,3750.580816
115.211457,81,3752.761711
174.416812,169,3759.111537
260.349577,209,3765.539213
240.36271,174,3771.817838
246.56355,169,3776.087808
398.88057,301,3786.664997
388.456193,428,3801.488351
98.355825,121,3805.711808
216.92542,139,3809.973315
94.101227,71,3812.086154
76.598088,66,3814.191847
783.995198,1000,3847.506593
226.187621,145,3851.740611
193.620196,122,3855.960661
380.387265,343,3866.472156
85.148148,64,3868.60024
106.943653,86,3870.815732
224.362451,165,3877.103721
803.343735,1000,3910.813164
218.061507,143,3915.110575
795.262623,1000,3948.85784
81.022265,56,3948.981104
103.423277,70,3952.250646
408.584749,322,3964.776084
397.70491,327,3974.92488
234.190409,157,3979.061583
598.242556,597,3998.31105
226.77881,162,4004.55527
864.247252,1000,4038.291954
174.264319,122,4040.555501
261.594127,180,4046.959247
226.322228,167,4053.211518
226.973299,182,4059.542077
180.333038,139,4063.843458
526.765554,769,4089.364469
863.15399,1000,4122.958895
868.420569,1000,4154.613894
216.685176,163,4160.803617
176.552934,122,4164.977469
320.113575,308,4173.486168
305.794923,307,4184.001355
157.766518,110,4188.176052
215.877989,146,4192.446706
735.897202,1000,4226.650826
142.425323,119,4230.873
202.840442,138,4235.18384
265.920401,198,4241.510386
308.489834,267,4249.973992
204.02091,140,4254.251513
196.335747,145,4260.530282
185.371215,133,4264.792711
226.678344,155,4269.015809
212.324967,157,4275.196888
223.71182,146,4279.400457
243.157134,190,4287.54006
343.399856,281,4295.967719
398.846631,390,4308.363546
291.709972,228,4316.303781
380.901022,337,4326.957566
60.609435,49,4329.064956
763.976635,900,4358.9366
200.914363,157,4363.303678
165.741732,111,4367.538361
177.124788,119,4371.780788
227.593965,159,4376.142457
188.878921,130,4382.428804
409.806252,373,4393.030309
246.605555,184,4399.329821
268.992853,185,4405.596909
183.291023,126,4409.844345
251.22316,215,4416.20358
214.613568,145,4422.394434
59.065803,123,4426.58884
274.412926,249,4434.94085
203.715512,147,4439.27275
200.866566,140,4443.627096
167.625846,120,4447.941284
378.103205,318,4458.70888
157.41437,105,4460.907881
61.461021,113,4465.140318
322.509818,268,4473.665427
312.553829,228,4482.100113
226.265407,146,4486.321337
162.818832,108,4490.42012
322.814853,346,4501.049993
198.378735,145,4507.199472
824.962988,1000,4538.798314
290.590396,231,4547.101073
835.501037,1000,4578.521839
149.710116,121,4582.685227
209.662832,165,4588.905803
217.203882,175,4595.127388
225.246643,160,4599.374987
245.733555,167,4605.680209
245.974903,192,4612.00486
219.052546,142,4617.526507
208.012444,145,4621.76517
281.269858,248,4630.129448
289.893478,224,4638.481457
194.943534,131,4642.639558
214.924227,154,4646.57379
231.107888,147,4650.485782
220.138361,162,4656.561712
235.65663,153,4660.787016
283.360503,229,4669.176169
250.491339,162,4673.433932
204.496709,138,4679.667653
266.383005,207,4685.929745
220.27516,155,4690.125637
200.535419,127,4694.337048
692.045232,752,4719.311195
153.846773,111,4723.427531
250.403647,191,4729.648386
243.444288,170,4733.903038
250.589305,194,4740.187724
365.528519,362,4752.743256
733.364344,583,4771.676726
239.388537,175,4777.905022
215.750028,144,4782.090537
185.278499,126,4786.23499
124.792638,88,4788.370271
566.629838,474,4804.872095
243.367352,169,4811.115891
501.077257,516,4827.812798
287.373266,202,4834.125175
514.545714,450,4848.837785
216.83732,173,4853.096734
183.677574,140,4859.231549
116.965017,94,4861.400004
158.864956,138,4865.666014
343.285136,248,4874.063317
185.789489,141,4878.266551
209.306097,132,4882.437661
297.009615,218,4890.746505
164.477971,107,4894.872141
329.268974,251,4901.219498
197.085953,126,4905.383174
237.424608,163,4911.690331
182.157783,121,4915.950593
252.738492,196,4922.197291
178.264485,140,4926.386431
313.209262,236,4934.642699
170.659248,113,4938.818572
293.185415,192,4946.796319
656.247851,1000,4978.490537
209.678819,141,4982.568788
285.306544,225,4990.95783
206.985575,135,4995.216241
381.103991,301,5005.832733
208.940548,152,5010.157797
205.686562,137,5014.428776
470.566124,343,5026.910541
216.744069,147,5031.218395
200.649303,147,5035.457432
163.708049,115,5039.649363
120.535146,78,5041.798929
557.458706,409,5056.425681
278.90387,189,5062.741402
827.413513,624,5081.936366
268.326217,179,5088.256252
232.448415,160,5094.570953
517.594141,393,5107.427302
688.842051,588,5126.52965
377.161119,288,5135.13962
119.660204,92,5139.335137
173.148751,150,5143.649009
305.496196,248,5152.026372
189.326215,134,5156.268592
241.440987,167,5162.684858
252.021129,164,5167.036055
253.556039,174,5173.391977
356.680278,258,5181.935154
192.358198,126,5186.231208
216.878713,159,5192.592657
182.964053,124,5194.839929
210.417302,135,5201.056616
206.514025,156,5205.27887
185.385524,127,5209.556491
305.449305,233,5218.127052
482.813277,346,5228.829592
273.79027,193,5235.180846
221.540193,146,5239.419892
349.206403,256,5247.90763
234.68217,158,5254.240975
92.449056,61,5256.375772
339.333191,233,5262.925077
322.501621,228,5271.413568
249.83885,163,5281.33865
250.854082,170,5285.656316
254.981877,172,5291.892351
235.076101,158,5296.150339
240.53942,185,5302.407574
271.99226,191,5308.693126
238.736193,154,5314.83614
461.751721,305,5322.708494
24.270183,17,5324.691021
20.756391,17,5324.725265
32.1803,34,5324.807045
313.984581,211,5333.097935
274.083544,215,5339.451363
278.060199,203,5345.788181
227.665317,160,5352.029276
229.253629,145,5356.325312
294.240619,222,5364.839806
329.369401,210,5371.381087
238.352484,160,5375.72148
257.761565,187,5382.085427
304.791674,215,5390.447289
422.853183,280,5399.210173
291.158219,215,5405.720147
583.653519,409,5420.806611
337.327078,246,5429.400941
85.844852,66,5431.51454
289.79362,215,5437.955209
227.376572,178,5444.362168
415.165264,319,5455.153174
239.306282,158,5459.376128
401.864409,306,5469.96796
199.746753,141,5474.326851
254.60901,172,5480.631128
236.808559,169,5484.954684
441.683394,321,5495.632705
406.681506,311,5506.159538
369.266136,265,5514.827652
616.028788,430,5529.703926
268.896468,178,5536.012163
217.023622,157,5540.375967
337.34423,233,5548.888025
131.236579,83,5551.036594
246.150029,162,5557.424809
295.90364,217,5563.86751
268.587485,185,5570.300402
426.892708,303,5580.83452
251.368897,176,5587.140453
460.301465,333,5597.672062
389.282047,269,5606.034215
321.566286,233,5618.882059
482.135507,331,5629.456948
200.308707,146,5633.809519
354.527949,265,5642.345935
391.495977,276,5652.704824
230.299687,153,5656.727937
699.556979,567,5675.157187
403.484381,269,5683.529575
450.37403,340,5694.018396
228.111539,158,5700.283379
324.14781,235,5708.773727
244.756602,172,5713.115817
444.914597,342,5725.782875
320.783077,242,5732.137725
267.88055,197,5738.415314
218.71515,151,5744.681867
275.440176,172,5749.02078
224.321558,149,5755.250707
458.671608,366,5767.875605
336.834148,269,5776.376167
228.247718,162,5780.700155
227.93662,155,5787.065185
368.758836,333,5797.640408
26.86739,21,5797.678003
158.657717,116,5801.860901
257.38936,194,5808.303745
464.085947,297,5818.796293
289.937533,199,5825.127023
352.795266,238,5833.66757
456.374747,312,5842.158287
259.384236,193,5848.430678
407.921683,282,5858.81505
378.661281,256,5867.292221
314.709353,206,5873.695032
733.429321,530,5890.62951
431.216991,294,5901.304004
820.094062,613,5920.636778
557.704438,388,5935.402225
254.547926,184,5939.85935
185.644641,139,5948.139576
241.524987,155,5952.484401
193.247637,127,5956.735415
191.327571,141,5961.025005
372.912606,303,5971.486634
329.169092,248,5979.821491
346.29225,259,5988.244163
334.982161,223,5994.354576
810.009823,518,6010.790635
31.052089,104,6015.028659
457.290381,349,6027.808985
397.70096,263,6036.340247
228.172888,150,6040.69153
343.404433,239,6049.222142
392.461651,238,6055.747723
244.915934,170,6062.119545
297.224028,198,6068.686582
419.982885,269,6077.236876
481.835456,320,6087.896986
278.984761,189,6094.350455
399.562665,279,6105.087922
315.062661,210,6111.549748
614.343313,413,6124.526851
242.898449,168,6131.004469
325.738099,229,6139.488686
213.950227,167,6143.884083
206.961469,148,6150.161728
189.483699,137,6154.484907
738.995281,483,6169.661294
200.01133,128,6173.941446
478.004272,320,6184.519667
216.970382,153,6190.787574
431.622814,300,6199.359006
381.196436,271,6209.960135
543.778906,381,6222.933244
267.427794,188,6227.342896
862.22645,1000,6261.25183
743.801591,485,6281.836738
381.804207,246,6288.295453
742.294408,484,6305.422038
582.735855,376,6318.011541
1014.157208,752,6342.934046
266.443452,184,6349.450375
676.137624,452,6364.385286
356.420976,236,6370.878831
567.230601,392,6383.637979
273.387467,191,6390.065616
1301.374832,862,6419.804084
331.781636,211,6426.30605
19.72514,16,6426.339502
361.333574,238,6434.945412
421.929341,267,6443.473554
438.918781,300,6454.113994
472.584865,319,6464.811247
380.497712,265,6473.384258
304.265971,213,6479.86278
763.226319,520,6498.794173
582.83017,606,6517.80865
291.698384,183,6524.201651
220.700271,152,6528.558243
733.670231,484,6545.613796
285.81912,187,6552.00107
1033.532717,686,6573.4816
295.923801,191,6579.960204
499.828466,329,6592.660091
644.498971,458,6607.727524
352.052691,250,6624.449303
459.345674,317,6635.215903
779.492214,516,6652.364391
274.740045,175,6656.754693
410.738428,314,6667.644942
951.556354,653,6690.289611
950.472087,736,6713.626308
592.603464,426,6728.571893
886.040541,1000,6760.586549
280.240889,189,6766.868772
750.857856,499,6783.622402
278.196734,187,6789.92129
332.570181,219,6796.30666
393.53823,252,6804.728553
818.447454,1000,6838.239804
725.718347,502,6855.163862
358.76449,231,6861.591243
604.845168,453,6878.342636
634.537437,421,6891.267583
809.512624,547,6910.193195
614.387694,383,6922.876763
366.32948,220,6929.201388
1510.353522,1000,6971.018879
1039.304206,684,6992.359204
804.792279,489,7009.258637
386.217462,226,7017.304794
49.607403,44,7017.385166
289.644474,187,7023.410702
518.214222,315,7034.036587
694.140166,450,7048.869938
288.995792,191,7055.217225
828.994778,508,7072.303499
816.301698,531,7089.259793
331.710119,208,7097.616003
248.271323,158,7102.009649
911.822039,622,7123.376588
1458.040277,1000,7155.633158
573.591604,381,7168.420589
689.226302,457,7183.212464
1182.25231,841,7212.657835
1384.40028,870,7240.000478
452.374505,298,7250.532048
924.864505,573,7269.437764
630.452686,425,7282.094676
1643.495636,1000,7322.730033
1275.596296,824,7349.773574
1064.318323,698,7372.103909
1547.947736,1000,7403.544047
499.63324,314,7414.111892
408.558157,273,7424.56005
884.32805,565,7441.365286
370.597824,222,7449.641435
317.186182,219,7455.971471
428.409853,282,7466.416021
565.453689,357,7476.950494
403.240232,285,7487.429959
1578.56606,1000,7519.103902
1453.278934,876,7548.465491
1459.936999,887,7577.818686
962.134976,626,7598.782188
98.247823,65,7600.884443
813.404985,514,7617.745774
244.825649,197,7623.991556
1560.182209,950,7657.619846
1609.733905,1000,7688.906722
304.359462,180,7694.712909
1541.258507,1000,7728.082495
909.476058,544,7744.899085
642.587863,424,7759.585739
1272.948347,814,7786.816334
588.735071,366,7797.380972
534.288401,345,7809.82301
367.531373,263,7818.208256
1420.459242,878,7847.717894
53.335293,44,7847.802696
51.599011,39,7849.847866
402.784244,242,7858.215321
610.690474,380,7870.885974
606.53989,356,7881.529535
831.067662,499,7898.254293
592.653409,340,7908.877957
1571.40577,957,7940.393714
406.833038,244,7948.793797
206.603894,132,7952.999449
514.213075,297,7967.0068
1265.709901,757,7992.160523
744.790972,450,8006.853998
389.143312,253,8015.179797
585.708627,394,8027.450154
336.213433,200,8033.324033
1015.145657,609,8052.234984
184.366745,118,8056.373786
417.363252,255,8064.727367
456.556864,276,8073.110652
848.876827,496,8089.869006
36.101507,54,8091.93373
28.099713,23,8091.995525
552.939183,331,8104.45123
245.060545,154,8108.676103
358.336931,230,8117.007537
227.926978,148,8121.224305
297.826197,181,8127.478254
353.538695,220,8133.792104
212.916941,131,8137.963994
248.478731,159,8144.171608
632.598199,391,8156.745785
1159.595206,663,8177.725291
796.709533,506,8194.531527
203.803735,136,8198.734911
233.7794,150,8204.983216
283.850002,177,8209.278322
207.564761,147,8215.509974
40.296768,34,8215.593421
182.736375,113,8219.744134
673.306237,389,8232.394268
459.223852,272,8240.894577
324.826225,212,8249.261854
468.323372,299,8257.745112
285.13535,182,8264.041097
24.268481,21,8264.081035
335.534612,203,8272.368769
868.498209,560,8291.034782
207.697299,141,8297.281327
1164.48001,690,8318.43642
275.533649,156,8324.690434
1661.129867,972,8356.260971
1769.041255,1000,8389.221921
462.639538,262,8397.573662
801.52331,456,8412.269296
756.248106,454,8426.916186
284.5135,171,8433.149279
306.387514,186,8437.457002
1702.448985,1000,8470.883228
207.356174,123,8475.069943
840.679686,480,8491.740479
374.063285,222,8498.060241
373.484632,217,8504.420706
1298.702476,716,8529.358839
338.971336,218,8535.671227
986.240842,571,8554.496673
529.625098,296,8564.946325
1422.206644,855,8592.116604
350.475744,209,8598.470615
244.479637,148,8602.749313
256.601304,171,8609.020949
1694.792829,1000,8647.045606
299.031169,178,8653.283787
520.731233,303,8661.754097
257.048559,161,8667.982759
292.639598,184,8674.242772
750.849394,429,8686.86186
261.731155,164,8692.86865
1019.190084,568,8711.206258
1025.790713,577,8730.023062
1025.772234,593,8748.978488
404.961522,225,8757.279758
371.187799,218,8763.667135
349.732197,212,8769.991219
331.370731,193,8776.334266
971.188321,560,8795.247324
912.994259,522,8812.139701
1776.946181,1000,8845.824036
475.019158,292,8854.246693
27.695836,24,8856.297883
991.306612,552,8873.385255
1843.00191,1000,8907.048983
688.574356,398,8919.633089
249.183287,147,8925.861311
805.050191,460,8940.617944
1082.583038,631,8970.274693
784.792403,470,8985.043776
968.76318,567,9003.993634
23.480559,19,9004.045577
1822.883031,1000,9037.004361
509.84489,305,9045.58062
1827.643043,1000,9079.0862
1809.255992,1000,9112.585474
1116.409773,630,9133.503748
228.995344,134,9137.70428
205.001403,125,9141.877532
1675.059828,923,9171.277732
718.51974,413,9185.882271
1648.848094,949,9215.373125
1834.92598,1000,9248.91494
1787.724834,1000,9282.565153
1818.972981,1000,9323.316411
1611.036928,919,9354.733765
1376.046616,761,9377.431854
313.603166,185,9383.692832
239.340794,148,9389.953712
787.728494,421,9402.613285
510.910447,282,9412.976467
261.146908,153,9417.285382
1222.634134,685,9440.307478
1062.752135,559,9457.15249
437.166,248,9465.558032
255.984927,157,9471.759945
813.276401,437,9486.428866
332.820593,184,9492.64917
1814.347628,1000,9524.073248
520.546932,292,9534.532711
288.19391,174,9538.820869
460.211162,261,9547.204871
1530.452427,821,9574.534414
1626.844847,890,9603.96384
1865.073471,1000,9646.801512
1846.443778,1000,9678.361229
900.061545,493,9695.030332
1091.623668,596,9713.448287
930.477263,503,9730.362345
834.354338,471,9747.17083
664.015432,380,9759.852295
728.135088,394,9772.609695
1173.681453,642,9794.072696
1777.507343,1000,9826.33851
1374.558004,742,9851.952698
682.293169,375,9864.80987
392.676097,242,9873.409785
445.24397,256,9882.017912
376.214566,224,9888.500479
1062.81741,583,9907.786722
1859.402139,1000,9942.180902
485.127221,261,9950.802812
1879.124255,1000,9990.021992
237.802151,142,9994.343089
1779.079141,1000,10026.257877
1082.872,602,10046.857438
1566.733802,858,10074.265728
247.986587,144,10080.583161
19.618221,14,10080.61219
282.093809,166,10084.911807
1830.707298,1000,10118.871017
524.274445,317,10129.448098
209.432953,123,10133.674824
417.870838,243,10142.098046
1764.412201,1000,10174.06622
1011.813624,555,10193.142296
26.475083,20,10193.177714
1291.830119,699,10216.444624
586.214316,329,10227.110174
1117.508273,633,10248.319025
1247.795737,669,10271.567242
1389.242621,731,10294.922861
955.156996,515,10319.672227
1796.834073,1000,10353.338717
443.048573,245,10361.754685
705.850247,400,10374.218767
1109.803323,635,10394.739548
1921.939205,1000,10426.334575
1869.877445,1000,10459.889812
1919.845381,1000,10493.473908
943.4344,516,10510.287592
557.287286,304,10518.83081
1853.715625,1000,10552.674792
1464.326826,763,10578.016567
732.820565,383,10590.673461
849.029622,457,10605.685709
1677.926531,897,10643.877089
1377.343688,755,10669.523034
443.607789,255,10678.078892
1932.181919,1000,10712.615923
42.987813,35,10712.679092
1864.454948,1000,10746.032834
241.635583,152,10750.239901
1836.291811,1000,10784.042391
1880.393714,1000,10815.762527
1878.784784,1000,10849.646166
619.704042,370,10862.520669
1641.911489,883,10892.609695
74.751404,60,10892.732428
1846.705665,1000,10926.852866
1733.08729,925,10959.121651
297.014327,168,10963.505252
337.3712,210,10970.021821
238.558168,141,10985.599767
1821.303675,1000,11017.865036
1935.583755,1000,11052.137056
608.729267,334,11062.291227
216.147882,140,11066.616382
1791.090656,998,11101.067852
123.994899,86,11103.300861
616.212134,356,11116.186692
193.950656,129,11120.439925
1794.251716,987,11152.893199
361.840047,230,11161.494738
947.192008,507,11178.653794
449.393686,256,11187.295187
1029.160605,564,11206.474109
109.878899,86,11208.685438
932.326252,503,11225.766186
1219.213114,686,11249.157414
1189.223185,663,11270.650547
1146.757824,631,11292.138474
123.835105,104,11294.341604
433.974743,235,11302.733156
1238.275519,673,11335.399714
1294.209485,694,11356.90631
801.965328,442,11371.757759
1894.771322,1000,11405.117364
1931.492965,1000,11439.206555
1349.313371,712,11462.580239
879.94206,474,11477.552343
1397.410713,730,11501.219504
107.676692,77,11505.313817
1307.181709,694,11528.905038
768.154866,412,11541.734582
737.442042,412,11554.454437
720.212473,421,11569.234112
1354.196356,718,11592.849798
655.378066,393,11605.658074
1873.360215,1000,11639.503751
497.094248,277,11648.001064
354.442754,201,11654.420428
1833.181063,1000,11696.053209
212.092549,135,11700.341115
1946.20456,1000,11734.031603
1820.375934,982,11765.391043
80.92725,87,11767.563886
77.950738,90,11771.738999
562.608506,334,11782.324769
372.886372,231,11790.704766
87.425282,65,11792.832684
371.779579,212,11799.191986
1897.462184,1000,11833.3522
1353.400355,711,11856.635523
1347.828255,712,11879.923735
1895.755534,1000,11913.812621
1921.569875,1000,11945.918044
459.233071,271,11954.520485
1106.40024,602,11975.785276
105.222396,75,11977.958097
542.651866,303,11988.72207
1932.429629,1000,12029.968768
1931.793658,1000,12064.197931
1910.245011,1000,12097.66062
344.604229,190,12104.111048
455.275244,256,12112.581872
637.767966,345,12123.300297
286.295402,161,12127.591905
807.046769,432,12142.360354
1847.440885,1000,12176.165827
1869.981866,1000,12208.269625
1938.226434,1000,12242.473283
540.478709,288,12253.146185
1952.488519,1000,12285.436893
1014.253911,531,12304.722596
1010.187393,557,12322.095605
469.396937,267,12330.692601
284.084609,175,12337.067621
384.20177,219,12354.340061
1642.011475,878,12382.440207
1951.691545,1000,12416.612587
1918.771077,1000,12450.862135
1357.278951,709,12474.58358
1882.690225,1000,12506.537922
1515.62722,801,12534.232103
914.692754,481,12549.277763
629.155949,342,12562.154941
1739.329261,914,12592.255279
1343.567534,711,12616.251837
1895.116191,1000,12650.802461
533.898568,279,12659.518144
1967.727127,1000,12703.403986
1919.388824,1000,12735.382629
1163.521611,618,12756.102874
415.213301,248,12764.430136
203.591017,135,12768.693535
1909.80844,1000,12800.91331
562.111862,296,12811.575682
1705.373285,885,12841.191316
339.923242,193,12847.517297
1246.262647,641,12868.821002
233.425304,136,12873.145184
344.11773,190,12879.474569
738.518275,406,12892.239463
1880.230826,1000,12926.181953
581.382589,320,12936.74708
1916.210151,1000,12970.927115
1744.272116,917,13001.171799
1240.876195,653,13022.809319
1825.644795,1000,13066.312606
15.643926,11,13066.335298
15.227701,11,13066.358058
18.030586,13,13066.38435
16.379296,11,13068.398657
1868.501648,1000,13099.600109
194.774901,127,13103.867288
1117.494754,611,13125.246058
500.821735,276,13133.884243
22.716808,18,13133.922845
17.902488,13,13133.950185
1946.074632,1000,13168.16773
523.391339,288,13178.763534
1905.37256,1000,13210.954027
484.293,268,13219.55104
1010.634426,530,13238.833261
543.349457,300,13247.558467
655.111918,370,13260.441926
1354.55365,718,13284.223999
45.260216,35,13286.328953
242.377289,142,13290.703723
225.961343,129,13294.988849
998.697614,522,13312.153135
1166.9163,618,13333.435141
680.759932,367,13346.265625
208.728447,123,13350.540482
1160.03668,638,13372.259031
1894.826715,1000,13412.975672
1924.011811,1000,13446.7432
1606.965024,846,13474.494809
229.766549,126,13478.776741
776.565039,411,13491.600714
337.297026,183,13497.985031
1925.866595,1000,13531.94675
1885.412893,987,13564.21225
613.617509,337,13576.99048
227.477545,147,13581.365676
1847.566339,1000,13615.49315
1919.044837,1000,13647.627733
3.182019,86,13651.833266
11.857983,121,13654.091394
35.14344,75,13658.301215
512.058008,1000,13690.6751
103.120827,70,13692.840487
112.350751,96,13697.073436
86.195106,84,13699.27231
278.429727,164,13705.612779
941.775256,518,13730.591651
67.791216,56,13732.700537
1892.520405,1000,13764.38268
1900.787277,1000,13797.655742
82.200991,69,13799.781413
90.036114,64,13801.901264
93.617963,62,13804.000795
692.724501,361,13816.655728
467.525833,248,13823.194024
852.852385,463,13840.257365
457.894467,241,13846.721959
1922.626092,1000,13880.492827
1285.332345,709,13903.697663
501.85403,283,13914.305286
228.572552,131,13918.480855
154.838595,90,13920.636833
1896.915377,1000,13954.496687
476.435607,254,13962.96992
238.935682,142,13967.284196
1006.18284,540,13984.50763
1935.146727,1000,14018.55317
1138.388754,609,14037.74564
422.247808,236,14046.132599
1932.535811,1000,14088.367438
1943.819007,1000,14120.377712
1312.603802,683,14143.802049
78.202342,55,14145.906193
1915.93985,1000,14180.02474
479.756056,268,14188.68924
1928.140227,1000,14220.525492
306.17265,180,14226.904738
1922.753259,1000,14260.71525
305.579308,165,14265.009728
1896.121221,1000,14299.050989
295.223027,167,14305.414925
1929.68216,1000,14337.331838
214.417401,134,14341.630022
1914.144654,1000,14375.803282
1893.701226,1000,14418.518486
1925.479431,994,14450.45072
251.923192,143,14454.725345
1612.328812,816,14482.323018
584.3509,314,14492.972708
1901.528696,1000,14526.863544
432.031858,233,14533.297358
1400.923524,735,14558.815131
1465.609472,774,14584.125263
67.558219,53,14586.19118
1308.175371,689,14607.577788
804.636332,416,14622.398125
1719.060795,870,14652.307457
308.350295,181,14656.737741
1945.964274,998,14690.588777
1769.321033,944,14722.881425
919.621324,487,14747.147218
560.737167,298,14757.794431
1359.428688,701,14780.641097
21.847079,16,14780.687397
587.855719,318,14791.230206
424.166455,234,14799.559567
403.376967,246,14807.985772
1912.033088,1000,14839.897482
429.129778,239,14848.421968
549.117481,301,14858.914781
296.415543,174,14863.239415
1866.352368,956,14894.84419
1570.770931,836,14922.231795
1917.697598,1000,14955.90133
629.978249,327,14966.433584
693.193006,387,14979.059842
78.401107,54,14981.157598
542.449641,295,14991.685094
638.836245,344,15002.246581
1251.745827,664,15023.44999
771.495567,416,15038.133268
912.550592,487,15053.00635
1289.047081,689,15085.440062
1032.455082,539,15104.183991
968.277245,494,15118.847971
462.507389,254,15127.200467
1276.196747,701,15150.411868
742.883404,401,15165.20269
1261.763727,653,15186.333528
681.152172,373,15198.931891
1485.745166,780,15224.223918
1177.736557,609,15243.327592
684.97487,368,15256.003849
467.924688,271,15264.551084
177.882909,107,15268.723751
1988.032004,1000,15302.374723
1579.463898,805,15328.063446
1288.545695,673,15351.73309
1607.092802,832,15379.435125
783.1342,417,15392.160174
1961.556,1000,15435.274587
1973.735888,1000,15466.443798
857.958918,454,15483.344288
1211.684144,642,15504.672653
832.98078,432,15517.600356
863.992974,440,15532.903934
355.538035,191,15539.308053
128.584589,73,15541.509024
1921.774208,1000,15575.926219
1961.591692,1000,15610.331505
1995.731842,1000,15642.646799
338.229491,198,15649.067161
1967.121997,1000,15682.821813
1033.898244,528,15699.76562
1308.155196,669,15723.246566
1182.376914,607,15742.440344
1148.691159,588,15769.146452
898.180093,492,15785.296795
1888.524118,1000,15818.872057
457.693291,247,15825.296666
1340.169212,690,15848.650876
1986.935165,1000,15882.738306
1113.988202,596,15901.9115
1930.296072,987,15935.951564
1789.989813,897,15965.626987
203.550452,118,15967.848505
310.938994,170,15974.260472
48.871255,42,15976.368593
27.124748,20,15976.409254
1930.428671,1000,16010.558337
196.350218,122,16014.84557
891.070126,453,16029.892033
831.37757,421,16042.694926
17.319154,13,16042.721395
1941.07117,1000,16076.899659
1052.299148,530,16094.186375
1970.166735,1000,16137.260677
1891.026285,1000,16171.719468
24.976059,19,16171.757425
2009.717087,1000,16206.045065
1249.893485,649,16227.326941
45.835545,30,16227.383287
1959.663037,1000,16261.492066
1286.829269,659,16282.745815
345.817602,191,16289.172518
1334.47182,676,16312.628175
216.144141,120,16316.885748
309.284266,177,16321.195081
242.857806,160,16327.457797
647.159268,332,16338.907598
1946.538168,1000,16376.023355
1983.841163,1000,16410.778002
1970.402017,1000,16447.911571
1603.752952,818,16484.320785
1553.748211,786,16512.415263
297.52283,169,16519.244689
767.106759,401,16532.953157
551.234677,293,16542.203331
1974.352596,1000,16579.342968
1327.918772,666,16602.387772
1239.632464,647,16627.899096
1306.624538,667,16650.928543
118.159261,76,16653.27635
321.870236,186,16660.061126
1956.458811,1000,16696.65439
1985.022428,1000,16731.108017
49.448467,39,16733.312203
1371.515931,711,16758.214466
683.966113,359,16771.615956
74.582645,61,16773.814306
1657.645827,839,16802.927077
1965.691058,1000,16847.06296
1955.439581,1000,16883.062327
1939.638495,1000,16919.152192
1609.503058,820,16946.270461
327.353841,193,16953.143968
1066.638413,544,16973.729056
1423.459941,736,16998.623712
887.871696,459,17016.489427
1966.380549,1000,17050.521725
311.9741,174,17057.299445
1984.370765,1000,17093.236036
467.244349,250,17099.991639
1998.903048,1000,17136.082761
2005.405616,1000,17172.591951
588.789735,313,17193.990965
1245.745476,653,17217.216243
727.46992,382,17230.790431
1566.492699,788,17258.948241
1937.07272,1000,17296.274016
365.651959,214,17302.974817
255.983205,138,17307.503225
46.862996,44,17309.69981
1222.836925,609,17330.801808
1269.686339,657,17356.394105
133.678051,79,17358.806813
1311.257106,665,17381.783077
32.377562,26,17384.030138
1971.646909,1000,17418.870668
905.793892,471,17436.866884
740.353113,382,17450.353181
2015.08444,1000,17484.203493
14.733575,9,17484.223346
1970.764418,1000,17520.116332
541.999392,277,17529.167463
240.970951,140,17535.732348
16.388779,13,17535.760788
13.579351,9,17535.795419
16.402679,11,17535.819458
14.535436,9,17535.839474
16.351595,11,17535.864208
15.930399,13,17538.055927
12.029513,9,17538.075551
13.548849,10,17538.097571
13.538253,10,17538.12007
13.755185,10,17538.155381
13.570844,10,17538.177499
1714.889373,877,17580.147241
1969.126004,1000,17617.276659
524.27997,314,17628.786487
1911.787113,1000,17663.821413
1063.146101,552,17684.303244
1973.481119,1000,17718.867277
798.436649,407,17734.864109
1937.296771,1000,17770.075101
1944.296751,1000,17807.806028
2006.492013,1000,17844.975096
92.451104,69,17847.244501
92.696037,62,17849.534764
754.869709,394,17863.256071
103.548305,66,17865.482001
594.15584,305,17877.293468
1449.004429,772,17904.625667
1372.88149,685,17937.534394
740.799364,387,17953.186577
1961.346259,986,17986.890713
1739.329671,863,18016.282575
1917.07695,1000,18052.917598
998.959601,515,18071.437743
108.435849,69,18073.744925
114.00603,74,18076.103572
1215.731973,607,18098.817723
1769.806071,908,18130.866389
1911.387926,979,18164.925104
1942.079098,1000,18201.589657
586.886891,298,18212.961283
1924.311578,1000,18247.39278
1017.848153,523,18265.681184
453.253772,239,18274.544175
303.109457,164,18281.232157
1950.21404,1000,18325.708906
1126.807199,582,18346.716464
2031.376612,1000,18384.041028
26.797074,21,18384.087973
30.662808,25,18386.358418
359.249553,210,18393.232837
48.626525,35,18395.422354
1995.975545,1000,18430.996555
1929.910415,1000,18468.664357
18.798521,17,18468.716366
1722.437224,856,18499.154878
722.34499,387,18513.123967
1963.726106,1000,18550.160564
12.586528,9,18550.194806
15.203252,11,18550.219195
11.549003,8,18552.329265
11.313149,8,18552.348391
10.951453,8,18552.381301
10.481916,8,18552.399003
12.219939,8,18552.41753
11.298685,7,18552.433178
12.001797,8,18552.452415
11.449721,8,18552.470484
11.591858,8,18554.594549
10.033278,7,18554.610976
10.38037,7,18554.636503
12.043872,14,18554.667395
10.13757,7,18554.683219
10.284726,7,18554.69937
9.867441,8,18554.718733
9.465588,7,18554.734761
9.241709,7,18556.848242
9.74339,7,18556.864393
8.784948,6,18556.888151
10.679518,7,18556.904245
9.402566,6,18556.917747
9.351574,6,18556.931458
9.343866,6,18556.946328
9.473828,6,18556.960272
10.929264,7,18556.976505
10.072555,7,18556.992465
9.246868,6,18559.078063
18.60209,24,18559.130935
12.340679,10,18559.153806
10.032693,10,18559.176255
15.691677,17,18559.228271
11.294743,10,18561.320404
12.485975,10,18561.342311
12.966471,11,18561.367294
11.099771,10,18561.40292
12.852047,10,18561.425158
11.165245,9,18561.445434
13.0546,10,18563.540266
17.795856,18,18563.593752
11.781372,10,18563.615283
12.66695,11,18563.639937
13.152167,13,18563.668288
10.482257,9,18565.75618
30.371712,26,18565.812476
13.8516,13,18565.841357
13.383403,13,18565.870492
12.593819,11,18568.020841
21.082657,23,18568.070677
17.797129,18,18568.110419
20.875403,22,18568.157757
18.224925,22,18570.365087
15.222683,20,18570.409133
14.243857,18,18570.449365
42.520881,35,18572.608562
23.573767,30,18572.687226
24.890709,24,18574.799464
1966.893556,1000,18608.478826
450.536954,235,18617.25904
1826.198154,910,18648.630718
1840.447538,944,18690.346382
1946.86896,1000,18725.844666
2025.583594,1000,18759.525564
206.100922,140,18766.248028
1943.403447,1000,18799.903043
61.499856,47,18802.082697
93.094603,68,18804.355409
1990.11163,1000,18840.101848
1580.612838,821,18867.073339
78.814826,57,18869.256547
2004.378416,1000,18905.563027
233.406471,121,18909.973791
70.173361,126,18914.470124
255.046819,168,18918.978303
1692.651207,853,18950.991669
1381.213177,692,18976.904182
1944.425802,1000,19011.872269
1929.44962,1000,19058.074203
415.018297,249,19067.021213
1973.866209,1000,19100.554021
556.863537,305,19111.858229
360.329659,202,19118.653039
295.710225,160,19125.267208
1999.174246,1000,19158.970469
849.411348,451,19174.846785
1372.800274,674,19199.530345
1958.149257,1000,19235.913593
1961.38366,1000,19270.230303
82.237418,59,19272.461275
1963.944926,1000,19308.467695
82.721208,58,19310.791725
124.618594,94,19313.134436
1478.518392,763,19340.570696
630.017007,345,19352.063199
2022.540559,1000,19397.06284
786.850446,417,19412.996786
1358.887188,686,19435.870026
799.394582,427,19451.710042
1971.796897,1000,19487.963087
1992.355558,1000,19522.220676
387.754803,207,19529.007303
2020.105387,1000,19565.690023
581.606736,310,19576.877571
1535.393373,779,19604.020995
1305.648826,658,19626.418153
187.26607,104,19630.949137
358.91908,203,19637.950163
1965.691881,1000,19673.557348
1169.408783,594,19692.833529
826.979234,445,19707.549138
2045.12904,1000,19749.840522
2003.099803,1000,19781.32641
556.343225,308,19791.754314
434.270663,242,19800.185537
854.563202,435,19814.936229
116.494448,77,19817.067047
526.668881,266,19825.47708
702.922148,359,19838.048864
2031.391361,1000,19869.60505
2003.860499,1000,19903.083389
530.498075,284,19911.598351
1299.558258,658,19934.518978
1125.749823,592,19953.279756
156.398244,112,19957.4383
2003.697938,1000,19988.954426
1993.198995,1000,20022.265726
1958.658068,1000,20053.647191
1499.578487,758,20086.961574
1146.828308,560,20105.749709
2014.718732,1000,20139.117852
352.413812,191,20145.349809
1038.9825,550,20162.13203
674.861224,869,20191.304653
1557.696652,766,20216.352654
313.28841,191,20222.596566
824.552182,445,20237.233212
2015.48134,1000,20268.588635
723.218251,383,20281.119892
32.895302,25,20283.136372
2023.859151,1000,20314.620555
1965.223307,1000,20348.247753
27.952584,24,20348.290293
646.129661,346,20360.962933
1116.439499,555,20377.989753
791.765962,410,20392.5093
1969.802179,1000,20431.373264
35.892785,28,20433.446569
1095.941702,574,20452.554001
2034.176083,1000,20486.112854
221.36401,133,20490.29764
1749.88773,869,20517.902418
71.272911,49,20520.013837
634.084469,337,20530.796335
2006.141325,1000,20564.841053
1121.42183,593,20584.022294
1960.521865,1000,20618.134647
318.797809,168,20622.483355
346.976194,206,20631.010091
1978.208434,1000,20663.152823
31.787423,25,20665.215132
24.995455,19,20665.248617
30.547081,24,20665.291044
2037.948772,1000,20699.105936
2021.855348,1000,20731.172834
2017.243464,1000,20773.279375
1051.761611,529,20790.364013
1439.22415,707,20813.795088
1996.574235,1000,20847.766048
443.663086,244,20856.173317
1010.746779,507,20872.999071
1173.12811,611,20892.230213
2038.146865,1000,20926.025259
501.759281,260,20934.416549
1112.913469,569,20953.212275
1139.370639,575,20972.037063
628.208171,330,20982.545821
1083.636544,587,21001.351822
2049.728548,1000,21035.036105
1665.685336,846,21062.229294
1312.448458,675,21093.446386
2008.632544,1000,21125.069947
59.008255,48,21127.135551
1026.979114,521,21144.28473
345.558677,193,21150.726289
1410.011169,699,21174.106913
726.792618,917,21203.366549
1996.242799,1000,21237.059036
893.203425,447,21251.662514
1278.958716,647,21272.665279
2004.874311,1000,21306.453656
1986.40042,1000,21338.222842
2033.987348,1000,21371.602528
1969.389368,1000,21405.395447
1152.564614,588,21432.778214
694.285564,355,21443.288234
814.559744,418,21457.865854
342.646365,179,21464.175738
1667.998948,838,21491.848496
349.226539,184,21498.144549
217.916518,116,21500.374438
1561.887508,799,21527.559425
19.393967,16,21527.588053
2009.346343,1000,21561.080066
788.375487,420,21573.673966
559.057883,308,21584.071046
1195.367368,605,21604.927102
1753.436667,862,21632.63218
2020.267318,1000,21666.46994
1971.39869,1000,21698.380726
1456.90972,724,21723.785706
908.025034,492,21738.512213
1931.705939,1000,21780.18463
1147.794122,593,21799.392096
2038.691331,1000,21833.351358
40.793733,32,21833.408488
2027.079933,1000,21867.253278
2010.242854,1000,21900.970951
928.116941,486,21915.677721
1018.562647,528,21932.703825
1617.615001,800,21960.37581
1978.044149,1000,21994.46035
459.756208,238,22000.941828
412.821806,225,22009.393613
1425.095022,705,22032.87741
732.977851,382,22045.646045
1982.717576,1000,22077.808031
1747.237847,1000,22119.960856
52.106627,36,22122.022907
49.917105,39,22122.092051
1671.774319,843,22149.461504
935.793361,478,22166.268186
1781.300922,928,22195.669913
48.703602,41,22197.723174
216.23014,137,22201.98915
1993.596585,1000,22235.797522
1972.328114,1000,22267.234701
668.283732,352,22279.828084
1396.340491,701,22303.168616
2039.112084,1000,22334.687456
201.858564,113,22338.859423
1253.249332,632,22360.122275
2030.908027,1000,22393.909981
1612.470745,793,22418.944371
2030.628241,1000,22460.740394
2069.100559,1000,22492.181895
2011.89907,1000,22526.176989
1243.348165,632,22547.337217
212.10934,115,22551.509563
29.607187,23,22551.550421
298.837549,163,22557.916423
2037.406145,1000,22590.134635
2035.309806,1000,22624.071064
1875.076129,926,22653.411388
1304.769508,644,22674.43657
1888.394861,938,22706.431043
2033.07271,1000,22740.696794
1817.164977,899,22770.285681
2008.697744,1000,22810.175418
2036.599284,1000,22844.074675
561.281128,282,22852.602397
2004.138617,1000,22886.475628
2028.46065,1000,22920.706082
892.132302,439,22933.551759
223.898866,121,22937.824173
1969.751461,1000,22971.981596
2032.344202,1000,23005.905822
2023.186415,1000,23038.207491
63.596809,45,23040.330864
2016.481301,1000,23074.435615
2020.372574,1000,23106.361111
845.623654,439,23129.483893
1269.888762,650,23150.935998
1999.344444,1000,23184.939811
2016.623052,1000,23217.020639
2046.268011,1000,23251.038144
2024.129668,1000,23285.094388
263.536221,154,23289.367744
1995.367257,1000,23323.453895
1965.483818,1000,23355.389831
2048.669339,1000,23388.977091
2000.729711,1000,23422.391471
2051.277631,1000,23454.022891
2002.115522,1000,23495.788117
1627.052388,805,23521.007852
2033.126604,1000,23554.429035
2014.168207,999,23587.907115
2021.55245,1000,23619.302306
27.459311,24,23621.355382
792.043843,390,23633.953921
1504.637687,742,23656.952542
20.882538,16,23658.958461
1504.518367,747,23682.106632
226.854865,127,23686.268149
1967.217406,1000,23720.087363
1948.250623,965,23751.754191
1969.980643,1000,23785.088523
2043.377693,1000,23825.026105
2053.552088,1000,23858.912754
2020.215254,1000,23890.975506
69.007136,61,23893.115823
83.789534,55,23895.227548
519.637809,266,23903.698965
651.041558,344,23916.364856
2001.352893,1000,23948.244155
127.36734,75,23952.368168
660.238775,346,23963.11196
470.770337,236,23971.4662
2046.581729,1000,24003.040518
398.177429,220,24011.359451
1203.967961,599,24030.261309
2041.530615,1000,24063.811315
2007.640003,1000,24095.756267
91.386138,79,24099.889157
1151.65406,571,24118.980869
2037.028017,1000,24165.618862
2039.81192,1000,24203.160578
1365.012426,669,24227.167876
554.913899,275,24238.78217
2022.117084,1000,24274.524111
754.208332,384,24288.650546
195.701334,151,24295.668685
125.200036,93,24298.084018
323.930559,178,24305.11492
1995.705148,1000,24340.587471
43.369269,35,24342.784182
820.037838,467,24359.269748
2042.726195,1000,24396.405305
1100.325336,547,24414.899247
201.023804,131,24419.494526
135.012498,80,24424.0626
1959.817631,1000,24458.627575
33.953849,27,24460.903538
1365.345136,683,24484.232029
182.054099,115,24488.765843
1185.483511,607,24521.89924
1973.766745,1000,24555.684551
1946.210947,968,24589.111771
328.373651,212,24597.989765
2034.66379,1000,24631.577828
1031.73976,517,24649.844879
2027.903302,1000,24686.103427
2030.935006,1000,24722.896167
54.365363,45,24722.991933
1550.271526,772,24750.613885
404.876927,219,24759.761796
2051.907807,1000,24796.414895
254.6062,143,24801.038497
2018.281216,1000,24835.019704
1682.779,833,24863.939324
2026.932304,1000,24909.785279
1783.258838,870,24941.388256
2000.647826,1000,24975.201624
92.484252,61,24977.430379
1982.169764,1000,25013.106451
2009.866707,1000,25046.823459
25.974636,21,25049.005409
15.328665,11,25049.030367
1219.849516,616,25072.085771
1970.476919,1000,25106.581185
148.971825,92,25111.1528
294.783466,204,25118.142253
220.431782,134,25122.683646
2037.157543,1000,25159.974978
2042.378937,1000,25195.227591
2028.077546,1000,25231.913985
1061.695323,534,25260.433558
2018.933543,1000,25297.570102
1961.17029,1000,25332.276044
2011.670506,1000,25369.084827
1533.884339,758,25397.187046
2018.691815,1000,25432.802256
1809.069044,907,25467.746504
543.947833,280,25477.187066
540.345826,299,25488.811502
2053.903204,1000,25524.195804
2031.813646,1000,25561.570941
619.44867,321,25572.965892
267.340237,151,25577.543893
1965.279401,1000,25624.730049
495.849587,252,25633.807301
1333.101022,672,25656.799796
2023.004764,1000,25693.224967
1986.707122,1000,25729.473879
2021.966278,1000,25763.578644
2070.029141,1000,25799.31136
2006.488844,1000,25835.706961
2073.48657,1000,25869.718908
113.967913,76,25872.019998
2015.575832,1000,25908.749457
2018.565612,1000,25945.227451
2011.869665,1000,25987.558115
1621.738664,803,26016.959481
2057.257339,1000,26050.64886
20.215932,19,26052.814295
16.960631,25,26052.868002
1991.97238,1000,26089.713634
1970.928036,1000,26123.690801
2023.10485,1000,26160.264562
-1.497189,54,26162.465347
2036.773144,1000,26197.527687
14.340441,141,26204.468884
126.787285,193,26211.364519
95.046385,132,26215.896428
9.717237,108,26218.229897
120.707952,309,26229.698388
1958.276918,1000,26267.397102
543.984345,1000,26301.804904
21.561957,31,26304.073565
177.976865,129,26308.684352
344.794666,207,26315.536972
1391.81423,740,26342.794728
21.29097,30,26342.875841
101.039793,69,26353.242123
923.212529,489,26371.290838
1583.26613,888,26402.814142
769.609575,430,26418.405637
1754.102804,859,26448.061395
2.01641,70,26450.311084
18.176881,54,26452.541549
-8.640202,80,26454.848788
12.112393,76,26457.202944
778.429735,394,26471.072667
691.301063,380,26484.761234
5.796225,55,26487.024163
15.822763,83,26491.495416
1.306307,120,26493.880934
66.189264,56,26496.228621
1929.415547,1000,26532.654462
2002.785616,1000,26569.32644
1843.195483,1000,26603.849034
12.456648,11,26603.873484
45.306298,34,26606.140515
480.898572,1000,26642.227626
60.956427,64,26644.470119
2000.93635,1000,26678.626231
2012.293048,1000,26719.236032
39.280003,30,26719.30063
34.217561,27,26721.47083
43.80999,40,26721.556353
61.031207,44,26723.824669
1985.201366,1000,26760.066863
42.446305,40,26760.152375
1810.068875,905,26792.3251
65.044772,48,26794.555953
59.225673,41,26796.808645
27.584063,24,26796.860166
60.547214,43,26799.013587
96.527736,152,26803.630425
75.23631,56,26805.886033
32.631131,30,26808.029406
38.80592,38,26808.111369
1360.245764,688,26832.957951
72.218844,50,26835.138556
71.931735,48,26835.242515
78.77779,58,26837.534179
1468.355534,738,26865.764835
2020.927982,1000,26900.759611
67.056067,48,26903.11698
537.034477,296,26914.81758
2013.533188,1000,26950.463811
69.759135,50,26952.838809
63.668702,44,26955.112903
354.164833,369,26969.276342
1972.460184,1000,27001.822608
1235.590185,618,27022.584369
2030.47056,1000,27056.444563
74.295525,53,27056.550546
803.12997,415,27078.936462
2048.369821,1000,27113.027814
377.802707,232,27119.49605
2051.372285,1000,27153.500638
394.859441,562,27172.662762
2022.664358,1000,27204.601515
2035.458943,1000,27238.543895
615.413749,1000,27270.252148
1048.293041,537,27289.181069
1973.240205,1000,27320.952076
624.240519,1000,27354.789193
2008.186632,1000,27387.991764
935.747166,504,27404.883347
2098.438934,1000,27446.018503
199.22575,141,27450.285745
1878.504474,1000,27484.292781
1878.410742,1000,27518.523293
2043.086066,1000,27550.262079
1688.243915,849,27579.766112
2014.286489,1000,27611.8156
1973.521532,1000,27645.404236
1689.736614,817,27672.933903
125.501978,102,27675.157501
1987.394418,1000,27708.611002
2019.948523,1000,27741.003337
1957.467296,1000,27784.634921
964.804881,469,27799.655516
717.533709,365,27812.449719
1466.471805,755,27838.312231
2021.970517,1000,27870.926138
2052.927125,1000,27905.719296
2045.912513,1000,27940.582134
78.141613,85,27942.804195
2033.467417,1000,27977.763029
2050.468994,1000,28010.814645
2071.102993,1000,28045.259804
2079.472394,1000,28079.624262
2037.165187,1000,28121.133706
2058.526381,1000,28155.106838
1432.193903,705,28178.931402
2073.258132,1000,28210.651198
2063.569617,1000,28244.92327
1994.814435,1000,28278.627913
2031.742408,1000,28310.73352
1656.243826,826,28338.138433
2050.174037,1000,28372.058883
2014.996812,1000,28403.460217
2055.992251,1000,28446.725999
1274.939453,634,28467.950268
2066.47216,1000,28502.059412
1776.851656,882,28529.800393
2059.236161,1000,28564.029458
109.735343,70,28566.164777
2055.893471,1000,28599.968023
1709.519598,840,28627.813204
97.988351,83,28630.011463
1495.292302,727,28655.733688
2045.00095,1000,28688.12698
2050.787611,1000,28722.74298
2028.93642,1000,28754.910748
1963.139068,1000,28798.81594
2074.258665,1000,28833.05074
2067.720415,1000,28866.050744
2035.415743,1000,28900.856425
911.323132,489,28918.175297
2002.370391,1000,28950.58635
2044.196511,1000,28985.460451
2018.193665,1000,29017.748662
2068.872568,1000,29051.849581
300.356925,161,29058.15287
371.711706,198,29064.392199
2027.921005,1000,29095.953185
2048.955541,1000,29139.535616
1395.033517,713,29163.370506
400.153771,213,29169.915002
2051.871091,1000,29204.363398
431.598017,221,29210.824347
48.180623,39,29212.938144
2005.034957,1000,29247.151949
2017.071884,1000,29279.420927
2042.238642,1000,29313.420703
2000.761587,1000,29347.463691
2067.63343,1000,29379.443912
2085.778458,1000,29413.121694
1876.609819,956,29445.160302
2062.447411,1000,29486.585593
2031.306916,1000,29520.992906
2046.872949,1000,29554.992339
933.61892,452,29570.032091
2099.283731,1000,29602.329266
2028.326585,1000,29636.279411
2071.01439,1000,29670.639468
725.979952,375,29681.484907
538.537383,275,29692.035606
2015.696298,1000,29723.727606
579.325158,311,29734.274538
1373.26105,700,29756.879179
641.3859,328,29767.547357
2072.023578,1000,29801.715186
2067.265056,1000,29845.227367
881.977542,423,29857.96763
937.631167,469,29872.773857
2027.081622,1000,29906.659446
2018.503232,1000,29941.12782
665.109441,384,29953.861518
155.420331,97,29956.081153
2092.375276,1000,29990.592046
1970.882427,994,30022.814888
2010.77103,1000,30057.138465
2055.653127,1000,30091.222783
2034.14434,1000,30122.743967
2070.428141,1000,30165.912731
318.001425,180,30172.336337
73.635927,50,30172.436813
456.873749,231,30180.939289
682.093101,355,30193.532099
1971.280181,1000,30225.368772
2043.666425,1000,30259.04826
13.467007,63,30261.217058
2066.042238,1000,30295.259604
2067.649062,1000,30326.910498
2029.48641,1000,30360.763163
215.042363,130,30364.975044
44.894019,36,30365.045481
2069.919998,1000,30398.763647
1032.521662,530,30415.846939
903.935391,451,30430.402948
2076.067284,1000,30464.287666
139.339171,108,30468.582753
27.586359,20,30468.622715
2092.984664,1000,30512.02911
70.154452,53,30512.13322
155.217872,86,30516.290663
1852.119564,958,30548.244561
104.92935,81,30550.388433
941.498393,485,30567.261665
21.997511,54,30567.382619
2083.83923,1000,30601.506171
2089.348118,1000,30635.587177
758.134468,370,30646.491642
2103.96404,1000,30680.587965
2061.940896,1000,30714.6392
1561.576339,762,30740.173972
1374.220502,667,30761.41515
902.832742,452,30775.486729
995.216867,506,30792.283657
2039.125686,1000,30826.182447
940.78891,459,30850.578788
681.097476,347,30861.409247
1245.999477,607,30882.918505
2076.637814,1000,30914.987839
2048.197159,1000,30949.180181
1321.84847,651,30970.617101
2084.550993,1000,31004.748471
2065.282006,1000,31036.958248
2023.143425,1000,31071.556885
2036.6398,1000,31105.983054
2029.504305,972,31138.277063
2072.163022,1000,31171.238546
1981.933209,1000,31215.189064
758.445423,378,31228.165081
2071.761096,1000,31262.803946
13.806567,58,31262.923409
2082.428032,1000,31297.599223
351.091054,204,31304.161252
1319.18035,630,31326.092631
2014.147643,1000,31360.720231
2094.04624,1000,31393.404975
2046.614867,1000,31428.086843
230.446597,124,31432.395319
310.905797,169,31438.973251
2036.071828,1000,31471.126615
1071.456173,527,31488.407376
2004.151367,1000,31522.624905
979.202407,506,31549.012081
2052.201262,1000,31583.264885
1983.040169,1000,31615.342432
2068.791283,1000,31649.624037
552.382127,278,31658.216861
2033.26613,1000,31692.429598
2077.120518,1000,31724.322616
2124.852535,1000,31758.151378
1596.256614,806,31785.807285
1592.077307,780,31810.996619
1311.089328,649,31832.688785
2083.181143,1000,31867.196355
2057.47338,1000,31908.738782
1479.104965,737,31934.336823
2078.20808,1000,31966.524991
2023.317638,1000,32000.919687
1959.276846,944,32032.944014
689.526509,339,32043.677377
2077.343928,1000,32077.895974
788.216842,402,32090.962383
2023.855471,1000,32125.335635
2062.677877,1000,32156.84996
255.63398,133,32161.139927
2093.506984,1000,32195.694989
2081.291733,1000,32239.832994
28.464235,22,32239.877534
2087.417198,1000,32272.285781
2098.461509,1000,32306.563223
2047.809025,1000,32341.275082
2059.77023,1000,32375.953584
33.740612,27,32378.141724
2071.251778,1000,32413.000467
2067.568282,1000,32450.977514
1448.356591,719,32477.007805
1916.527052,970,32511.650015
2056.403412,1000,32547.697262
2048.115404,1000,32594.030849
1983.555766,1000,32628.566218
644.692461,324,32640.045855
2084.721072,1000,32676.320132
2058.101365,1000,32712.893797
2075.672579,1000,32747.457389
2039.920547,1000,32784.412688
60.042316,40,32784.499278
2065.773307,1000,32820.804461
2028.495343,1000,32857.406628
2070.537833,1000,32892.161002
2065.074205,1000,32928.423411
1034.264508,498,32956.617686
2028.993676,1000,32991.642567
434.235658,232,33000.820815
2029.907263,1000,33038.484401
2066.594935,1000,33073.507823
380.003281,203,33080.540283
456.887872,248,33089.727785
2014.769405,1000,33127.554333
1990.276931,1000,33164.288791
2060.774724,1000,33198.953059
2018.677002,1000,33236.153381
2029.137139,1000,33269.803893
2087.700614,1000,33306.057063
1965.909875,1000,33349.471249
2051.349115,1000,33381.264735
2084.156805,1000,33415.310617
2038.691953,1000,33449.272341
877.894329,444,33464.07671
2077.186748,1000,33496.146304
2092.254836,1000,33530.090773
1891.706881,896,33560.048929
2058.014481,1000,33591.34587
78.585699,60,33593.500839
2077.443379,1000,33627.382251
2068.940608,1000,33670.567209
2040.061026,1000,33702.805158
1303.495548,658,33724.153879
2072.748331,1000,33758.010171
247.906019,132,33762.371754
2052.831864,1000,33796.387718
1989.45485,1000,33828.603452
2052.021727,1000,33862.734107
2066.475411,1000,33896.831523
2047.854892,1000,33928.223058
2034.584237,1000,33952.17405
2088.357386,1000,33975.931452
