#{"t_start": 1622471827.7222476, "env_id": "HopperBulletEnv-v0"}
r,l,t
17.13645,7,0.046261
19.411622,12,0.055148
17.4635,10,0.062426
20.139862,8,0.068394
18.736607,16,0.080872
18.842999,8,0.086891
20.246585,11,0.095622
16.991355,11,0.103593
18.662069,8,0.110501
18.977198,10,0.117941
16.377163,6,0.122502
19.288609,10,0.129821
17.986421,15,0.141922
19.38914,15,0.152777
22.177238,16,0.164233
18.025104,18,0.176918
19.954209,9,0.184644
18.435879,12,0.193944
17.27894,6,0.198517
22.803313,22,0.214667
20.26015,12,0.224472
19.922728,12,0.233405
15.478293,11,0.24195
18.709931,8,0.247899
16.161468,8,0.254643
20.560247,12,0.263703
17.564687,6,0.268261
21.536232,10,0.275614
19.34013,9,0.2831
20.756739,13,0.293171
20.610796,17,0.30559
20.022221,8,0.311641
20.524502,12,0.321381
21.121423,10,0.328917
16.465327,5,0.332877
22.495861,14,0.34374
26.65027,16,0.356226
21.946484,18,0.369137
17.293626,12,0.377794
20.360883,9,0.3851
20.882118,12,0.394845
19.554341,7,0.400226
19.143366,8,0.406267
21.067478,15,0.417009
22.543302,10,0.42556
18.673139,19,0.439822
21.586531,17,0.452023
18.391641,6,0.456707
20.596184,10,0.465356
16.369978,10,0.472828
19.633827,8,0.478818
16.786939,13,0.48872
23.022809,17,0.501883
18.524429,8,0.507938
16.705626,15,0.519006
21.024466,22,0.535436
24.673167,23,0.552803
18.345595,11,0.560803
16.917707,8,0.566793
21.871765,14,0.57732
24.359455,14,0.588743
19.538559,10,0.596181
17.961301,14,0.606439
22.977212,12,0.615273
28.944549,19,0.630629
24.171751,20,0.644824
19.015414,8,0.650874
27.993544,24,0.66794
23.144071,14,0.67933
18.385277,8,0.685261
18.775911,21,0.700383
17.139865,11,0.708356
20.687053,12,0.717882
19.66471,10,0.725912
6.332462,15,0.736473
27.732609,18,0.749295
22.140835,10,0.757621
17.804796,8,0.763672
24.506084,19,0.777985
19.598445,10,0.785282
14.985899,18,0.798883
19.287901,14,0.809181
18.69776,9,0.815712
17.894044,10,0.823743
19.427944,7,0.829865
19.760955,13,0.8393
24.626024,13,0.848704
19.346577,8,0.854636
19.565931,8,0.861505
17.863866,10,0.869356
20.751463,16,0.881092
22.726101,13,0.890859
22.345448,11,0.899929
18.652537,15,0.910865
27.486151,26,0.929779
28.254789,22,0.945751
23.305604,16,0.958136
17.557608,7,0.96405
18.084964,11,0.972057
15.469398,12,0.980704
17.624474,10,0.989146
17.089302,10,0.99647
20.420588,12,1.005204
18.668825,7,1.010404
19.224126,10,1.019064
26.389364,18,1.032217
15.00411,12,1.040944
19.195817,8,1.046965
22.09841,14,1.058234
20.495871,16,1.070568
14.023816,12,1.079233
21.062633,17,1.091664
22.918041,11,1.100711
17.652063,11,1.109484
15.740231,12,1.118043
13.590101,14,1.128198
17.934733,10,1.136586
21.568689,12,1.145511
21.819592,9,1.152702
23.806947,16,1.164749
20.303753,9,1.172216
18.771751,11,1.180312
18.676262,8,1.186232
18.949851,13,1.195713
22.450681,11,1.204887
30.880663,24,1.222665
21.376211,9,1.229575
20.590218,16,1.240827
22.659732,10,1.249171
16.966651,18,1.262957
20.162297,7,1.268279
18.949971,7,1.273493
16.561957,16,1.285591
14.438662,11,1.293506
20.080654,13,1.303258
22.582826,13,1.312777
16.302193,15,1.324472
23.138471,13,1.334036
19.605659,7,1.339299
17.635017,9,1.345987
22.602496,18,1.36049
12.522039,15,1.371242
26.30318,17,1.383228
18.178037,12,1.391825
20.810986,9,1.399798
20.095983,14,1.410176
19.867748,10,1.417618
16.740558,10,1.424871
23.796744,11,1.433897
23.653056,14,1.443974
19.859328,7,1.449731
20.45445,12,1.458437
22.495804,11,1.467506
21.278428,13,1.476944
23.22142,19,1.490575
21.248066,12,1.499909
18.232179,6,1.505476
18.185691,11,1.513348
17.148599,9,1.520168
15.073577,11,1.528097
22.107266,12,1.537805
18.243487,9,1.544598
18.849007,12,1.553736
18.809348,10,1.561288
21.469646,12,1.57115
22.139029,16,1.582532
22.434406,14,1.592802
18.341864,8,1.599338
14.874922,5,1.604154
19.59404,8,1.610061
23.906914,15,1.621149
22.042975,12,1.630092
22.654873,12,1.639747
21.996225,10,1.647681
18.175688,7,1.653099
18.365568,9,1.659771
24.659723,15,1.671523
21.353231,16,1.683206
22.891674,13,1.693472
22.199283,19,1.707499
23.504731,12,1.717577
17.236953,5,1.721667
21.656131,14,1.732055
22.437285,18,1.745928
19.518744,6,1.75166
20.187798,9,1.758482
20.526147,8,1.764669
18.312823,9,1.77167
20.283657,12,1.78147
19.844264,13,1.791031
24.025599,15,1.802594
18.134922,12,1.811621
22.56825,11,1.82095
21.302772,9,1.828264
22.8456,23,1.845754
18.362163,11,1.853933
17.224187,6,1.859598
24.625544,19,1.873621
20.239156,17,1.886285
22.354145,11,1.895183
20.470117,9,1.903162
22.394542,12,1.91222
20.392929,15,1.923422
16.383752,10,1.930844
23.637622,11,1.939958
18.368104,12,1.949552
21.591863,13,1.959172
17.881612,6,1.963944
18.613888,6,1.969615
17.428893,7,1.97499
17.433677,7,1.980446
22.225202,17,1.99357
20.946811,8,2.000592
22.123501,12,2.009761
13.605506,10,2.017145
9.651456,14,2.027362
20.854392,11,2.036524
18.943567,11,2.045189
19.234047,13,2.055001
20.484105,12,2.063844
19.338416,14,2.075214
20.141048,10,2.082596
26.184745,18,2.096424
16.837176,16,2.108332
23.710836,12,2.118255
21.275023,14,2.128653
25.654628,13,2.138368
28.184443,17,2.151186
21.147427,15,2.163136
16.317931,6,2.167874
18.562244,8,2.173889
19.39769,12,2.182976
21.17518,12,2.193445
18.194484,8,2.199673
19.266822,6,2.204325
17.620652,17,2.216664
26.107648,15,2.228608
19.46321,9,2.235455
20.307944,12,2.244862
21.683122,9,2.251576
18.9774,8,2.258721
19.063894,12,2.267539
19.987876,9,2.274476
19.38676,11,2.282728
19.254338,8,2.289843
17.951264,8,2.296538
18.157642,7,2.301786
27.406958,19,2.316056
21.916954,10,2.324442
20.69509,8,2.330436
19.606972,9,2.337394
26.911059,23,2.354637
16.594138,9,2.362278
20.077307,9,2.369205
21.802335,14,2.379566
18.542469,10,2.387011
20.934548,16,2.400054
19.065719,7,2.405547
19.852558,7,2.410936
24.749438,14,2.421404
19.686955,13,2.431806
19.350501,10,2.439805
18.628515,10,2.447242
25.395356,24,2.464531
21.380292,10,2.473139
21.284004,14,2.48347
24.438514,22,2.499807
17.689068,8,2.505819
16.074243,21,2.522004
18.82843,16,2.533854
15.185669,12,2.543372
14.605327,12,2.552291
19.483102,7,2.558554
16.84263,6,2.563332
18.254024,8,2.5695
19.491384,10,2.577069
18.661397,6,2.582637
19.274791,15,2.594433
24.168483,21,2.610066
22.797134,17,2.622643
16.329255,6,2.628384
22.708961,24,2.64655
18.749641,7,2.652048
16.169254,8,2.658239
22.760891,20,2.673595
19.165713,7,2.679072
21.582546,15,2.690559
21.312192,17,2.703148
22.569561,10,2.711762
22.02116,12,2.72082
19.036881,9,2.727533
17.600738,6,2.732111
12.435714,18,2.746556
17.389301,8,2.752661
17.063936,14,2.762949
18.678697,8,2.769063
22.806934,12,2.779149
22.420477,9,2.786465
15.408352,9,2.793154
18.617157,8,2.799214
21.169754,15,2.81116
21.63581,14,2.821284
18.15266,7,2.826647
18.003155,8,2.832823
21.210215,12,2.843074
15.598316,7,2.848479
17.639637,8,2.854771
18.895831,9,2.861654
23.243136,17,2.875336
18.334668,7,2.880783
21.416308,16,2.89317
22.321433,13,2.903095
22.591574,13,2.913861
19.740837,8,2.920117
17.573165,11,2.928437
16.763837,11,2.937283
14.489097,10,2.945695
20.202896,10,2.9535
23.296042,12,2.962341
20.110527,10,2.970021
20.974305,11,2.979238
19.887432,9,2.986737
25.376051,18,2.999961
21.992997,11,3.008199
19.098846,10,3.016384
20.343637,13,3.025797
20.078434,15,3.037298
18.197515,11,3.045576
24.706592,17,3.058894
9.060033,14,3.068959
17.020659,12,3.077813
25.982935,20,3.093241
19.799234,11,3.102798
18.553528,16,3.114931
16.266054,7,3.120471
16.165739,10,3.128092
19.969924,13,3.139221
19.117295,8,3.14544
20.933884,8,3.151767
17.707864,10,3.159418
22.15408,18,3.173869
21.457682,10,3.181711
17.41368,10,3.190033
16.948779,8,3.196259
22.932565,9,3.204301
19.622746,8,3.210637
16.550418,13,3.220541
18.263809,6,3.225372
19.577207,9,3.233261
22.647905,11,3.242229
20.232776,8,3.248533
22.831631,13,3.258402
15.610507,8,3.265599
18.093581,8,3.271808
21.402921,14,3.28202
20.911723,13,3.292433
19.874828,8,3.299686
21.993758,18,3.313431
19.853802,9,3.320397
18.20358,6,3.325191
14.359903,23,3.343872
19.996941,13,3.353637
15.914426,7,3.359209
18.181613,7,3.364714
18.689608,9,3.372471
15.724043,19,3.38638
18.600596,7,3.392336
22.041703,11,3.400803
19.943809,18,3.415188
15.165441,12,3.424067
23.948,12,3.432968
21.378024,21,3.449061
24.581313,13,3.45961
21.419571,9,3.466638
19.201001,12,3.475488
21.018176,10,3.48303
21.069419,12,3.49352
17.681433,13,3.503189
19.392182,15,3.514512
20.660662,10,3.522249
17.32349,6,3.528036
20.357607,20,3.543125
24.696905,16,3.554964
22.052388,16,3.567145
23.677716,13,3.577788
19.035307,11,3.586083
18.936869,10,3.59424
17.797959,23,3.611288
21.144961,12,3.627669
18.917968,7,3.633151
21.859164,11,3.641444
17.422469,7,3.647549
18.752569,13,3.65823
16.248669,6,3.663146
19.855645,14,3.67353
22.720307,13,3.683564
20.631199,15,3.696757
17.301317,12,3.705784
17.841865,6,3.710521
20.83781,11,3.718899
21.064496,10,3.727571
20.214203,7,3.733078
15.473801,8,3.73924
20.582339,10,3.747334
15.746809,12,3.757255
17.243565,8,3.763436
16.126942,6,3.7681
14.353564,13,3.777685
22.858327,12,3.787833
17.069757,9,3.794547
19.230604,14,3.805464
23.256451,17,3.818563
21.445043,9,3.826498
19.647176,8,3.832524
21.705441,14,3.843033
20.804882,7,3.849051
20.895178,9,3.856741
16.058315,17,3.869241
20.06713,7,3.874695
20.992142,11,3.883271
22.211606,14,3.894756
16.410338,7,3.900795
20.027742,11,3.909183
17.377934,19,3.923224
24.890017,16,3.936024
16.004116,6,3.940749
23.758799,13,3.950965
20.031503,12,3.960039
21.180289,13,3.970844
18.33305,10,3.978412
16.986121,6,3.983149
20.249117,9,3.990069
19.678479,14,4.002039
15.850421,14,4.012275
21.317293,16,4.024061
14.033804,18,4.037064
19.894283,9,4.045026
21.086873,7,4.051018
38.354225,36,4.07722
21.2338,13,4.087166
25.667399,16,4.100579
20.583915,23,4.117682
26.382793,15,4.12866
43.94805,40,4.158609
20.96787,16,4.171293
18.91602,14,4.181703
23.330054,18,4.195696
16.288939,9,4.202413
25.379692,18,4.216646
19.526919,16,4.228543
22.525035,13,4.238235
19.57477,10,4.24654
20.57872,20,4.262239
21.015992,13,4.272016
22.552379,11,4.280431
18.831406,12,4.289329
20.824798,8,4.296989
21.290008,20,4.311908
19.493149,8,4.318111
16.513196,9,4.325048
20.262355,8,4.332113
23.475167,22,4.348606
19.226487,8,4.354796
23.676306,15,4.365936
21.686157,12,4.3761
20.913777,12,4.385105
20.587302,16,4.397482
19.041106,10,4.405034
18.235231,15,4.416975
18.687416,14,4.427454
16.920165,8,4.433559
18.238586,11,4.442239
16.284063,7,4.448545
20.290454,12,4.457367
20.626514,8,4.463562
17.396687,12,4.472788
18.212053,10,4.481507
17.93258,8,4.487752
19.859622,8,4.494423
15.788663,8,4.500537
21.868933,10,4.509107
20.824878,15,4.520491
19.231664,7,4.526169
20.532108,13,4.53596
24.28469,15,4.548532
16.795776,11,4.556828
17.38506,7,4.562395
19.184776,7,4.567962
15.336294,9,4.575642
22.139224,14,4.586345
20.907895,6,4.591225
25.556978,13,4.601622
18.339448,11,4.610859
19.250816,12,4.620001
18.100122,7,4.625658
19.699589,15,4.637279
18.399783,10,4.646463
17.961285,6,4.651305
19.735802,11,4.659732
16.734739,6,4.664803
20.859659,15,4.676745
17.482297,13,4.686486
23.608655,15,4.698536
16.582461,13,4.708634
18.648444,12,4.718283
19.230165,14,4.72878
21.742575,14,4.739257
24.29653,17,4.752226
15.056179,12,4.761917
11.786219,25,4.780028
15.428686,8,4.7862
18.809885,9,4.793044
19.042921,8,4.800838
22.714548,17,4.813204
23.931914,19,4.827348
24.553515,16,4.8393
21.501678,22,4.856605
22.143536,14,4.866852
12.422436,8,4.87287
20.132466,14,4.883065
18.237112,12,4.893318
21.334978,10,4.90079
19.10742,10,4.908283
18.530028,8,4.9143
18.448935,13,4.924752
15.104987,8,4.931004
18.164645,10,4.938504
21.412658,15,4.950258
18.283912,9,4.958093
33.081423,25,4.976615
18.456178,7,4.981965
20.93283,13,4.991938
22.707288,11,5.001132
15.953635,6,5.005973
19.252269,13,5.015379
18.337057,7,5.020886
18.32026,13,5.031261
14.157652,10,5.038583
20.568233,8,5.045429
22.849214,14,5.055946
17.129593,16,5.068628
22.723778,20,5.083714
18.886014,14,5.094723
23.362901,14,5.105439
19.791068,12,5.115583
21.718376,9,5.122462
27.094008,20,5.137289
21.202581,21,5.153502
19.942932,8,5.160457
17.280447,9,5.167232
21.555571,9,5.174053
17.478397,12,5.183045
21.464566,11,5.192378
26.600381,19,5.206375
21.540718,12,5.215391
20.27774,10,5.223184
19.828095,9,5.230946
21.985865,15,5.242601
21.271317,12,5.251715
22.051163,12,5.260583
19.288649,8,5.267505
18.579543,10,5.27493
17.189606,8,5.281157
25.392184,14,5.292147
18.889182,10,5.300569
19.707954,8,5.306741
18.529495,12,5.315806
18.762199,13,5.325364
27.276802,16,5.338236
21.081705,8,5.345194
17.203951,8,5.351388
24.980743,16,5.363276
20.489055,9,5.370926
13.916737,11,5.379109
22.967234,13,5.388795
20.140775,10,5.396756
18.432308,9,5.404461
18.059018,7,5.409875
17.304815,5,5.413812
21.285983,14,5.424298
17.968809,7,5.430503
20.321994,7,5.435895
21.044541,11,5.44454
19.955523,10,5.452194
18.987428,13,5.462921
22.255255,9,5.469717
20.539481,14,5.480041
21.06345,9,5.486838
15.984527,10,5.49593
17.704678,6,5.500663
20.661842,14,5.511202
21.152253,8,5.517297
26.706323,16,5.530425
14.71559,11,5.538586
18.221992,8,5.545228
19.363363,13,5.554745
19.202481,16,5.567569
19.918068,10,5.57519
17.622306,32,5.59993
18.738477,11,5.608549
17.754319,11,5.617656
21.321576,16,5.62948
19.303277,16,5.641716
17.007294,7,5.647435
19.462838,11,5.656492
17.250746,10,5.66385
17.56255,8,5.670064
21.284011,13,5.679718
18.994953,10,5.688211
18.71015,12,5.69756
22.913806,9,5.704508
17.676465,10,5.712083
21.262184,12,5.722144
23.523424,15,5.733835
21.676312,12,5.743454
19.858143,12,5.752663
21.243053,10,5.76143
21.039099,9,5.768495
18.789807,7,5.773983
19.979676,10,5.781433
19.743179,10,5.790251
16.828581,5,5.79496
18.795169,8,5.80108
18.443065,7,5.806556
19.668764,7,5.812879
23.829249,14,5.823325
23.20734,15,5.834812
19.875125,7,5.840456
21.23057,10,5.849916
21.296457,17,5.862685
20.590944,8,5.869057
25.398521,16,5.881279
17.408221,6,5.887081
21.014016,10,5.894962
19.633752,9,5.90227
26.515339,14,5.913066
15.459928,9,5.920858
18.672533,7,5.926479
24.17671,11,5.935151
21.643521,14,5.94581
20.99337,11,5.955687
18.110163,7,5.961197
22.448378,9,5.968139
18.462655,7,5.973623
19.553398,9,5.98157
17.73594,6,5.986257
21.413765,18,6.000268
18.478659,8,6.00668
22.661129,9,6.014703
18.975432,7,6.02044
27.857217,16,6.032614
17.811689,7,6.037979
20.336778,16,6.05166
17.151302,7,6.057221
23.092312,16,6.06914
22.171418,16,6.081177
18.935349,10,6.089628
21.865441,11,6.098374
20.590353,14,6.109618
15.717676,10,6.11716
19.703917,8,6.124303
16.257559,13,6.134161
16.362756,5,6.138259
17.683819,16,6.15015
16.76548,14,6.16193
19.175303,12,6.171206
20.82696,13,6.180993
20.710524,8,6.187152
21.59269,15,6.199259
27.002145,20,6.214306
16.82286,8,6.220417
24.204231,20,6.235264
18.646507,6,6.24088
18.998069,7,6.246409
24.169355,14,6.257421
19.694201,6,6.262135
26.005941,15,6.273902
19.531044,12,6.283111
19.899809,12,6.292114
18.736333,7,6.297777
23.149554,25,6.317467
18.800765,8,6.323765
19.829434,8,6.330163
17.594378,10,6.337803
15.368391,12,6.347423
19.455357,11,6.356255
19.929422,7,6.361684
21.744127,17,6.374713
20.613111,9,6.382527
18.535764,12,6.391649
17.439354,9,6.398596
17.258541,8,6.405359
19.681887,8,6.412362
31.074956,21,6.427524
18.09968,17,6.440297
32.110112,26,6.460295
19.766554,13,6.470855
18.646508,7,6.476341
16.740906,6,6.481246
20.083597,10,6.48875
19.027162,20,6.504905
17.577471,8,6.511032
21.74672,12,6.519847
18.563057,10,6.527578
24.495381,16,6.540231
18.583953,11,6.548422
20.773323,13,6.558555
22.693694,12,6.56732
20.514954,13,6.577584
21.866081,12,6.58665
19.8714,7,6.592055
20.769433,10,6.599489
17.343668,8,6.607058
19.657389,12,6.61606
17.200182,7,6.621534
20.658141,12,6.630551
20.51107,10,6.638901
18.618155,9,6.645999
21.192336,12,6.65556
21.309643,11,6.663911
21.526231,13,6.674689
17.442556,8,6.680833
15.577372,10,6.688152
20.950888,12,6.697354
17.141249,7,6.704162
24.718877,18,6.717549
22.613781,17,6.730127
22.237477,25,6.748315
21.460623,9,6.756577
20.410214,10,6.763971
22.056468,12,6.773011
18.82276,8,6.779238
13.777932,8,6.786106
19.479104,9,6.793154
18.356141,8,6.799257
16.438821,7,6.805092
21.37225,7,6.811423
19.119811,7,6.816873
16.44252,13,6.826561
24.26005,17,6.838863
18.497148,9,6.846579
20.488856,15,6.858612
17.980015,10,6.866113
15.876654,13,6.875867
15.716721,8,6.88274
19.409732,8,6.88891
17.488052,6,6.893682
18.411048,12,6.902966
24.758339,14,6.91427
16.472514,16,6.925984
20.784379,10,6.933444
18.832445,7,6.938896
19.987977,12,6.948881
19.893063,17,6.961762
23.095498,15,6.972885
17.292866,12,6.981849
17.135486,11,6.991017
17.978833,9,6.997741
21.015381,11,7.006393
18.408637,8,7.012534
15.485639,7,7.022063
21.306433,17,7.036935
16.594792,5,7.040999
20.830646,7,7.046379
16.978684,10,7.054944
17.466946,7,7.060998
16.948687,9,7.067919
16.985256,7,7.07338
15.667437,17,7.086555
20.066253,11,7.094799
22.274978,21,7.110807
21.2543,11,7.119038
18.13905,8,7.12617
21.597837,12,7.135256
16.462373,6,7.140099
18.378152,7,7.14554
22.839942,23,7.164248
18.35426,9,7.171395
16.213043,6,7.176324
20.873304,14,7.187135
17.19859,6,7.19346
20.608033,15,7.205617
17.849909,9,7.213667
19.068386,11,7.222391
26.071876,15,7.23529
22.986079,16,7.24741
20.578996,11,7.255702
23.736588,17,7.269115
16.670839,10,7.277691
19.918697,15,7.288902
24.837612,16,7.301141
20.508723,17,7.314489
18.676222,13,7.325439
17.569651,8,7.331554
16.474558,9,7.338434
20.045642,11,7.347041
17.636232,8,7.354164
11.627669,8,7.36037
21.78211,11,7.369347
18.584997,13,7.379571
22.309021,12,7.38992
20.20242,9,7.397102
17.850315,10,7.40487
19.581102,11,7.4136
20.627144,10,7.422726
23.11642,20,7.437786
19.274383,9,7.444771
18.272801,10,7.4524
19.383546,14,7.463835
16.413621,8,7.470551
17.241999,9,7.477518
18.241773,17,7.490127
23.005725,15,7.502325
23.833756,14,7.512676
14.673025,10,7.520668
23.23228,17,7.533464
21.165513,13,7.544346
21.602336,11,7.55273
18.617824,12,7.561941
25.220853,20,7.577236
16.680363,11,7.58658
20.849803,10,7.594189
15.567609,19,7.60845
24.74534,25,7.627425
25.447187,18,7.641608
22.226645,11,7.649795
19.2007,13,7.659527
22.306332,11,7.66847
17.84413,8,7.675717
20.74822,10,7.683454
22.607227,15,7.69433
24.078705,25,7.712984
20.224325,9,7.721206
21.005221,8,7.727589
19.253992,8,7.733816
20.904417,8,7.740022
19.187697,10,7.748738
19.104527,14,7.759137
23.567083,12,7.768929
22.923822,10,7.776503
28.024051,19,7.79158
21.663074,15,7.80286
19.390797,8,7.80912
20.853197,15,7.820838
30.28557,21,8.046347
35.897311,39,9.430157
16.140531,6,9.437805
19.499842,6,9.445432
18.830817,6,9.454352
17.425539,6,9.461966
19.586514,6,9.469612
18.612614,6,9.477152
19.324441,6,9.485773
19.76742,6,9.49339
19.572653,6,9.501093
19.754587,6,10.831936
22.481523,21,10.859976
22.48829,23,10.888768
19.419339,21,12.2381
14.494707,5,12.244727
13.956227,5,12.252432
14.665084,5,12.258925
14.351604,5,12.265502
14.815242,5,12.272026
13.567879,5,12.279386
14.636883,5,12.286123
15.03896,5,12.29266
14.652795,5,12.299089
15.34465,5,12.306458
15.075346,5,12.312933
14.614498,5,12.319403
16.934966,5,13.649971
17.49304,5,13.65761
17.493575,5,13.664163
17.541302,5,13.670681
17.571545,5,13.677393
17.444644,5,13.684746
17.45387,5,13.691212
17.272688,5,13.697664
17.310302,5,13.704166
16.905359,5,13.711468
16.434523,5,13.71802
17.534971,5,13.72452
17.365277,5,13.731122
17.92274,22,15.069697
19.516694,23,15.098168
17.564969,21,16.718733
18.329867,5,16.729081
18.457231,5,16.74041
18.165246,5,16.750466
17.668668,5,16.760074
18.293667,5,16.770034
17.979022,5,16.781168
17.810302,5,16.790706
18.42169,5,16.801332
17.832298,5,16.811197
18.094916,5,16.822881
17.91579,5,16.832457
17.657457,5,16.842613
13.686042,12,18.527899
25.307841,16,18.558817
27.729983,16,18.588132
27.042941,16,18.617468
35.680254,32,20.373079
21.667084,7,20.387846
21.510767,7,20.400592
21.707468,7,20.413959
22.824717,8,20.428336
20.914873,7,20.4426
19.990806,8,22.099311
23.217246,13,22.122566
25.676468,15,22.148784
24.484754,14,22.175138
24.204803,14,22.200006
22.159115,13,23.908568
16.10708,30,23.962259
15.508269,28,26.024936
14.835033,10,26.064671
16.647169,10,26.097973
17.817364,10,26.131655
15.305822,11,26.155719
15.268326,10,26.171663
15.014109,10,28.883473
-1.405326,30,29.000681
1.563877,29,29.131283
3.231499,30,32.367826
7.860802,30,32.461417
52.418934,60,35.402897
8.604202,42,38.002241
16.400067,33,38.053125
26.053595,17,40.344985
28.210022,20,40.422532
26.877747,19,40.497837
36.530832,40,42.831569
41.348964,52,46.096817
6.561592,31,46.229269
25.117774,42,50.093692
19.395778,34,50.230913
55.611349,42,54.91569
63.370866,49,59.302214
61.802525,95,64.425336
16.491691,33,68.835587
17.267695,34,68.977421
55.035075,47,73.054955
52.631141,44,77.128495
69.091373,54,82.517292
16.699013,35,82.677493
7.438963,48,88.575028
74.543797,50,94.810849
12.602262,41,95.048144
58.543152,45,101.70734
59.399947,40,108.89414
80.56599,52,115.713402
20.505868,8,115.76657
18.735439,7,115.821524
18.653614,7,115.868727
18.627143,7,115.920718
20.267084,8,115.99318
20.475204,8,116.04673
20.101185,8,116.099618
20.347393,8,116.154418
40.388904,31,123.190029
45.032549,34,130.13132
78.990578,55,130.533769
84.965771,64,137.699742
42.395413,38,144.826964
42.8907,34,145.071727
27.690813,31,152.171059
49.823754,40,159.105366
69.700835,86,166.217821
88.988053,77,173.242203
68.149873,43,180.095735
285.46428,287,209.89574
59.430597,42,217.134275
15.614468,31,217.392528
54.502108,41,224.578065
57.372532,40,231.777008
86.783204,90,239.379927
75.102152,57,246.652269
49.20183,37,253.798417
196.175744,219,275.210786
54.461196,39,281.76361
120.473296,76,288.548934
83.581195,77,295.316117
46.328069,36,301.897862
126.000626,109,308.880675
65.405083,180,328.903744
87.424545,65,335.581307
108.178091,88,342.414954
80.02947,57,349.049415
75.528332,51,355.675387
82.99034,57,362.314906
77.179992,57,368.95006
90.497719,59,376.056691
96.016626,62,383.224345
101.204482,66,390.37099
115.463066,74,397.635474
84.595057,58,404.726536
97.429754,64,411.868778
100.193632,62,419.002208
146.410096,94,426.335227
101.093074,66,433.517875
122.230917,78,447.343471
119.790165,71,454.544867
96.846707,60,461.636101
113.374838,72,468.868211
91.009054,61,475.949224
115.587854,66,483.08772
113.077371,66,490.194827
126.914297,71,497.366871
102.396803,63,504.462849
103.316222,71,511.585764
129.91995,79,518.775982
113.365722,66,525.904794
104.28031,64,533.029692
101.59944,66,540.177567
98.96967,62,547.298225
97.829864,65,554.396413
106.052209,72,561.557391
83.994014,59,568.665824
101.223013,69,575.809341
111.264261,70,589.565907
119.351402,71,596.679675
136.078763,77,603.89505
129.766922,81,611.16695
127.764021,69,618.342486
88.414355,66,625.450634
125.425212,71,632.604039
118.550441,74,639.853332
121.410229,73,653.599381
114.725045,71,660.752653
94.874324,66,667.851616
90.361125,66,674.990667
99.12992,69,682.120986
101.136665,68,689.278761
83.764659,62,696.398639
106.141625,73,703.566952
97.863391,67,710.697386
95.805103,69,717.863282
95.643922,68,725.043528
87.522938,69,732.225813
105.543587,73,739.402567
123.688995,80,753.237626
101.519243,72,760.419945
112.15463,76,767.60341
109.578938,82,774.842789
107.62763,70,781.999831
76.82892,62,789.139993
123.039831,76,802.97167
123.458424,84,810.204632
119.949349,75,817.346377
144.731103,92,824.661855
143.391222,92,838.619147
126.413923,76,845.828498
151.313122,94,859.816107
127.925139,81,867.118308
133.197584,79,874.311206
123.310728,78,881.500438
220.442403,188,902.78597
131.899751,83,910.076721
120.309237,80,923.966802
122.556028,77,931.157872
120.475581,72,938.323024
145.952854,86,945.683204
155.859053,89,959.600828
127.84591,78,966.856318
129.169286,142,981.25203
152.624857,84,995.080776
144.16377,84,1002.334519
136.828743,80,1012.444933
134.477116,75,1019.592065
179.53906,100,1033.574877
137.738367,81,1040.798079
132.88334,94,1054.711189
114.710759,73,1061.92132
137.449782,79,1069.12623
132.89821,83,1076.419617
155.488896,107,1090.52315
124.657337,77,1097.613673
151.827598,89,1111.366216
125.427861,82,1118.501923
140.29213,84,1125.806083
116.427214,77,1133.090956
128.123727,78,1146.990945
144.725429,98,1154.429848
133.545608,84,1161.689104
140.902753,110,1175.698924
130.749604,92,1189.556757
142.709853,93,1196.760808
152.839493,95,1204.051853
162.941962,122,1218.272907
138.639376,98,1232.189826
139.591126,91,1239.467818
137.392059,95,1253.43318
148.094523,98,1260.799638
145.01297,97,1274.91223
128.084115,75,1282.11137
131.190745,89,1289.449898
146.870904,106,1303.536475
182.579956,110,1317.681756
158.116082,98,1325.070299
154.267901,93,1339.066606
111.075571,70,1346.220301
125.458781,82,1353.508576
119.645165,77,1360.720233
191.878484,117,1374.846927
145.944407,91,1388.827444
188.753748,112,1396.263238
136.635924,81,1410.086455
135.805379,83,1417.333227
136.09942,90,1424.595837
120.665566,78,1438.455181
168.724765,102,1445.877189
148.693616,89,1459.846276
227.178797,180,1474.32624
161.849904,107,1488.346136
119.578706,74,1495.539668
126.59067,68,1502.677283
143.580721,88,1516.540486
145.607021,86,1523.83297
148.289641,92,1531.19046
123.119912,75,1545.061181
136.713963,82,1552.312206
152.558743,92,1559.684755
132.466638,85,1573.635741
138.082218,81,1580.845617
167.285791,107,1594.93146
130.15898,85,1602.210397
132.130898,72,1609.450766
136.891055,77,1616.680258
124.934674,82,1623.915047
187.621266,112,1638.00587
146.78069,81,1651.890694
139.775091,84,1659.1574
169.779687,103,1666.550574
152.170747,88,1680.468471
159.585799,87,1687.80479
169.064807,93,1701.771468
171.104782,92,1709.117155
148.197457,81,1716.375798
135.774208,75,1723.6045
140.074608,78,1737.510266
156.869486,88,1744.804366
158.645757,96,1758.813931
325.395372,279,1787.41817
150.05258,81,1794.637072
133.375778,75,1801.836108
120.049961,70,1808.979558
174.980164,93,1822.927069
167.934479,89,1830.218351
143.56764,92,1844.326796
164.928616,87,1851.66639
171.113688,110,1865.97862
132.928617,87,1873.262319
149.899125,90,1887.47265
130.15993,86,1894.766039
163.528656,96,1902.186323
172.615453,98,1916.461473
150.809117,87,1923.864254
143.354351,86,1937.895762
157.522079,96,1945.348952
152.943008,86,1959.528754
182.617224,104,1967.106591
134.206267,73,1974.398163
153.015534,81,1988.504655
140.148111,83,1995.899853
159.507596,87,2003.153626
169.096111,92,2017.328563
170.234629,107,2024.821329
195.810165,119,2039.229998
142.485891,85,2053.32849
155.115075,100,2060.765102
132.485578,78,2068.004686
128.921755,78,2082.117548
161.096825,94,2089.468498
158.533594,85,2096.765557
133.329067,88,2110.846162
121.771482,76,2118.132707
138.555451,82,2128.209645
153.856262,97,2142.446426
132.249522,81,2149.789016
196.960641,108,2164.077945
198.600756,101,2171.46425
161.000535,90,2185.648444
159.017208,91,2193.01962
132.312444,75,2200.239242
166.002114,90,2214.444736
149.828045,90,2221.801925
181.329639,96,2235.940151
275.740939,148,2250.498436
148.641424,94,2257.932545
197.35725,101,2272.110185
170.617736,93,2279.50711
151.019528,83,2293.630304
151.25178,85,2301.060542
174.756939,98,2308.464656
237.00815,124,2322.88568
158.111016,85,2337.017665
151.337643,86,2344.373223
132.401718,81,2351.654459
158.573629,97,2365.818408
150.560645,78,2373.090829
152.008119,89,2380.420905
145.641187,80,2394.626518
151.792759,76,2401.925056
168.733409,98,2409.298873
190.326824,99,2423.537562
188.100979,105,2437.783213
145.104089,90,2445.111189
161.992872,91,2452.505188
183.904538,100,2466.782008
168.643772,90,2474.128628
145.293045,80,2488.222567
152.3711,89,2495.677153
155.778034,86,2503.085587
142.308007,83,2517.147524
164.033075,89,2524.560079
136.420085,78,2531.864572
169.887351,96,2546.067288
187.049427,100,2553.504976
143.906795,81,2567.526937
179.395629,101,2574.906947
184.754345,92,2588.974258
168.211406,93,2596.370906
160.905336,83,2603.713042
122.817477,78,2617.772742
196.097087,96,2625.156521
256.974253,123,2639.558704
156.631639,88,2646.901969
185.54117,102,2661.208335
150.40022,82,2668.568845
178.388814,115,2682.89997
261.066519,178,2704.42909
197.174157,95,2711.869944
205.54759,100,2726.089315
164.607453,91,2733.515721
196.126726,107,2747.813038
167.062488,88,2755.195098
149.074422,79,2769.239888
173.306158,97,2776.739027
292.874166,154,2798.072961
219.881063,109,2805.604531
152.228564,89,2819.782365
249.179856,120,2834.227794
216.147687,112,2841.844375
244.126477,117,2856.2378
199.824165,100,2870.478032
195.375938,113,2877.930343
222.48529,106,2892.227887
195.188273,95,2906.271204
199.661838,100,2913.66373
170.345985,87,2921.039155
195.336558,106,2935.309271
185.046265,100,2949.470302
193.960537,98,2956.885134
175.424564,102,2971.146372
197.544505,95,2978.589284
149.246982,72,2985.85002
133.253963,78,2999.893464
190.904489,98,3007.29579
183.666166,92,3021.509993
172.550263,93,3028.931343
223.126162,109,3043.332327
318.877608,159,3057.806077
231.170811,112,3071.989469
203.487674,105,3086.228893
269.443968,145,3100.745142
187.072772,100,3108.190538
215.498907,122,3122.600763
374.806511,205,3151.07388
268.117043,137,3165.520704
186.311592,94,3172.925563
229.369157,105,3187.119262
231.091856,104,3194.533553
211.005928,104,3208.706454
278.389512,134,3223.178506
236.046815,122,3237.438857
274.606206,142,3257.536618
383.515164,196,3279.190493
226.756949,116,3293.445887
141.019588,80,3300.75016
402.63357,211,3329.122166
310.039876,160,3343.535482
382.815137,213,3371.425438
902.963392,472,3420.617873
569.006612,298,3455.899583
179.413151,93,3463.200071
368.085599,200,3484.455596
572.176738,298,3519.7077
830.928922,434,3569.157193
225.596784,110,3576.66937
313.447535,154,3597.653945
188.850999,103,3605.030157
326.790693,146,3625.881017
210.923168,100,3633.178694
230.850043,128,3647.319654
378.188604,212,3675.3406
194.034914,93,3682.563998
1453.430535,895,3781.706827
458.479291,262,3810.016156
1003.141821,607,3880.581652
486.785167,275,3909.163599
416.317045,235,3930.745707
695.858042,486,3987.279292
639.608963,333,4022.8824
266.669343,126,4037.033413
1543.83278,886,4136.027082
615.469382,292,4171.180566
384.403286,181,4185.700993
1048.493961,551,4249.437477
1603.643821,897,4348.566974
495.81077,251,4382.127014
368.991796,166,4403.167107
698.81552,364,4438.930021
325.358548,162,4459.839184
460.517739,201,4480.982012
468.880291,229,4507.640842
349.825486,168,4521.206454
318.307949,142,4534.638465
1124.112092,563,4596.885277
566.269489,289,4631.362555
564.04559,294,4659.291701
905.149955,460,4714.624202
334.319236,138,4728.513118
547.021316,253,4756.271283
662.085611,345,4791.027475
394.80253,193,4811.75721
232.439146,114,4825.508091
644.932688,319,4860.20317
298.763066,135,4874.07486
283.587637,137,4888.095724
235.398601,111,4901.801773
225.126916,108,4909.009623
265.693574,123,4922.816445
248.337412,115,4936.509765
396.135647,186,4957.266554
665.022604,324,4991.823496
679.082296,329,5026.506439
434.269078,201,5047.392769
547.244645,255,5075.091369
353.406419,152,5095.64929
505.395592,226,5116.65733
443.215492,199,5137.479396
1121.140911,537,5199.411195
372.443607,174,5219.990455
336.20196,148,5234.067187
843.327569,419,5275.716174
343.064307,163,5296.348767
634.645048,321,5330.904368
568.960338,256,5358.527688
299.977841,142,5372.484791
279.689427,133,5386.385313
633.49286,279,5420.635305
336.484619,145,5434.610593
584.301091,275,5490.281249
815.289352,369,5532.421199
316.290221,159,5546.821007
414.949468,216,5574.6889
764.264875,325,5609.675056
342.025497,148,5623.372861
642.977795,321,5657.361973
808.179952,352,5699.299699
295.260878,139,5713.428918
478.824894,214,5734.509981
925.657079,453,5783.652678
554.970968,255,5811.6921
530.639601,242,5839.749382
804.76319,377,5881.892144
454.619678,204,5903.095752
331.954825,144,5917.259281
597.734164,257,5945.341642
794.109179,331,5987.427054
256.272285,126,6000.841102
333.09131,170,6013.940856
367.63915,160,6032.834407
379.113117,158,6045.772602
259.313932,111,6058.421035
762.146875,333,6090.985311
556.314605,241,6117.578374
475.426405,199,6137.68709
1595.766855,707,6210.805558
2067.808559,1000,6317.550269
474.842083,201,6337.625876
386.984121,171,6351.209106
260.644425,115,6364.533849
380.699504,165,6384.438642
362.15219,162,6397.901989
509.362512,227,6424.521873
405.542767,189,6444.617915
2204.068472,1000,6573.953754
1260.31311,567,6628.187536
435.26038,215,6655.084374
1283.062937,545,6712.054356
454.20817,187,6735.79255
1133.731876,521,6791.312916
2209.7438,1000,6899.791374
1464.169163,658,6968.248612
2044.619502,875,7064.038983
703.297576,297,7098.348184
2199.91517,1000,7201.607834
908.380747,379,7245.47541
594.175441,246,7274.90016
989.997049,425,7326.735503
1491.787655,645,7401.075758
2229.468205,985,7512.66151
380.551457,166,7534.813374
371.938216,155,7550.006925
2036.974728,823,7647.157342
983.944635,437,7706.433919
456.805106,194,7728.927078
988.35353,417,7773.234143
247.596545,107,7788.059879
556.95368,220,7810.694106
161.124053,79,7825.306661
1237.413131,557,7885.585588
1211.613192,508,7945.312823
308.419603,128,7960.195889
1018.090129,412,8012.422107
1428.015548,652,8087.704865
1412.244905,629,8162.605701
641.757409,281,8192.754042
710.381175,304,8230.168722
1023.929236,445,8282.634185
921.68423,407,8327.829611
620.209315,264,8357.916476
585.772814,249,8387.945392
234.589145,99,8402.662852
377.210541,158,8417.920512
236.26264,103,8432.790752
331.248462,148,8447.970301
635.710932,276,8478.021605
1380.178088,601,8552.957789
566.152492,242,8582.919333
1405.723186,652,8658.244606
750.457539,324,8695.710693
1008.864109,448,8748.227495
230.384189,106,8763.10738
1917.553062,843,8886.19123
337.30683,150,8901.208631
1511.398554,623,8975.61906
840.285765,345,9013.574407
635.063327,290,9051.035291
2348.71969,991,9163.713259
1964.637906,874,9268.678312
770.448277,325,9306.40961
438.972116,193,9329.066662
526.455061,227,9351.902229
2331.918013,1000,9473.290821
620.11537,263,9503.705641
128.408299,69,9511.301968
1219.944073,528,9579.341484
1063.750724,449,9632.646635
1703.780912,712,9716.319995
526.34092,223,9739.27045
866.179022,380,9784.788105
1342.542665,598,9853.322925
2278.425837,944,9967.229655
1913.739766,816,10089.051722
618.372978,253,10119.328866
381.772606,160,10134.68994
900.945969,393,10187.46732
1839.247684,808,10278.561384
2021.945856,893,10384.398076
2426.525442,1000,10505.278195
682.93795,284,10535.693434
1910.588634,777,10626.720402
223.603602,105,10641.762215
1082.555413,454,10694.701222
1726.339722,718,10777.994167
2452.504061,997,10898.919903
1313.376959,528,10959.56565
593.82946,252,10989.881934
1554.057323,648,11065.66568
318.647993,151,11088.087983
1079.452267,441,11133.959601
1490.512697,611,11209.240481
525.675036,232,11238.834077
1142.908542,470,11319.602052
443.348136,202,11342.416853
709.185154,293,11380.107113
157.541136,82,11387.816289
1120.040173,473,11440.973633
424.365,189,11463.559707
1019.485742,429,11516.266402
456.437415,256,11546.615203
273.48566,132,11561.725063
1237.524075,504,11622.299036
769.157899,328,11660.342543
973.315434,406,11706.03692
1120.967318,447,11759.175073
840.962344,365,11804.451543
432.922905,195,11827.241542
347.29964,154,11849.720809
726.392184,306,11880.34932
1032.67328,439,11933.376968
727.69253,308,11971.239205
294.434439,142,11986.530346
2151.493291,888,12092.523708
1356.601447,570,12159.990708
574.171299,251,12189.4619
145.700036,68,12196.952265
572.177122,242,12226.369126
285.459942,127,12241.026274
1154.417074,485,12292.742136
483.922992,207,12322.041775
558.880584,225,12344.393886
865.111338,369,12389.3799
1062.643664,447,12448.227835
260.816447,115,12465.264841
835.55014,338,12517.865494
347.960428,163,12535.036681
274.291016,134,12560.002092
375.518513,187,12577.317112
364.708925,162,12602.257873
446.403133,191,12627.439588
306.712394,131,12642.999799
768.624874,339,12683.33883
884.885107,371,12733.344635
757.899946,321,12770.796613
401.782817,188,12792.594679
251.087892,109,12807.146868
1334.213202,582,12872.924083
319.433356,138,12887.601323
2293.894861,951,12997.156536
220.109994,99,13004.767719
874.497766,361,13048.589621
247.455706,113,13063.176729
179.162123,95,13070.688762
353.662906,159,13092.469744
369.785609,176,13114.354203
578.262431,288,13143.897109
2417.330737,1000,13260.875762
483.923892,199,13282.841282
575.420382,246,13312.138096
429.195115,200,13334.20105
573.166065,280,13363.515197
219.396701,104,13377.841998
1048.296769,453,13428.550625
759.844329,346,13464.655886
333.163964,147,13486.141551
372.65143,162,13500.829712
879.957903,356,13543.850813
11.84586,29,13544.023402
1321.977836,531,13601.988839
569.896243,247,13630.968333
601.954162,239,13677.177401
2445.394913,1000,13805.621612
777.951137,312,13837.842716
656.7858,278,13879.095741
909.419237,369,13926.96133
1855.955163,731,14015.146346
529.403872,233,14047.391367
226.31524,105,14055.917661
1179.581622,476,14120.875589
552.361249,245,14153.377334
1169.876654,480,14211.004369
270.094724,121,14227.301023
1296.921557,541,14292.818345
599.122921,252,14325.511452
769.407828,321,14366.254472
1018.334084,411,14423.031833
1153.698287,474,14480.134151
783.592726,323,14520.938839
817.256716,323,14561.829702
738.954824,317,14601.468858
210.19437,96,14616.025549
248.565936,112,14623.742203
1979.886035,813,14719.162064
759.575348,295,14755.167975
356.769153,145,14770.013611
1196.895583,507,14828.701919
465.696246,192,14850.560118
247.911612,110,14865.169064
649.13865,262,14894.675689
1045.672075,437,14961.999209
351.170579,157,14976.857561
194.148295,97,14991.276062
412.945236,182,15006.304586
256.42161,117,15020.767809
265.52225,115,15035.301594
577.357256,242,15064.196495
711.517611,305,15100.87546
626.849326,269,15130.38721
142.107613,82,15137.877883
1040.077811,435,15189.285682
214.94578,96,15196.82923
436.053969,176,15218.815478
891.28965,368,15262.856783
940.948295,385,15306.971509
113.873442,72,15314.430537
1614.068545,643,15388.050656
787.706125,350,15432.018501
1391.48926,578,15498.277354
738.408165,312,15528.128709
299.28461,141,15549.884912
498.818642,213,15572.140087
763.058001,314,15608.894251
914.039873,379,15653.025074
805.539949,326,15690.010235
853.840391,370,15734.163924
338.679544,142,15749.123618
804.884611,322,15786.021492
247.412636,106,15800.561245
257.123732,123,15808.358833
367.39361,162,15830.199304
1802.21586,720,15911.460706
393.537802,172,15932.917201
737.75146,341,15970.236848
2484.989934,1000,16107.09919
1252.128575,518,16166.818254
229.338658,106,16181.461588
1048.433004,429,16226.259737
206.095152,94,16240.414489
2245.299692,904,16344.659717
266.637207,115,16359.549295
1860.47493,730,16442.189901
1232.080431,516,16502.09678
1323.745796,552,16569.126704
620.193592,245,16598.956624
365.567503,161,16614.154084
729.059108,298,16651.340464
732.814986,311,16688.661191
698.967222,304,16718.872228
383.063914,163,16741.1357
1181.033494,465,16793.604858
776.917489,310,16830.832719
400.534699,175,16853.120295
2501.06126,1000,16965.252107
1020.340216,394,17017.207299
1495.098802,607,17084.460016
683.103235,275,17114.01303
858.69893,360,17158.253337
671.960828,277,17188.16347
1460.974596,599,17270.130383
1733.216922,680,17344.244616
1084.757631,440,17398.20017
559.46223,230,17427.783139
876.618991,351,17465.277486
545.297575,222,17494.861202
611.326744,262,17524.659441
786.415467,316,17561.666797
461.095664,200,17584.009653
480.344213,205,17606.338695
1091.26434,436,17658.096803
777.627369,310,17695.047621
795.709994,320,17732.145479
992.060866,406,17776.827528
996.172835,407,17821.478918
1547.26949,619,17895.496141
227.541181,108,17910.14531
658.817035,319,17947.262529
521.666948,210,17969.639929
1284.746538,521,18029.160132
932.915992,373,18073.933436
1799.411766,734,18163.616527
1899.598921,751,18246.126307
1527.040215,614,18320.256392
398.068847,163,18335.345086
1243.332262,539,18402.276621
273.530115,116,18417.040428
694.532901,301,18463.848188
337.838814,148,18485.448842
576.471561,238,18508.145212
298.034264,138,18530.214322
978.876079,409,18576.201965
1091.357444,423,18629.496684
2508.246289,1000,18741.891167
808.25686,333,18779.349298
1746.183839,689,18861.36081
116.290296,75,18868.898213
380.630235,153,18890.97138
1666.728165,671,18965.165578
255.588843,107,18979.825404
765.488957,326,19016.719718
540.480754,225,19039.167686
778.451952,315,19075.982932
233.385681,108,19090.613069
644.946705,266,19120.248761
906.616124,362,19164.459143
578.478894,233,19193.901487
1756.041341,679,19268.365635
953.690039,395,19312.672539
901.668513,366,19356.91378
453.079491,179,19378.968132
2314.893287,894,19482.170336
1204.471977,480,19533.98175
1161.732025,439,19585.698118
1002.064643,397,19654.865633
1227.334584,494,19713.847902
264.516948,122,19728.487817
1752.63248,705,19809.363911
240.820201,112,19823.906796
589.132995,233,19846.487025
1653.024811,635,19920.569328
2075.491375,822,20017.189984
611.093269,249,20046.934116
2087.511554,808,20143.396385
176.240203,90,20150.954218
1874.341832,738,20239.289502
1321.617714,528,20298.415754
2034.246845,825,20394.477566
470.543612,201,20416.707105
2543.14644,1000,20534.754278
876.846532,336,20571.812533
366.184248,155,20586.724732
1930.959732,773,20675.442507
468.86726,185,20697.570746
2047.633392,808,20815.876853
957.308714,385,20860.098138
250.295514,108,20867.748584
1405.859003,554,20934.282384
534.226929,210,20956.809419
501.225407,204,20986.237262
793.904908,316,21023.495579
375.899825,163,21038.561967
248.858816,105,21052.947837
1032.221108,398,21097.872989
715.587948,293,21135.23902
2410.543382,948,21241.629384
1740.499621,686,21324.067316
243.61608,103,21338.776489
359.886186,152,21353.685565
1327.143261,504,21414.41172
697.529287,276,21445.354452
476.6458,195,21467.556297
159.707267,78,21481.703644
500.843072,194,21503.286552
463.067222,187,21518.401871
481.383238,196,21549.670064
433.019627,178,21564.746589
359.118815,151,21586.141586
653.34832,273,21615.103592
267.312092,116,21629.435211
268.818651,115,21644.069931
275.873548,123,21651.74952
2579.151305,1000,21773.325489
578.109066,226,21803.05426
2278.867224,884,21900.953579
1389.451051,566,21975.423396
462.354912,199,22015.559952
249.256904,111,22030.415321
941.537794,379,22076.46842
915.785105,356,22121.344802
904.225125,369,22159.67435
415.761429,168,22182.560141
2574.785483,1000,22305.706719
488.907486,202,22328.903671
1180.736558,497,22388.418084
395.149919,155,22403.458673
590.637737,240,22433.09582
1379.026571,544,22492.807253
2161.369318,829,22589.742267
351.115795,141,22604.840148
792.219525,311,22642.045779
975.725366,373,22686.650211
1782.656852,687,22767.760286
1186.258824,456,22820.512246
1598.317231,651,22898.335889
551.587419,229,22929.232699
989.12849,396,22975.852538
671.931411,268,23007.520315
269.844861,117,23023.006797
517.859364,209,23046.34347
1796.088796,688,23131.89443
1254.203617,505,23206.053418
943.985523,378,23255.434799
1661.241831,637,23334.711901
1503.259793,585,23406.375526
690.860731,277,23437.821899
959.990026,384,23485.583831
195.032539,92,23501.276652
909.469154,353,23541.204875
641.390106,261,23571.119387
750.705879,311,23608.151451
201.954606,91,23615.844745
467.050988,191,23638.263852
469.911934,185,23660.617739
414.400002,176,23683.023674
279.684684,125,23698.023381
1649.177622,645,23772.986788
957.06773,390,23818.072854
264.002917,113,23833.083751
435.20365,178,23855.598757
335.145967,142,23870.73735
337.751595,143,23885.958397
880.12648,347,23930.87588
611.301723,242,23953.848832
851.699917,340,23998.749789
765.200177,316,24036.425646
184.268151,97,24044.15891
1739.582109,685,24126.154113
337.071333,141,24140.766699
374.827609,151,24155.521315
277.861293,126,24170.851094
348.820398,147,24192.761793
422.761228,171,24208.265721
1573.475501,636,24282.228922
910.183945,364,24327.547428
1269.983326,508,24388.480692
537.951049,229,24432.761782
1748.395196,663,24514.865573
229.450733,106,24522.609434
999.62978,392,24576.480605
868.326743,351,24614.127578
544.876082,226,24644.418061
1822.38383,724,24727.73375
1569.975106,630,24802.034089
642.674573,252,24832.618296
511.908874,208,24855.488875
1213.381259,486,24921.423621
956.24612,386,24971.81105
319.020637,141,24988.616725
544.039294,219,25013.42777
658.380519,269,25044.545108
473.976377,193,25067.525824
879.43245,336,25111.194677
1563.724794,603,25177.337149
164.39947,95,25191.874561
1841.467516,705,25275.417737
506.537847,212,25298.204152
216.975888,100,25306.011828
577.326913,222,25335.774726
234.401836,108,25350.61207
858.675158,343,25388.455352
581.538888,238,25419.038934
1044.978503,413,25464.920708
702.450023,278,25502.75578
320.873256,151,25517.97005
411.069548,167,25533.210287
521.984655,217,25562.739196
570.571446,231,25585.589062
2524.855454,1000,25716.585879
359.327789,144,25731.732465
311.265142,128,25746.488146
905.236692,360,25790.484929
539.814035,211,25812.57893
584.550557,234,25841.717695
757.368643,311,25877.994368
1027.106854,397,25921.361952
426.458556,185,25943.052547
560.19796,241,25972.169647
1323.85737,507,26030.643737
1860.910181,716,26111.337393
244.324544,109,26119.170702
539.401605,218,26149.367137
1519.340754,596,26219.094438
429.920313,168,26241.78493
2285.384838,888,26349.560881
478.595324,195,26372.847855
653.847643,257,26403.886383
1892.361041,752,26496.952893
382.00745,153,26512.991371
245.563512,109,26529.840346
677.469514,265,26561.590856
344.031692,151,26577.218852
652.490116,265,26608.146482
412.284493,177,26631.405067
724.157365,302,26670.1391
381.092568,161,26685.804019
1054.204721,426,26739.839149
831.967691,334,26778.705656
700.712238,287,26830.38723
1002.441808,410,26875.27029
550.845572,230,26905.019022
850.790771,350,26942.643404
742.418198,303,26980.023855
324.215318,132,26995.277091
549.917254,239,27025.525743
689.576952,287,27055.709025
335.44802,145,27070.859607
575.568211,251,27100.844894
685.378469,271,27137.943739
2149.214708,838,27234.641861
758.091663,322,27272.179502
323.729403,142,27287.132772
382.984042,157,27302.249389
367.101394,154,27324.474294
1693.251766,680,27399.598609
915.686562,355,27444.273912
558.687572,230,27466.94294
453.23088,203,27496.70249
1271.642443,506,27556.681551
901.652178,356,27594.309219
469.045334,195,27616.780499
990.011462,394,27661.712063
1640.289995,659,27744.634275
874.311581,351,27782.258883
367.607161,158,27804.663573
365.917633,154,27819.869493
299.702255,125,27834.822422
1300.85033,514,27894.753484
996.819992,383,27939.590051
560.525115,235,27968.845073
210.155122,94,27976.345492
465.978108,195,28014.622716
1046.952222,438,28067.036698
532.500925,221,28089.725333
259.696176,115,28105.485183
228.982874,108,28121.29737
175.282382,91,28129.547204
265.810674,113,28145.461542
749.125142,302,28185.418508
476.286848,194,28208.519831
537.240196,220,28232.42511
797.95632,322,28272.469315
187.774859,89,28288.246261
618.144699,246,28320.382641
821.42429,347,28360.657533
558.318877,223,28385.052731
253.11911,113,28401.028885
346.831727,157,28424.948101
557.510072,223,28449.245811
896.278392,373,28497.294981
578.669033,228,28529.306017
167.003726,83,28537.508128
1388.603724,568,28609.34819
993.794601,388,28657.441867
1431.279386,572,28729.834641
943.879641,383,28777.978867
1538.205111,608,28852.22141
249.448901,110,28868.443884
399.258645,164,28885.055481
749.114916,317,28926.40793
944.55061,395,28983.796449
543.750919,215,29008.482321
1952.768566,791,29107.153103
889.803702,351,29155.871238
786.834543,314,29196.033061
918.734835,408,29245.732299
1093.231994,447,29325.29223
758.425872,319,29366.246805
179.090475,91,29374.567724
584.363158,230,29406.560672
531.024506,214,29431.258649
1025.831146,407,29488.333267
695.680351,284,29521.343526
1856.460303,731,29620.384658
1166.229891,477,29677.825909
1264.838298,490,29743.606142
368.785527,153,29760.169442
594.341422,239,29792.860312
563.674767,217,29817.666533
508.466764,213,29850.064751
1072.890734,429,29897.384256
926.305041,366,29941.495164
2182.842964,859,30037.372049
766.570388,302,30074.150162
351.064485,148,30088.981006
1542.569928,600,30162.468491
661.640274,263,30192.074146
465.86363,188,30214.114647
1755.636,673,30287.969067
1536.227767,612,30361.258612
250.175085,127,30375.611952
395.949132,166,30397.56146
733.177272,286,30427.211577
367.671242,155,30442.089896
2528.96871,1000,30587.653248
610.484428,249,30617.163069
1070.340322,418,30661.582777
790.405863,323,30705.347101
785.307795,311,30734.933122
263.080168,108,30749.173994
2473.01819,1000,30866.936806
228.890084,100,30874.585427
1386.911358,563,30940.789625
1691.187755,669,31021.68375
494.234069,204,31043.668026
32.125034,19,31043.791424
29.669533,16,31043.882546
1108.29548,448,31095.281303
126.012428,67,31102.680784
457.653406,194,31124.798776
1757.084555,705,31205.560469
373.311024,149,31227.417706
1045.453657,433,31272.058228
550.514322,211,31301.353889
386.83472,154,31316.235814
1774.907985,699,31397.325592
1147.851831,452,31448.742312
2300.691446,887,31551.253599
526.885064,211,31573.234774
632.362691,257,31602.749402
857.058739,341,31647.081509
654.811202,265,31706.010706
1113.935692,454,31759.592391
1400.002886,539,31819.703629
724.940239,287,31856.990798
743.106348,299,31887.357131
1137.806473,463,31947.338562
422.539627,178,31962.68613
446.881704,189,31985.404775
860.480173,355,32030.437821
785.636172,312,32067.997172
2510.282042,991,32177.63318
2547.625795,1000,32292.764211
1412.534704,567,32357.737516
1348.786264,525,32415.257736
1864.886154,711,32495.017445
1681.956315,666,32574.017474
1149.980365,453,32624.420263
1552.135131,621,32689.62474
558.950382,225,32717.920032
1811.860968,722,32796.205196
701.01576,278,32825.158036
2499.088818,977,32955.970323
133.130465,76,32963.528507
544.361882,231,32993.441427
259.89228,113,33001.166825
1530.560018,593,33076.084993
1135.062448,434,33121.150852
1056.327109,441,33174.131492
703.063305,284,33211.670621
235.441894,103,33219.453728
1130.271095,459,33272.282634
561.703292,226,33302.195144
388.755739,156,33317.482957
1033.341273,409,33370.127634
2527.756601,1000,33483.356713
1136.188438,447,33536.048817
524.75621,211,33565.95474
1454.970151,574,33632.295857
1755.378479,684,33705.339331
1190.57301,469,33763.450347
2545.918789,1000,33872.946639
2559.146218,1000,33989.67489
780.009665,337,34046.588339
782.217169,301,34082.235167
1263.530887,506,34141.476198
1619.581735,643,34214.850486
1523.149336,591,34280.691133
1019.514171,400,34324.318986
1132.467378,427,34374.670654
561.134049,233,34403.817734
1212.934101,489,34455.331699
584.398161,227,34484.357152
2098.249005,829,34579.204818
708.040555,292,34608.517333
1431.073617,572,34673.912529
492.782195,202,34695.86513
1597.196917,646,34775.663405
593.465706,235,34797.805124
722.7978,300,34834.03464
1707.658077,659,34907.043205
2205.094701,857,35009.008824
836.677775,347,35045.442178
824.900695,317,35081.949402
909.579387,364,35125.524625
1019.92963,402,35169.441035
1508.045633,595,35255.257227
569.239725,223,35284.220374
2555.292562,1000,35395.772974
872.488455,348,35446.44786
893.046629,351,35489.408463
1043.377833,413,35549.103446
550.915899,222,35574.889333
2545.533369,1000,35711.443369
2583.837162,996,35839.902058
2478.966934,1000,35976.972194
1229.569729,490,36038.924562
1060.357003,438,36084.168721
1706.894819,662,36172.485641
1754.847214,682,36255.657554
854.73531,326,36304.793898
508.849035,207,36329.656477
2515.617432,979,36454.489563
2382.985389,931,36605.655658
1314.559397,507,36671.326276
553.673671,230,36695.948166
1656.414605,657,36771.900108
1945.454376,754,36862.661661
2484.796502,939,36975.889228
1584.841651,634,37051.522393
2088.108881,813,37150.029541
1510.112227,589,37219.22512
572.606212,226,37242.239866
478.955433,189,37264.883318
1875.334445,722,37348.301911
1456.499534,556,37416.425582
2533.222596,986,37537.34666
885.23904,359,37575.584815
346.472001,138,37590.82944
1854.84133,724,37685.181232
554.340933,215,37734.547835
700.214991,272,37765.018724
1061.913519,420,37817.932582
978.152702,397,37863.466311
2543.868779,1000,37984.340438
1517.598167,608,38052.701903
1543.127746,592,38120.914246
2592.722208,1000,38241.774179
2002.732858,789,38332.803335
850.809087,337,38378.229734
275.602602,120,38386.646547
2558.111558,1000,38508.617839
1962.195356,765,38599.364792
880.333235,345,38637.127938
1495.606705,591,38712.721281
544.323762,228,38735.862195
1028.715889,396,38781.566361
371.004195,155,38804.163244
801.166397,309,38841.964039
2538.867965,1000,38986.259432
2368.947978,932,39099.86859
2126.502925,832,39198.600796
1133.82489,429,39251.955628
450.769994,177,39267.395199
317.491292,129,39282.652323
400.393017,165,39305.278426
833.699514,332,39343.438273
75.314067,43,39350.922158
61.83746,33,39351.133198
703.891109,278,39388.614207
2561.676465,1000,39502.506154
1677.238775,663,39585.755489
2552.831252,1000,39701.201587
117.009598,60,39708.779387
716.12583,294,39746.540611
1456.607912,562,39814.649731
1174.959946,459,39867.151366
322.734173,137,39882.467696
367.6016,146,39897.757867
2573.134754,1000,40019.542279
1166.220239,452,40072.811229
853.037575,341,40110.453565
1783.616694,688,40215.896132
984.266139,388,40261.300766
2491.447151,1000,40381.308356
1560.595439,586,40449.693316
2526.54562,1000,40563.485914
1142.302755,446,40616.516947
2547.856278,1000,40737.557585
1329.927573,520,40798.164419
794.35687,299,40835.450096
571.377236,224,40857.877645
1159.361015,457,40910.83803
990.653283,402,40963.478082
1116.464897,436,41016.597603
1428.672457,551,41077.637967
910.023643,355,41122.927837
1915.002812,755,41207.935654
2552.330958,1000,41329.072839
1106.458157,427,41405.544514
486.197078,200,41428.378847
773.527307,310,41466.361862
1305.942199,513,41527.556572
494.108593,196,41550.522626
437.363459,179,41573.248621
1106.722726,429,41619.103322
1234.660334,484,41679.558671
1865.522469,707,41762.686666
548.175712,220,41785.621718
2549.397366,1000,41906.750456
345.252037,139,41921.978822
26.139151,11,41922.048312
478.720147,190,41944.739245
2192.571263,853,42050.004403
1788.880433,712,42132.931613
975.246003,386,42178.272914
1749.639869,691,42260.416182
2319.974636,912,42365.27285
1897.843251,735,42448.619374
2581.053752,998,42592.988523
1702.544306,651,42667.960084
1334.701939,519,42727.488286
896.029336,357,42772.217718
539.854183,222,42794.88326
322.009136,140,42809.896026
257.114515,108,42824.838296
655.554489,256,42854.739375
1076.496362,423,42906.858169
1398.789045,548,42967.02403
364.836286,147,42989.298296
2473.739788,1000,43101.721276
556.568322,220,43131.38863
573.013578,223,43153.895414
593.030048,229,43183.593129
645.674593,255,43213.422096
1955.923826,749,43296.06227
581.097749,234,43325.86853
1318.919217,502,43385.760623
377.710564,154,43400.922165
1851.438347,721,43490.476461
2550.40108,1000,43604.438861
899.118383,357,43649.535573
668.999912,276,43680.013615
822.53192,348,43725.261724
712.539461,282,43777.090875
797.68431,310,43815.115225
2208.380507,872,43914.540575
914.979789,354,43959.588392
1414.619162,545,44020.915011
551.206276,217,44051.262085
366.35919,157,44066.753539
448.146994,179,44089.533719
2400.65812,941,44204.331978
684.243837,264,44235.129282
651.219043,257,44265.625602
2562.510177,1000,44387.469173
1238.527427,488,44441.133736
640.791688,272,44471.959496
552.047807,219,44501.963649
1025.163981,400,44548.240233
304.839793,129,44563.594874
370.274055,151,44579.092841
310.858634,132,44601.698546
422.757343,171,44617.297752
252.187376,104,44632.411422
2494.611388,1000,44747.376997
494.148852,205,44777.637111
1064.938082,424,44823.721469
863.005168,346,44869.505422
2438.192013,940,45008.472355
332.470415,147,45032.035842
526.201463,214,45056.054123
1718.679955,670,45142.976682
1555.801495,605,45216.990223
457.311697,181,45240.748651
499.612814,208,45264.37234
668.407546,260,45295.511316
577.520128,225,45326.405006
2183.045677,868,45427.604365
1472.000679,579,45497.494591
450.110335,179,45520.433998
318.346478,126,45535.280589
947.281879,371,45579.742867
730.254966,285,45609.877547
588.638076,247,45639.575367
592.965026,235,45669.189707
1942.642187,750,45750.60508
243.345442,111,45765.405535
347.331632,137,45780.269664
142.242474,71,45787.798824
353.534182,143,45809.619493
990.706506,379,45854.868365
437.121013,180,45870.702689
377.432619,162,45893.717592
407.946186,166,45916.776558
560.924851,216,45940.121215
667.829509,268,45970.948797
36.679966,19,45971.076923
1277.012022,508,46033.745168
763.434166,306,46072.254921
624.659134,255,46103.198557
1005.468709,391,46149.247009
760.162811,308,46188.021765
1074.906703,413,46270.724319
570.158746,241,46294.094237
666.170269,267,46325.006696
881.713411,361,46371.396034
457.370362,180,46394.816993
356.293357,148,46410.605088
651.54071,266,46441.467422
984.296913,382,46487.974594
759.444595,299,46526.632582
474.509721,187,46549.15312
2343.212868,905,46654.411828
1190.44046,464,46707.135188
1004.358265,387,46752.124793
1261.45142,503,46811.863493
966.170468,381,46856.956825
863.705383,338,46894.562393
1494.639674,581,46969.856706
571.789472,235,46992.641097
354.816543,149,47014.824864
970.38998,381,47052.803361
1218.068944,485,47112.922132
1756.75153,696,47196.568873
970.148935,379,47242.474422
220.93305,103,47250.339978
362.686884,149,47272.830714
787.550779,308,47310.698123
351.492443,149,47326.589132
790.022034,322,47369.868375
157.194135,74,47378.572195
1224.210922,489,47470.715004
2529.029537,1000,47600.212574
619.533561,245,47634.656808
1067.785973,410,47688.363334
395.427277,175,47704.103315
592.507509,230,47734.850144
573.763109,230,47765.528508
1299.267044,529,47827.055948
1878.317474,727,47911.846132
1006.612842,396,47958.189794
1362.228291,541,48027.434515
435.67025,188,48050.584641
896.937617,353,48089.369166
2566.616124,1000,48212.978802
2584.479017,1000,48332.909213
2601.601341,1000,48445.879604
467.467517,183,48468.624214
422.983513,173,48491.125143
980.269252,398,48536.30447
694.737755,280,48566.550436
471.517779,190,48589.496537
588.119275,236,48620.81114
1787.263454,688,48733.78339
1080.2873,417,48781.136005
1882.937851,740,48875.014071
449.900734,183,48898.578507
470.261052,226,48922.443896
444.688335,172,48945.995298
170.050848,82,48954.036294
2435.288132,1000,49079.583064
595.008502,239,49110.926641
440.196974,175,49127.026706
2591.079967,1000,49252.354866
1979.684678,762,49346.617798
373.191846,147,49362.408289
1027.104561,389,49409.69794
2590.455099,1000,49535.366424
321.711903,127,49551.111717
540.332864,218,49574.802434
1022.296996,395,49621.53278
377.110388,153,49643.627799
1806.975705,698,49725.588878
742.524016,290,49755.990891
1423.428068,551,49824.273377
1400.377414,550,49885.529667
978.063721,403,49947.302273
745.43945,313,49985.318156
1331.280651,527,50046.196338
446.987637,182,50068.907932
1066.344184,410,50114.644521
582.592838,228,50144.928534
601.868868,245,50168.10978
1595.10927,623,50244.149631
2530.768866,1000,50365.793
456.294475,179,50388.412529
387.243842,159,50403.825902
1350.884978,525,50464.786559
981.148807,388,50510.15236
1909.92403,725,50600.449794
1096.280985,468,50653.979741
1540.129704,619,50730.031069
2562.100943,1000,50845.787522
376.706866,155,50868.54928
436.779326,167,50884.122639
366.224778,147,50906.686413
2542.198367,1000,51022.389594
568.824321,222,51053.220845
552.892331,225,51076.719603
690.836289,278,51129.908278
2486.284157,1000,51246.068716
646.340929,250,51277.020358
642.506065,254,51309.350124
1660.798846,649,51393.672664
1266.277926,495,51460.174323
363.193325,142,51476.824324
1630.372864,637,51553.93355
595.045889,247,51584.422872
1632.045872,629,51660.645633
1290.053686,519,51721.745818
800.89624,314,51759.780951
369.978487,153,51775.152449
340.881186,142,51790.455821
685.52744,271,51827.946121
346.254178,158,51843.417334
915.391747,371,51887.877327
1208.307119,466,51940.064963
585.014675,248,51969.656849
296.584168,129,51984.561671
2568.805003,996,52104.229154
2484.399594,957,52216.882074
762.959635,302,52247.697913
458.784164,184,52270.93959
275.490862,110,52286.307564
461.120899,192,52309.581474
360.214029,151,52349.012864
1542.465404,599,52426.592429
496.319975,200,52449.957802
1385.895421,544,52511.918289
893.065477,349,52558.037667
484.634818,192,52581.304234
2517.627816,1000,52697.867291
1178.885765,471,52759.493405
2540.889391,1000,52875.997294
2501.243219,1000,52998.319175
1376.514888,545,53059.082878
2053.350231,804,53158.440402
570.171223,233,53189.033869
426.322291,174,53204.66379
580.229111,233,53235.197319
2454.091193,959,53349.843896
1231.411587,465,53403.652956
1068.348251,420,53457.181201
2591.979353,1000,53584.025779
1897.339961,767,53675.305316
694.096246,270,53713.574645
387.172406,161,53729.215366
1222.509962,486,53790.72483
858.888488,333,53829.444616
1951.235326,735,53913.685202
1824.567522,728,54006.097711
366.050635,144,54021.557021
352.287071,147,54037.217649
2534.698847,1000,54159.69491
2559.118155,1000,54283.106309
938.348585,361,54321.905747
544.756291,206,54345.481452
1524.601528,596,54422.11529
2520.945287,1000,54539.016798
698.095254,271,54578.618506
476.415069,194,54602.074035
462.431116,193,54625.655254
607.910792,242,54650.343822
1311.788544,511,54714.9717
1495.343814,566,54800.511369
469.971976,189,54823.198965
1512.959426,576,54891.598555
563.256136,221,54921.930509
737.839256,285,54952.875591
959.341444,378,54998.688264
1698.072462,661,55075.240026
388.581176,159,55097.840802
1596.449559,625,55173.30238
1476.267934,578,55242.100209
662.102196,274,55272.677831
683.727496,270,55303.253286
562.46638,218,55333.477262
2280.379079,904,55440.484279
1250.156051,470,55493.725691
1174.618745,458,55547.295086
161.809978,83,55562.114657
1818.486109,710,55646.214859
782.700883,318,55683.733316
2033.759553,796,55774.864719
422.717184,168,55797.555691
2563.314054,973,55912.291389
993.029229,386,55958.315236
840.844028,344,56021.182298
1215.913238,480,56082.103984
629.651463,256,56112.223151
719.561587,286,56142.967995
2517.543466,1000,56265.157054
1400.574807,548,56326.261286
2533.623586,996,56447.979775
2547.078254,1000,56570.530983
963.102107,372,56609.269756
365.516659,149,56631.951841
436.417726,177,56654.903411
672.033435,269,56685.404321
1837.902565,713,56769.584098
897.632595,353,56807.9957
2580.16298,1000,56931.124132
412.193778,163,56954.036138
287.89307,118,56962.054115
1661.782074,651,57046.046812
2629.49265,1000,57161.658139
2301.987387,922,57304.144598
1041.623503,402,57350.415718
2523.674645,1000,57465.409521
929.31604,379,57511.456934
1072.399274,423,57565.827527
1013.241585,386,57612.52521
471.418176,183,57635.530549
500.605554,205,57658.676864
1859.385233,716,57743.069484
441.415236,176,57766.104658
2464.009682,1000,57888.383793
32.480891,18,57888.503829
1117.913595,434,57942.105859
844.77198,330,57980.326538
952.89126,371,58026.000865
482.056639,201,58049.046609
2557.025468,1000,58163.851818
43.647134,24,58171.243054
1732.45378,682,58247.610684
470.297486,190,58270.510677
993.56435,389,58324.393917
1575.35665,617,58394.566236
1513.680306,581,58493.796245
2600.973878,1000,58617.400908
2539.392297,1000,58740.891711
1631.822271,615,58810.57166
1021.562079,401,58857.026235
2316.380907,910,58969.092347
1282.103484,495,59021.627545
1825.185905,711,59104.377632
1557.706452,616,59179.097049
1324.926679,502,59238.996613
576.27791,237,59268.859741
695.02047,264,59298.87258
1791.650912,701,59380.519269
495.01447,192,59402.188862
2391.378124,948,59514.249837
1161.573482,468,59566.756862
663.908812,254,59596.767916
2316.275586,906,59729.901993
2061.289838,808,59826.741991
1527.433393,596,59893.97516
1193.917755,454,59946.321089
1868.632985,728,60030.886503
2535.103464,1000,60150.410815
1897.171055,733,60232.915627
1259.468004,493,60292.636142
341.168885,142,60307.67757
2528.585463,987,60427.447956
444.246104,178,60449.844067
2583.98812,1000,60562.163156
2578.754238,1000,60680.451445
592.120351,243,60712.985023
2618.672625,1000,60838.518096
545.454328,224,60889.823171
352.491275,147,60906.225146
623.213141,246,60937.428169
378.362213,153,60953.167998
1297.626534,500,61015.167719
348.222305,144,61030.706202
430.120506,171,61053.872879
539.058763,217,61077.406393
294.545047,132,61093.048086
2607.983252,1000,61217.490293
1423.865955,556,61287.425658
460.51037,182,61310.747744
1272.621858,494,61365.583873
782.599652,308,61404.302126
2069.762274,812,61505.312473
1012.240298,414,61552.350279
365.145309,152,61575.267385
1912.237809,738,61660.827558
638.452188,254,61691.806796
546.646331,218,61722.505572
1350.087497,524,61784.541082
518.300565,205,61807.608709
890.971396,345,61846.047767
2018.550869,797,61946.435545
310.751549,124,61961.899152
2051.043784,775,62054.790347
2374.568118,925,62183.862492
930.256373,370,62230.502304
554.101441,225,62261.311116
783.277401,303,62292.528078
2575.971014,1000,62416.43749
705.820868,282,62447.627565
1093.091837,423,62501.912812
23.915568,10,62501.988163
24.355399,10,62502.06093
2562.465915,1000,62626.032334
2062.781312,796,62719.523664
553.516879,219,62750.355054
1524.436376,595,62820.235629
421.949794,173,62843.298445
528.153298,213,62866.636028
808.397748,329,62905.419444
1142.041102,448,62959.561773
27.338072,13,62959.657441
1570.577471,609,63035.759382
2593.690373,1000,63158.896629
2585.124779,1000,63274.912187
460.045796,187,63297.832406
360.002779,147,63338.579338
2581.023987,1000,63460.988231
2328.100401,895,63568.638849
703.17006,270,63599.773224
296.583289,117,63615.228104
576.256203,228,63646.269188
2537.978173,1000,63763.280856
523.50393,212,63793.972609
458.120984,185,63809.904572
1196.278669,484,63871.522283
982.786413,387,63918.110156
2084.03732,798,64018.306406
1308.592901,510,64080.080704
976.727193,379,64118.431495
645.810214,259,64148.782463
1086.062623,415,64201.487089
2612.410403,1000,64322.345623
2532.773021,1000,64436.260831
2200.532616,839,64559.256211
588.582386,242,64589.504514
52.27292,30,64596.816447
1677.411284,657,64672.731883
1977.177648,769,64763.377198
446.464306,180,64786.352014
879.980919,341,64825.497361
698.221781,275,64856.758782
2031.16868,779,64950.070075
310.677727,129,64965.610826
1370.701029,539,65035.224595
772.806532,290,65066.300001
462.800123,186,65089.398848
1623.298649,631,65166.732529
197.592761,90,65181.952068
476.37418,187,65205.162898
1871.52409,713,65290.728532
595.414415,226,65314.261737
1818.560339,697,65399.997671
733.539623,296,65438.389149
881.584243,339,65477.425944
2566.41249,1000,65601.05968
2607.070209,1000,65717.504118
376.926973,154,65740.45952
2040.777849,775,65861.40255
1766.314131,691,65944.013882
2028.364035,782,66035.623065
638.148538,260,66068.816236
1703.302295,648,66150.794011
1670.889158,663,66233.657049
2573.113238,1000,66365.601032
2560.904361,1000,66490.281858
643.287069,254,66521.056438
462.492695,178,66536.718917
2631.584939,1000,66658.602807
2564.316926,1000,66783.625212
1401.867742,555,66845.29356
357.058003,147,66868.083148
2533.974754,1000,66994.577415
367.782698,150,67020.125021
1095.640916,436,67096.354424
1098.687745,434,67156.875636
1276.067843,499,67226.672962
2414.233775,926,67347.818935
1657.207476,639,67433.83681
528.498579,207,67467.912194
2554.425772,997,67588.668391
2304.558591,885,67697.737368
1059.726356,414,67744.970922
2469.902739,941,67866.364473
997.213372,387,67916.210011
1720.1691,666,68007.854866
33.90032,17,68007.960163
2590.203218,1000,68139.602323
1435.24667,563,68204.577968
295.564267,127,68220.555322
1609.952564,616,68300.83773
2340.113671,897,68442.44206
869.438188,329,68483.144782
364.344304,150,68499.59406
2569.735626,1000,68630.024706
441.699918,178,68654.266472
2606.12894,1000,68776.24158
2014.21372,772,68881.528064
662.431523,260,68914.078493
2551.21278,1000,69035.971739
2572.861721,1000,69166.598644
678.841928,266,69199.292893
2224.975627,869,69307.152779
880.383803,344,69345.54497
1198.628583,481,69399.210158
2554.863381,1000,69521.43853
2573.983541,1000,69665.340683
2557.529545,1000,69780.384224
1509.264464,582,69849.184309
2563.658146,1000,69971.081054
1537.410248,594,70040.002356
1262.621306,481,70100.998589
2366.929403,912,70207.903109
376.573378,160,70230.561235
714.633506,296,70261.338728
1298.4968,519,70321.630011
2550.540812,1000,70441.971505
892.860953,349,70479.812039
377.838903,152,70502.471814
1920.442796,737,70586.57188
791.704174,305,70624.721007
1757.986819,669,70706.529764
2607.515527,1000,70822.293716
2121.137908,810,70954.105975
1609.011779,611,71023.363257
739.122177,288,71061.491255
452.206929,179,71084.412797
587.84186,228,71107.403932
368.234888,153,71130.081215
1170.023834,457,71183.255302
1197.385942,467,71236.057465
292.085282,121,71251.145253
2573.102779,1000,71372.845688
2561.932014,1000,71489.007245
529.922394,212,71518.525657
589.092963,235,71541.504284
753.952906,291,71579.280658
461.398348,177,71595.206932
643.349724,256,71626.424676
2594.698863,1000,71751.007147
483.208487,188,71774.199986
2608.593033,1000,71898.149113
604.739581,245,71929.052385
716.486901,280,71959.959348
832.879216,319,71998.325111
1081.695136,409,72044.565108
881.559219,333,72110.173487
1963.586848,781,72209.304704
2597.828975,1000,72320.064542
558.306455,233,72349.332048
988.343257,383,72393.85954
1131.069564,444,72445.362469
2040.261643,785,72533.498204
463.778883,187,72555.41366
838.180983,319,72592.143251
451.848101,182,72614.182304
2596.670404,1000,72724.624675
855.693596,327,72768.353188
1721.269664,655,72841.921556
2566.251091,1000,72953.763482
888.227312,341,72998.782104
931.363797,361,73036.984073
2219.613522,853,73143.08061
991.196215,386,73188.590422
2535.73188,976,73320.384961
1373.951199,541,73381.382778
698.452092,273,73419.27781
1079.587031,426,73465.069575
2601.278252,1000,73588.434643
1937.834596,731,73674.762888
2290.999607,858,73784.320419
2614.045446,1000,73902.173713
2575.117815,1000,74027.973271
2172.680309,837,74129.769696
376.112332,154,74153.029274
1426.198864,549,74216.460782
1315.55969,505,74279.058525
1563.809951,619,74357.414505
493.388102,194,74380.991349
1217.776494,466,74436.120753
855.463058,325,74475.45982
853.745986,330,74536.918913
727.922737,285,74575.898824
2592.199102,1000,74693.49325
1425.928364,565,74763.764956
595.311009,228,74794.016377
2589.585856,1000,74911.461959
839.263331,330,74957.999891
455.256651,176,74973.806049
1867.702472,720,75064.098915
1498.471928,588,75130.76619
362.259419,150,75145.693584
1159.585243,455,75197.62021
520.673952,211,75219.711485
387.234071,160,75241.709943
393.495716,153,75256.693827
1132.706274,435,75308.568332
427.721155,174,75330.727434
1404.44601,535,75390.146762
525.035478,203,75411.731838
1387.52202,535,75477.946906
668.68863,256,75507.562203
1380.167957,530,75567.038571
1214.541117,484,75626.187723
2209.129072,862,75746.94428
2049.216702,801,75843.068661
1307.077656,503,75894.357163
2558.992248,1000,76012.121727
2088.744817,803,76107.796623
1752.822136,667,76182.319461
814.398924,341,76219.62484
443.966611,197,76242.070692
638.017799,252,76271.680872
2588.181827,1000,76397.322134
761.366793,298,76440.092218
1472.851202,555,76509.703995
2323.311989,901,76630.060838
2539.478978,1000,76767.50002
2563.820756,1000,76904.593997
1361.626393,531,77004.303139
2014.862278,779,77108.486275
2585.755985,1000,77246.000984
282.140261,126,77262.882004
500.615871,208,77288.535375
670.110075,251,77322.606904
687.842641,284,77355.741752
685.592411,267,77397.436097
1112.333885,429,77448.973088
1100.796587,414,77508.861022
2342.462871,892,77629.093352
2121.748031,810,77731.571042
2468.405716,957,77858.830988
2588.544559,1000,77995.18872
2583.002243,1000,78123.627677
881.128115,344,78174.571478
881.035744,360,78215.01875
1227.984134,473,78276.865927
1403.326231,542,78362.361343
1222.835998,490,78422.712323
1116.090637,445,78476.011358
843.89407,331,78514.048868
1895.629195,733,78605.379174
806.090598,317,78643.411055
584.76199,231,78666.526149
1101.19677,431,78719.789154
968.183154,381,78765.463708
2197.715854,856,78864.948376
1716.040014,658,78941.532012
1509.552544,579,79016.756712
610.342642,241,79040.182624
1102.228195,430,79093.518149
773.070335,301,79131.518869
425.506171,177,79147.186617
2582.649203,1000,79267.983741
910.00477,364,79312.859804
2605.026167,1000,79425.547418
391.337759,153,79447.874684
1119.126972,444,79502.24349
1463.413196,565,79598.057166
2557.088019,1000,79709.81873
2038.591014,778,79799.945531
971.292572,370,79845.001188
1615.162244,613,79919.760645
375.019317,149,79934.901044
599.824668,230,79964.625256
2525.368525,1000,80077.552366
2392.75345,906,80183.846159
2529.746078,1000,80305.327549
472.218667,187,80328.106383
244.244929,102,80343.079933
348.083969,138,80358.164605
666.998309,262,80388.424879
2412.142055,940,80501.678516
2605.154616,1000,80615.23909
1727.812801,658,80690.584293
1133.843745,442,80769.696355
2311.381109,887,80875.812807
2294.443235,901,80981.774222
1583.988384,616,81057.454517
2108.772235,816,81155.946054
718.529092,292,81186.453714
1591.373132,607,81261.762958
653.041559,258,81292.081842
342.643076,136,81307.27219
791.22692,313,81345.193708
466.098822,197,81367.944191
897.621302,342,81405.453014
996.71087,379,81450.626689
709.008629,287,81488.393675
1803.578336,705,81571.705818
869.332622,344,81609.745897
1759.699983,697,81692.855387
421.562188,165,81708.250573
2574.125585,1000,81829.156265
2577.794021,1000,81976.810666
2477.645425,938,82083.38241
443.102713,177,82106.025286
2430.925625,933,82219.268662
2575.227604,1000,82333.467825
2573.713787,1000,82455.092367
690.235031,277,82485.662367
2569.178755,1000,82607.784486
2140.821526,827,82707.937119
546.443721,215,82731.388339
937.508196,353,82777.423839
2554.039829,1000,82893.839539
470.231757,193,82917.085515
456.762715,177,82940.205669
1385.758463,545,83009.59717
2469.118951,938,83118.102135
565.54264,223,83148.868131
569.626998,214,83201.754475
2573.355327,1000,83325.647226
623.604846,249,83356.752111
2569.490039,1000,83476.112546
471.775982,193,83499.438575
2573.727794,1000,83624.354619
1798.383476,692,83710.162343
1527.072625,601,83780.414018
784.869533,301,83818.991834
923.129798,386,83865.808239
2608.549401,1000,83983.04883
1033.334512,403,84037.236708
693.247475,274,84067.934029
2545.412092,1000,84192.021419
2587.915481,1000,84311.531524
2565.141362,980,84467.725843
863.385414,332,84507.630219
357.048566,151,84523.066361
2615.004378,1000,84646.317821
1752.445181,678,84722.883572
2094.205674,806,84821.85138
2338.243258,891,84927.798706
305.380384,121,84942.804051
1611.468826,607,85010.571653
2633.175744,1000,85130.649349
536.283379,211,85153.346327
2518.949864,1000,85273.478968
736.976382,297,85303.753734
2229.744895,847,85409.363301
1239.029374,469,85463.108592
2592.58652,1000,85585.136361
589.758019,240,85608.505441
990.495525,379,85682.82716
437.767462,177,85705.721696
937.547385,361,85751.738417
942.874334,356,85790.290758
994.369272,387,85836.315529
759.809792,307,85874.599377
2348.723257,896,85981.617288
657.829639,251,86012.281487
2616.953962,1000,86134.935128
2587.598605,1000,86249.785736
2608.340829,1000,86370.776751
1418.404781,557,86438.868496
2303.455668,898,86544.854327
784.51109,301,86575.478124
2631.100872,1000,86696.546831
872.518544,336,86734.452534
2559.727132,1000,86881.743807
854.568715,331,86919.739009
492.009353,188,86942.500142
1798.618065,701,87026.289094
2626.48618,1000,87139.093024
357.032834,144,87161.248853
2405.001441,918,87269.338557
740.684015,298,87312.749874
2548.888189,1000,87438.209831
1321.34975,510,87504.843833
236.235068,102,87521.364826
2568.808662,1000,87655.313585
2619.712898,1000,87781.461825
2365.919528,905,87898.958178
660.944545,254,87934.368468
869.098908,345,87984.198734
2084.341718,795,88084.668701
659.325776,259,88118.208571
880.834236,337,88185.101448
575.874263,233,88218.422322
1888.510959,735,88318.963168
2211.014271,836,88424.003904
2616.119042,1000,88546.730939
768.041149,296,88587.425819
2629.423268,1000,88710.243827
1473.111186,563,88783.253469
1034.457139,402,88840.03299
1496.18035,582,88913.462045
1341.912392,517,88978.869699
2594.911272,1000,89099.812442
298.176194,119,89115.09555
2600.283922,1000,89236.367865
2575.678575,1000,89351.53492
956.459079,387,89404.787524
2601.643109,1000,89544.421132
884.584946,350,89590.241434
352.469331,139,89605.748205
1783.034984,688,89690.160539
1403.668078,542,89751.899795
2615.723734,1000,89874.68168
2591.930704,1000,89994.692988
431.428598,169,90018.333014
2544.470853,965,90137.845421
2110.582479,809,90240.915664
2399.316518,902,90352.501957
1802.618417,689,90431.867863
1123.345442,440,90487.594107
2590.223211,1000,90615.068089
1175.892284,451,90670.734532
2605.667182,1000,90827.055247
2012.876794,768,90922.739208
852.279055,327,90962.603584
2602.345708,1000,91080.727866
946.385256,365,91127.287286
2562.133858,1000,91251.844123
1874.784191,722,91337.722568
1136.694707,453,91392.333599
1136.208242,444,91446.77247
2588.62936,1000,91574.46962
1039.646204,402,91620.319098
778.266793,303,91658.302333
1236.173982,473,91711.911241
2577.292131,1000,91833.955806
2575.344115,1000,91980.960685
1934.093942,746,92073.239884
526.930078,208,92096.091993
626.068822,238,92126.233313
669.200736,251,92156.611619
955.187002,380,92202.108033
2591.356795,1000,92314.946416
2599.015578,1000,92434.894612
1869.452549,713,92516.7735
1018.936928,396,92561.411427
1261.44457,481,92620.685425
631.435172,255,92650.451039
458.333891,181,92672.693388
473.820399,186,92694.876567
1053.500611,423,92739.769743
1586.12886,588,92806.876244
1572.749495,604,92881.396889
2580.581232,1000,92993.277881
2556.032692,1000,93112.114519
2595.988022,1000,93257.331489
539.809698,212,93279.707455
2124.840393,811,93375.990045
1820.360183,701,93457.743816
512.179355,202,93479.955931
2181.001817,859,93577.925127
1227.834762,489,93636.980152
1245.749075,482,93689.129641
2589.126597,1000,93808.012243
657.692041,261,93837.667123
1616.072244,609,93911.714802
2119.596717,818,94001.338134
2608.490857,1000,94122.056964
2131.701739,807,94221.157033
970.320543,377,94259.780249
2579.412079,1000,94407.194616
540.080391,208,94430.160106
2377.343454,905,94542.436431
2605.485998,1000,94657.743273
1811.353663,705,94743.808308
536.971348,203,94767.152806
689.861204,272,94805.470382
1980.958338,748,94890.589027
2578.55289,1000,95014.849908
125.908185,59,95022.542642
2157.517871,835,95123.732909
1891.802053,722,95209.520838
1755.590983,665,95295.869802
1206.753391,457,95350.323066
2584.540413,1000,95467.028935
2649.622941,999,95621.575271
1576.475035,596,95691.697934
1071.304465,420,95746.102293
325.156615,127,95761.643895
2565.369382,1000,95878.60475
2618.589213,1000,96003.851249
446.130385,191,96027.314652
2622.914598,1000,96151.346765
459.055336,179,96167.389422
1394.202707,526,96237.404318
2606.595351,1000,96354.942911
1684.293017,636,96433.431609
2582.415734,1000,96559.747121
658.041467,251,96590.970887
2628.529994,1000,96710.708815
1281.263123,492,96772.96882
879.809683,342,96812.100496
2254.662807,863,96947.195703
1405.502936,543,97009.746724
974.679453,370,97056.45535
2577.704545,1000,97181.476641
2429.325365,928,97290.430107
2608.004211,1000,97414.870044
2618.398856,1000,97539.991599
1523.36086,590,97610.801401
2618.745038,1000,97728.699443
720.815834,276,97768.017498
2580.065234,1000,97887.535433
402.276596,163,97912.234085
670.741079,253,97943.611065
1424.331693,550,98006.660034
2621.174878,1000,98163.778185
735.158705,301,98205.389968
2595.725884,985,98327.625148
1066.205244,414,98382.104109
2546.642033,1000,98505.610608
478.866179,195,98530.252931
1124.670983,439,98587.76817
2635.790821,1000,98719.15338
695.368152,273,98752.090576
283.612375,129,98768.543537
1707.91788,671,98854.624525
356.317112,149,98870.429459
481.947602,197,98893.841165
447.264285,173,98917.128448
2093.506015,790,99010.942249
519.480171,210,99034.418899
2520.824827,951,99151.663937
1075.545612,405,99197.806587
2596.506426,1000,99321.885882
2302.108897,910,99459.400157
2591.912223,1000,99582.101626
1577.908315,599,99649.53499
2580.093587,1000,99769.123809
756.013915,293,99799.212826
1751.683938,660,99881.004676
439.063793,176,99903.248983
732.246979,283,99933.867302
2618.501399,1000,100056.169833
1448.561721,575,100124.725887
1803.866344,695,100201.204973
496.901662,189,100224.049477
1688.407044,639,100300.045557
251.206975,102,100314.695775
1288.675275,488,100375.198285
2619.012736,1000,100489.697461
1032.49685,395,100535.542092
1360.741249,529,100630.824828
1629.536254,627,100699.814575
2609.767738,1000,100820.788297
2579.996396,1000,100942.316639
2647.861374,1000,101057.512495
1887.240554,713,101142.449156
561.516458,215,101173.025923
1243.928918,476,101227.202907
1577.510195,599,101303.956757
1946.738319,761,101389.104233
2569.939286,974,101512.019065
2598.561203,1000,101626.935016
2640.760661,1000,101749.489334
2580.822078,1000,101902.717681
846.602849,316,101941.164958
360.215618,141,101956.694256
2623.885481,1000,102071.0127
784.50152,296,102109.339761
1230.038619,469,102163.104878
1176.649946,441,102216.608532
2622.521327,1000,102339.381878
1092.932624,417,102385.8327
1495.502551,577,102455.12457
419.000004,184,102478.102281
2573.287004,1000,102601.237922
754.883913,284,102632.22244
312.616254,123,102647.614457
1308.285911,499,102709.045434
2636.602528,1000,102831.348656
829.578635,334,102869.829648
2628.77869,1000,102985.486275
2608.951815,986,103138.547541
1378.338485,518,103199.719288
460.544474,182,103221.928922
988.708162,369,103267.897262
2634.754888,1000,103383.378695
2594.096241,1000,103506.147567
1560.800517,590,103575.315386
2625.452553,1000,103698.110373
645.982485,249,103728.804971
567.544667,219,103752.072137
697.034746,268,103782.707482
2641.131851,1000,103905.473277
1753.61455,666,103982.476324
637.161796,241,104013.122867
2284.269557,852,104114.571462
2530.784477,1000,104240.144687
1586.638131,607,104342.794947
2638.718665,1000,104467.79878
453.250758,182,104490.658026
826.812651,328,104528.858166
1364.006869,531,104590.029634
1647.186246,626,104666.136057
2340.918027,887,104772.928443
2586.043746,1000,104894.976784
640.362662,247,104918.298725
2631.609759,1000,105040.300077
865.625204,331,105078.518415
2644.653335,1000,105201.801254
1775.81743,672,105280.601527
1906.879957,718,105373.274784
2627.326766,1000,105511.668187
1537.447715,583,105581.127844
1037.324098,398,105634.896853
1911.66309,728,105718.399422
2065.073778,785,105810.619001
2631.023028,1000,105932.701622
2635.547506,1000,106047.235775
825.247847,327,106092.985005
2639.968286,1000,106208.428288
1051.155502,398,106254.453408
687.987809,280,106292.549639
1453.936001,549,106354.172915
826.091127,318,106392.567218
2615.548433,1000,106514.521939
2647.753436,1000,106637.226043
405.365468,164,106652.826932
1559.319087,589,106751.915602
352.221459,138,106767.310268
2414.641288,913,106881.833092
2096.840842,785,106973.070883
527.816704,201,106995.970281
2615.540082,1000,107117.200903
2330.671411,890,107223.82382
677.084312,279,107254.516824
514.691079,200,107277.41037
668.14896,257,107307.863682
352.854125,141,107323.161026
598.201219,240,107353.583215
644.886757,247,107384.043051
1249.173865,480,107437.526464
2004.081502,788,107536.439017
1873.200511,739,107620.294609
2562.961226,1000,107740.446429
1037.104017,406,107786.032955
258.472669,114,107800.988685
2586.3758,1000,107921.701805
1329.497366,515,108010.889966
2198.981016,835,108108.831066
2598.666824,1000,108224.162149
1983.079822,752,108315.862695
838.238888,328,108353.830436
2608.728882,1000,108476.562204
2596.723545,1000,108598.606325
1289.564283,496,108652.055528
241.47284,102,108667.035908
1378.853835,526,108727.802087
524.167665,206,108750.759828
1688.577038,659,108834.017512
2534.948255,964,108948.217781
2594.209847,1000,109062.716684
2604.97165,1000,109216.212275
751.179347,289,109247.984938
590.940903,241,109279.451291
756.752233,290,109318.673876
1036.845108,395,109365.990204
2640.622545,1000,109493.69709
921.513882,369,109537.045682
259.757881,103,109552.133546
2041.838439,787,109644.025299
696.257178,294,109682.1867
2622.022048,1000,109797.28639
159.559607,72,109812.189395
1690.60446,652,109888.774434
2639.696771,1000,110004.294713
1833.64831,684,110088.671647
1041.612683,416,110143.101686
1254.591404,476,110203.427798
2579.404705,1000,110335.944725
2604.084935,1000,110486.834754
2613.41886,1000,110618.993392
1097.593487,419,110669.645517
2581.269579,1000,110802.024254
563.429734,215,110828.259168
1937.940505,757,110929.042837
1388.475595,533,111000.015878
1588.887705,611,111068.506154
1997.94982,774,111160.060435
23.732177,9,111160.126508
1667.174257,635,111236.48879
1049.569671,408,111289.656148
1160.249451,439,111335.716629
2611.870075,1000,111457.478167
2593.097452,1000,111577.449096
2613.114698,1000,111718.692422
2602.473575,1000,111838.167733
1128.089189,449,111890.576163
2083.581777,796,111980.889904
2651.980313,1000,112100.673671
1646.761448,627,112175.470028
1381.571093,540,112235.732497
2234.04384,844,112338.887429
1764.548177,665,112427.336593
943.028591,366,112475.652766
2233.847033,854,112580.598489
2613.082073,1000,112706.038362
1839.570136,708,112789.640622
1550.436904,608,112862.084074
2572.845885,1000,113013.698298
561.147476,224,113036.714639
948.927998,370,113081.911099
1660.800345,649,113156.783559
1097.011072,416,113210.146713
2596.968699,1000,113324.329386
2004.623681,770,113417.91557
2571.697816,1000,113544.533113
448.19648,173,113567.78893
1353.899818,519,113630.114494
1375.395632,528,113692.646928
297.857633,119,113708.138609
2250.883864,865,113809.515267
2634.896095,1000,113934.435865
1267.633771,501,113996.641034
1329.253753,522,114059.175573
2652.033783,1000,114212.863872
1369.870946,524,114275.081481
1934.056415,733,114360.606497
1579.214198,606,114437.443518
1174.094189,450,114491.725819
2609.553234,1000,114608.244325
885.981953,332,114654.076647
1879.621567,701,114739.332527
1444.501023,555,114801.796116
406.16108,170,114824.837917
362.755142,146,114840.517745
653.132568,257,114871.549007
2607.172762,1000,114995.314948
638.296377,249,115026.208775
2600.631478,1000,115143.866269
354.856923,134,115159.41985
588.169646,237,115190.518481
2574.796927,1000,115314.670316
1275.386254,496,115369.319582
1158.774339,436,115453.741014
712.82203,283,115492.236209
1868.489282,709,115577.632347
2570.946976,1000,115693.258369
1321.170952,511,115755.344755
2569.658671,1000,115878.846423
2553.696481,1000,116002.437843
2259.794973,872,116103.643691
2598.832918,1000,116227.850108
1545.913124,594,116298.165833
1800.045175,681,116386.369636
2232.698491,854,116487.711284
2336.353506,887,116596.595012
2611.679343,1000,116751.407572
507.829991,196,116774.814233
2238.388506,864,116875.5816
1993.718268,761,116966.878116
1153.176989,438,117020.398231
2591.042296,1000,117142.290677
2603.230641,1000,117257.638461
640.848132,255,117288.377722
2642.457243,1000,117411.257959
1515.401837,577,117480.491192
556.661622,230,117503.7808
1751.737772,664,117587.663801
1500.017316,586,117656.309942
2590.035456,1000,117777.897765
1802.271992,688,117883.575127
1339.844088,501,117944.468018
2584.047733,1000,118065.570183
2568.673298,1000,118180.239716
1467.240567,570,118248.14253
2579.774189,1000,118369.856358
2583.613359,1000,118493.009625
654.533459,252,118516.672903
742.4113,285,118555.465747
2628.689487,1000,118680.398263
2615.062456,1000,118799.078505
1144.341575,434,118852.69458
2013.981205,772,118946.215733
983.009174,378,118992.321851
1062.939175,398,119038.459152
1983.600522,755,119159.715156
2625.289562,1000,119281.901829
2588.971589,1000,119382.955471
2612.448994,1000,119486.484381
36.499786,20,119486.618601
2586.574149,1000,119567.34224
1333.111641,503,119605.603969
544.215619,215,119620.112666
2086.310884,804,119682.266032
2294.800515,886,119744.378004
2612.538096,1000,119814.363391
2597.643382,982,119850.062007
465.312083,183,119856.140657
2580.216105,1000,119888.539204
