#{"t_start": 1625568560.4548101, "env_id": "AntBulletEnv-v0"}
r,l,t
502.696859,1000,1.985808
98.046043,206,2.390575
489.975109,1000,4.322013
113.459319,246,4.791108
483.864999,1000,6.734931
408.058234,859,8.397798
502.951513,1000,10.359932
41.678752,83,10.520612
555.221435,1000,12.481106
519.64579,1000,14.568055
510.671148,1000,16.511566
514.711494,1000,18.458453
480.616604,1000,31.208664
421.00034,1000,62.812607
38.551792,153,66.846898
79.335359,263,74.838163
370.409558,1000,106.13114
-0.071983,20,106.180019
-0.039124,20,106.229171
-0.856389,20,108.11682
30.502912,87,110.186219
1.706107,20,110.234246
3.062005,21,112.132166
437.740509,1000,142.182257
359.861584,1000,173.992821
306.574212,1000,203.722225
394.363086,1000,235.2773
475.319002,1000,266.921603
374.168062,1000,296.641211
480.093971,1000,328.188486
450.43373,1000,371.398342
1.237659,20,371.439584
1.280579,20,371.499262
0.078065,20,373.360879
468.429472,1000,402.777379
483.455294,1000,433.662998
387.35722,1000,463.398232
191.319948,664,485.124776
426.056573,1000,514.78171
423.729743,1000,550.471651
615.210944,1000,582.532033
98.946524,232,588.527719
494.636463,1000,620.333847
510.940002,1000,652.115086
490.606986,1000,692.288804
501.893496,1000,723.792824
571.421122,1000,753.418511
342.75318,597,773.167008
710.727655,1000,803.007583
610.942187,1000,834.590902
507.909029,1000,866.003386
603.980712,1000,895.657475
616.397884,1000,927.384487
656.944582,1000,956.96222
616.571491,1000,998.930047
483.284055,1000,1030.487545
589.400361,1000,1060.024758
642.642389,1000,1091.676147
85.957557,174,1097.699832
567.729552,1000,1127.94387
669.468157,1000,1159.738743
668.281501,1000,1191.509235
657.395159,1000,1221.757187
530.00977,1000,1253.540353
579.082123,1000,1283.670555
463.280253,1000,1325.779234
710.078535,1000,1357.356698
557.607721,1000,1387.181791
628.280339,1000,1419.278655
687.045258,1000,1450.991496
637.158359,1000,1481.624903
521.435749,1000,1513.676607
649.136831,1000,1544.060436
456.354036,1000,1576.01555
567.592696,1000,1607.799268
554.32748,1000,1648.196605
719.123458,1000,1680.091122
501.841177,1000,1711.75262
372.758326,491,1725.643222
778.779289,1000,1757.099664
762.005724,1000,1786.714963
626.494899,1000,1818.206665
919.272802,1000,1849.643249
698.103244,1000,1879.297686
783.121427,1000,1910.890293
665.462306,1000,1953.27016
693.568353,1000,1983.408037
737.134257,1000,2015.521332
542.380735,1000,2045.880335
653.818273,1000,2078.514375
659.720798,1000,2111.176583
629.746685,1000,2142.193555
643.527843,1000,2175.342515
860.477797,1000,2208.486155
771.460921,1000,2239.89933
872.443422,1000,2283.796046
457.996764,1000,2315.564771
699.045286,1000,2349.583354
861.83121,1000,2383.554574
408.421139,1000,2415.526033
654.098898,1000,2449.664845
669.738038,1000,2483.601084
664.481575,1000,2515.6461
777.029536,1000,2549.664888
771.813098,1000,2581.693484
718.259723,1000,2626.186198
861.401571,1000,2660.211245
472.428203,1000,2692.279804
566.712537,1000,2726.38351
749.790073,1000,2760.553216
684.919116,1000,2792.648182
869.526724,1000,2826.676301
812.133335,1000,2858.843526
840.312511,1000,2893.034678
829.261633,1000,2927.196063
871.405693,1000,2969.541104
848.421266,1000,3003.597509
743.035366,1000,3037.701292
641.607688,1000,3069.966388
931.702204,1000,3104.182638
898.347951,1000,3136.447912
656.479278,1000,3170.849417
979.691003,1000,3205.064128
766.982634,1000,3237.406271
661.942281,1000,3271.776735
926.479591,1000,3316.406913
598.693576,1000,3348.7724
931.19495,1000,3382.96476
913.391123,1000,3415.321932
962.640711,1000,3449.674229
1048.587219,1000,3483.919036
987.112171,1000,3516.134981
1128.217431,1000,3550.537014
917.725051,1000,3584.863775
984.128808,1000,3617.174403
845.583963,1000,3661.545492
887.367948,1000,3693.809432
848.554224,1000,3728.096322
971.34394,1000,3762.432652
564.216515,1000,3794.939901
799.821441,1000,3829.301177
719.835874,1000,3863.679998
824.800578,1000,3896.129226
1057.95227,1000,3930.497221
753.360492,1000,3962.874102
1042.100802,1000,4007.336968
790.369141,1000,4041.670521
1438.828399,1000,4074.010372
798.728125,1000,4108.464296
789.841735,1000,4142.749274
1196.27765,1000,4175.115839
1004.189025,1000,4209.684319
785.589107,1000,4242.243996
1318.566631,1000,4276.747366
1088.175334,1000,4311.125745
1145.454248,1000,4353.614544
1480.187567,1000,4388.037601
846.761858,1000,4422.400889
1030.538989,1000,4454.840235
1558.776255,1000,4489.321699
1311.48686,1000,4521.979728
1396.624155,1000,4556.296243
1592.526131,1000,4590.562132
918.946243,1000,4622.800296
1665.417857,1000,4657.207666
1403.385099,1000,4701.752919
1617.184608,1000,4734.238187
1125.306982,825,4762.25346
1540.415645,1000,4796.600477
1571.59101,1000,4828.908111
1628.951076,1000,4863.311972
1811.906651,1000,4897.604564
1406.385478,1000,4930.118336
1608.120757,1000,4964.242755
859.011212,1000,4998.693854
1670.573188,1000,5040.971356
1808.898815,1000,5075.609712
1913.248551,1000,5107.942539
1677.725782,1000,5142.455953
1823.629635,1000,5176.771466
1738.046559,1000,5209.114952
1751.656571,1000,5243.457344
1710.542903,1000,5277.929664
1284.013485,1000,5310.231426
1696.252057,1000,5344.553513
957.596374,1000,5387.443444
1745.336146,1000,5422.055689
1929.476731,1000,5456.543205
1764.414301,1000,5488.914805
1755.270502,1000,5523.429124
1904.98141,1000,5557.941304
1779.458502,1000,5590.322786
2023.944328,1000,5624.500906
1639.374499,1000,5656.831637
1846.181893,1000,5691.076698
1703.908947,1000,5735.395373
1607.742266,1000,5767.77515
1972.13004,1000,5802.092743
1943.134497,1000,5836.6949
1899.067906,1000,5868.910396
2114.756778,1000,5903.161678
1951.976217,1000,5935.729132
1946.963772,1000,5969.992312
1048.664908,1000,6004.276558
1920.777533,1000,6036.570579
2100.857696,1000,6081.013739
2062.996154,1000,6115.268172
2068.492474,1000,6147.519475
2073.104158,1000,6181.745423
1941.833682,1000,6214.032748
1698.738918,1000,6248.280175
1947.350822,1000,6282.474115
1044.830748,1000,6314.785757
1791.772885,1000,6349.24106
2044.406289,1000,6383.694136
2069.013462,1000,6426.148289
2148.599617,1000,6460.568796
1825.994437,1000,6493.089989
2056.909026,1000,6527.395115
2077.832763,1000,6561.752225
2169.767856,1000,6594.118522
2212.388459,1000,6628.407388
2204.935716,1000,6662.836889
2053.418225,1000,6695.125249
2219.971398,1000,6729.671581
2157.023463,1000,6772.148273
2190.014791,1000,6806.640048
2204.422129,1000,6841.28254
2215.801659,1000,6873.732237
1988.610832,1000,6908.044447
2258.53325,1000,6942.256859
2296.856006,1000,6974.681525
2126.538331,1000,7009.057346
2234.695737,1000,7041.459158
2188.495937,1000,7075.808655
2260.31027,1000,7120.237598
2225.38156,1000,7152.790419
2159.496879,1000,7187.415042
2228.25873,1000,7221.840826
2304.351709,1000,7254.085234
2163.742645,1000,7288.643154
2307.319078,1000,7321.068127
2263.439203,1000,7355.611176
2233.637977,1000,7390.130195
2251.38123,1000,7422.724457
2336.004577,1000,7467.159083
2276.080559,1000,7501.580119
2362.475382,1000,7533.96686
2126.523372,1000,7568.597048
2293.057419,1000,7600.930804
2355.332028,1000,7635.397804
2363.294639,1000,7669.807631
2353.165143,1000,7702.150254
2440.146198,1000,7736.603155
2352.805279,1000,7770.928541
2370.738589,1000,7813.603308
2417.758845,1000,7848.123266
2392.811773,1000,7880.438257
2348.756606,1000,7914.904556
2436.040131,1000,7949.319711
2437.526903,1000,7981.962075
2397.372703,1000,8016.634339
2392.109702,1000,8051.072072
2403.673995,1000,8083.61808
2321.91306,1000,8118.132435
2358.036488,1000,8160.502206
2299.295477,1000,8194.962209
2333.614565,1000,8229.276277
2277.994667,1000,8261.700672
2405.972942,1000,8296.15672
2004.060486,1000,8330.502198
2428.222653,1000,8363.026479
2253.915877,1000,8397.573871
2347.794796,1000,8429.876943
2445.239912,1000,8464.383372
2427.237802,1000,8508.890589
2389.920824,1000,8541.709185
2497.227352,1000,8576.31728
2352.916724,1000,8610.77147
2328.157438,1000,8643.160196
2632.841665,1000,8677.622946
2487.387974,1000,8710.198776
2500.970581,1000,8744.637223
2417.466369,1000,8779.148084
2316.757578,1000,8811.98181
2392.014968,1000,8857.966115
2355.292304,1000,8892.443736
2339.829119,1000,8924.144447
2515.810028,1000,8958.740873
2163.855285,1000,8991.365774
2431.799141,1000,9026.010612
2410.282642,1000,9060.562257
2511.645662,1000,9093.212726
2430.102031,1000,9127.713516
2330.726244,1000,9162.274553
2486.894634,1000,9206.029172
2331.597471,1000,9240.485717
2378.514388,1000,9272.672635
2229.696281,1000,9307.318673
2468.088394,1000,9341.681357
2053.972767,1000,9374.22138
2468.625812,1000,9409.000139
2501.027346,1000,9443.615583
2380.918785,1000,9476.227546
2495.949885,1000,9510.753533
2594.590775,1000,9554.41382
2577.954714,1000,9588.125018
2542.041591,1000,9622.730947
2557.799387,1000,9655.29371
2541.201556,1000,9689.968574
2566.616004,1000,9724.59555
2524.391754,1000,9757.213326
2621.193669,1000,9791.728322
2543.994748,1000,9824.180359
2596.630142,1000,9858.864783
2671.651755,1000,9904.706857
2589.833982,1000,9936.539434
2491.755122,1000,9971.185963
2503.938647,1000,10005.583315
2613.410023,1000,10038.049024
2544.330025,1000,10072.426419
2653.105523,1000,10104.904384
2659.92442,1000,10139.30562
2547.316066,1000,10173.786307
2607.557453,1000,10206.304499
2625.573747,1000,10251.022181
2611.108493,1000,10285.464412
2625.405389,1000,10317.956105
2522.690273,1000,10352.422156
2523.901056,1000,10384.857947
2666.437732,1000,10419.601656
2391.533065,1000,10454.358613
2656.10843,1000,10486.819708
2593.691171,1000,10521.318037
2539.732507,1000,10555.869139
2474.841774,1000,10599.008799
2693.607316,1000,10633.584753
2730.550879,1000,10666.105682
2602.123021,1000,10700.792335
2532.917785,1000,10735.25457
2537.334342,1000,10767.865895
2660.651681,1000,10802.336924
2569.401378,1000,10837.25155
2542.841749,1000,10869.638163
2725.671665,1000,10904.146712
2736.730995,1000,10947.4362
2712.603888,1000,10981.955241
2700.868471,1000,11016.440227
2629.424491,1000,11049.082243
2767.28326,1000,11083.411971
2696.098094,1000,11117.926723
2607.6677,1000,11150.634128
2591.983376,1000,11184.986771
2613.131206,1000,11217.468856
2675.999312,1000,11251.288515
2693.058435,1000,11296.920562
2669.204111,1000,11329.359883
2730.296382,1000,11363.825032
2683.293836,1000,11398.316433
2625.152682,1000,11431.001176
2778.035231,1000,11465.488991
2814.411232,1000,11498.203254
2681.370863,1000,11533.007025
2639.762625,1000,11567.366775
2629.640809,1000,11599.116781
2647.864789,1000,11644.941982
2645.498178,1000,11679.365169
2787.154936,1000,11711.885564
2757.529316,1000,11746.521529
2679.145745,1000,11779.074721
2694.742926,1000,11813.620298
2685.898685,1000,11847.951252
2738.389954,1000,11880.458679
2830.751403,1000,11914.650257
2676.474076,1000,11948.678506
2774.305559,1000,11992.452125
2561.382534,1000,12027.219855
2779.695864,1000,12059.746305
2813.150354,1000,12094.295883
2791.559453,1000,12128.880165
2771.582455,1000,12161.533921
2500.633322,1000,12196.280736
2693.59532,1000,12230.893267
2785.914153,1000,12262.696926
2623.475292,1000,12297.395563
2684.613324,1000,12341.588779
2736.580016,1000,12376.121501
2711.595569,1000,12410.500262
2625.485305,1000,12443.098572
2627.887056,1000,12477.558253
2703.477398,1000,12512.22012
2693.964218,1000,12544.67739
2716.680173,1000,12579.15259
2789.429481,1000,12611.038647
2756.447456,1000,12645.759343
2667.029783,1000,12691.628417
2813.343761,1000,12724.308113
2809.738484,1000,12758.879872
2761.643849,1000,12793.411203
2691.244058,1000,12825.835747
2845.077955,1000,12860.256509
2643.636444,1000,12892.911996
2796.919735,1000,12926.797709
2796.664432,1000,12961.193326
2790.762929,1000,12993.980592
2784.908196,1000,13039.705808
2801.748078,1000,13074.265663
2885.631629,1000,13106.680018
2814.360739,1000,13141.130718
2782.608353,1000,13173.547327
2891.192881,1000,13208.438926
2911.285055,1000,13242.875322
2910.412671,1000,13274.568787
2774.511195,1000,13309.36386
2764.028959,1000,13343.869785
2839.644545,1000,13387.606639
2838.859626,1000,13422.372025
2773.02503,1000,13454.815444
2719.76401,1000,13489.469081
2823.871724,1000,13524.001039
2845.773822,1000,13556.479795
2660.8708,1000,13590.76606
2768.955283,1000,13624.793977
2780.359191,1000,13657.365416
2800.985137,1000,13691.910897
2821.115273,1000,13735.84259
2839.933037,1000,13770.32928
2913.059975,1000,13804.821053
2824.857386,1000,13837.392799
2826.968602,1000,13872.01771
2814.438573,1000,13906.582971
2767.740016,1000,13938.416713
2763.231258,1000,13972.926292
675.593707,370,13985.875323
2823.636255,1000,14018.350157
2879.790849,1000,14053.076664
2938.452764,1000,14096.99101
2962.115604,1000,14131.531103
2861.478158,1000,14166.360856
2876.719618,1000,14198.95298
2878.787831,1000,14233.460156
2568.83308,1000,14267.819475
2874.137082,1000,14300.115795
2877.275443,1000,14334.4354
2749.165613,1000,14366.955745
2887.156745,1000,14401.373204
3002.472913,1000,14447.274183
2887.718117,1000,14479.717218
2881.692332,1000,14514.238898
2941.303687,1000,14548.776485
2800.402807,1000,14581.297784
2498.723968,1000,14615.095079
2810.340643,1000,14647.553293
2913.795546,1000,14682.02392
2914.209148,1000,14716.492411
2934.848174,1000,14749.014561
2898.05673,1000,14794.804973
2884.54402,1000,14829.24895
2957.326442,1000,14861.71361
2834.384037,1000,14896.350007
2932.847169,1000,14928.664997
2850.600557,1000,14962.339324
2906.073499,1000,14996.733927
2954.776688,1000,15029.263674
3016.822617,1000,15063.909313
2917.907199,1000,15098.523029
2945.13278,1000,15142.189968
2970.242796,1000,15176.676012
3034.887165,1000,15209.378173
2991.165366,1000,15243.786067
2829.008684,1000,15278.011676
2985.004044,1000,15310.063935
2946.711573,1000,15344.61822
2906.952298,1000,15379.301276
2914.979432,1000,15411.996613
3009.691976,1000,15446.54198
2981.566251,1000,15490.506804
2954.090527,1000,15525.151858
2966.132005,1000,15559.730143
2972.088558,1000,15592.290889
2995.185021,1000,15626.433079
2963.558817,1000,15661.131048
2971.302444,1000,15693.831965
2867.346028,1000,15728.339815
2943.992596,1000,15760.997431
2932.591244,1000,15795.714756
3056.153755,1000,15841.509922
2992.415232,1000,15874.135881
3026.164969,1000,15908.771457
2987.975553,1000,15943.530535
3003.203484,1000,15976.167802
2970.450173,1000,16013.219507
3002.791083,1000,16048.189091
3055.87645,1000,16085.164407
3104.048828,1000,16122.442928
2927.853627,1000,16157.449648
2952.109202,1000,16207.205244
2763.841443,1000,16244.323614
3080.240483,1000,16279.047213
2921.703181,1000,16316.147672
3013.694313,1000,16351.070879
3067.680418,1000,16387.960384
2968.943852,1000,16424.571861
2973.774819,1000,16459.361788
3012.453064,1000,16496.560862
2885.405254,1000,16533.553423
2987.607743,1000,16580.979396
3012.881017,1000,16618.152555
2951.435289,1000,16653.152596
3041.151694,1000,16690.369685
2959.535302,1000,16727.552983
2960.717967,1000,16762.582109
2980.005834,1000,16799.696913
3017.46193,1000,16836.735429
1072.936155,1000,16871.861287
3090.314563,1000,16909.027762
2929.642305,1000,16956.237129
3057.026897,1000,16992.884079
3061.560279,1000,17029.977127
2981.648936,1000,17065.005839
2993.434188,1000,17102.282434
2982.097955,1000,17139.444061
2990.385733,1000,17174.602074
3093.242231,1000,17211.884061
3037.231824,1000,17246.785241
3018.648731,1000,17284.049116
3063.634862,1000,17333.606079
2779.022149,1000,17368.589591
3015.101036,1000,17406.163555
3150.458973,1000,17443.443963
2820.088336,1000,17478.444313
3037.66509,1000,17515.87131
3142.00814,1000,17550.940829
3164.528077,1000,17588.074624
3060.344816,1000,17625.501983
3147.095419,1000,17660.598486
3056.950032,1000,17710.250667
3064.617574,1000,17747.488506
2641.035121,1000,17782.517084
3120.149674,1000,17819.728024
3135.814198,1000,17854.916048
3117.603269,1000,17891.975552
3098.744989,1000,17929.12848
3127.089053,1000,17964.2008
3212.689692,1000,18001.67174
3174.052292,1000,18038.919944
722.514498,1000,18086.283756
3061.984199,1000,18123.441044
3120.338024,1000,18158.562054
3138.933854,1000,18195.874577
2891.370373,1000,18233.02392
2638.635649,1000,18268.347817
3133.362447,1000,18305.617194
3142.56176,1000,18342.912385
3144.265201,1000,18378.105385
3058.416556,1000,18415.519034
3076.180362,1000,18463.039997
3130.55539,1000,18499.955163
3061.921217,1000,18537.286929
3012.684354,1000,18572.231668
3205.648816,1000,18609.403471
3132.609131,1000,18646.486706
2922.314262,1000,18681.54033
2392.195563,1000,18718.691436
3094.024594,1000,18753.605002
2729.705218,1000,18790.744631
3154.99877,1000,18840.156037
3034.920293,1000,18875.060097
3165.839329,1000,18912.391839
3183.993265,1000,18949.58242
3177.184649,1000,18984.593578
3035.364479,1000,19021.803762
3153.650727,1000,19056.718106
3098.723114,1000,19093.900966
3173.884997,1000,19131.020041
3133.642815,1000,19165.975885
3170.690161,1000,19215.337197
3144.028079,1000,19252.353287
3253.755159,1000,19285.006373
3143.714207,1000,19319.809175
3246.582083,1000,19353.081647
3249.63956,1000,19387.993818
3083.794802,1000,19422.877533
3167.620529,1000,19455.545179
3129.283705,1000,19490.570366
3116.13298,1000,19525.269397
3126.355156,1000,19567.826981
3053.024426,1000,19602.601272
3178.561873,1000,19635.128411
3186.761949,1000,19669.833413
3204.14712,1000,19704.665896
3109.436175,1000,19737.266479
2912.994851,1000,19771.920923
3129.148957,1000,19806.651507
3265.913976,1000,19839.324691
2626.62046,1000,19874.141559
3209.400602,1000,19916.721756
3156.857791,1000,19951.360779
3234.401019,1000,19986.042142
3108.744353,1000,20018.641597
3079.02325,1000,20053.34261
3201.070634,1000,20088.020679
3107.313083,1000,20120.581081
3078.729987,1000,20155.305101
3175.801244,1000,20187.94299
3105.638026,1000,20222.759934
3132.411311,1000,20267.432745
3124.996002,1000,20299.970333
3051.718636,1000,20334.715514
3227.940205,1000,20369.37943
3172.877182,1000,20401.934878
3235.057446,1000,20436.564069
3090.136718,1000,20469.248773
3196.398905,1000,20503.821631
3065.46931,1000,20538.636203
3217.54945,1000,20571.265029
3234.885924,1000,20615.81568
3159.981853,1000,20650.438534
3127.200817,1000,20683.257233
3208.882748,1000,20718.03254
3249.478086,1000,20750.972516
3201.155369,1000,20785.8976
3092.258932,1000,20820.732478
3184.950412,1000,20853.592018
3125.869869,1000,20888.3036
3190.599117,1000,20922.907448
3257.652709,1000,20965.229779
3184.701901,1000,20995.590746
3244.630273,1000,21029.049969
3189.992182,1000,21064.517519
3171.239205,1000,21099.776317
3072.855189,1000,21133.088601
3185.968478,1000,21168.840095
3080.649519,1000,21204.122286
3135.393569,1000,21237.653506
3032.121584,1000,21273.085289
3182.649823,1000,21316.90548
3318.685897,1000,21352.424694
3259.561042,1000,21387.859366
3193.443999,1000,21421.20571
3040.094793,1000,21456.576175
3167.616052,1000,21491.937343
3224.485615,1000,21525.291072
3048.736805,1000,21560.609967
3167.346704,1000,21592.911458
3270.716402,1000,21628.180368
3195.0927,1000,21675.112945
3276.06711,1000,21708.480789
3292.304499,1000,21743.978882
3216.272073,1000,21779.387407
3226.769879,1000,21812.513167
3230.267198,1000,21847.761122
3250.45411,1000,21880.024283
3015.425015,1000,21915.255138
3222.224988,1000,21950.681744
3263.943881,1000,21983.884207
3145.591527,1000,22030.749477
3260.704423,1000,22066.216166
3241.995108,1000,22099.48397
3289.912996,1000,22134.853497
3242.429636,1000,22167.823205
3287.41237,1000,22202.465856
3262.451536,1000,22237.689044
3212.404138,1000,22270.956193
3267.960362,1000,22306.363374
3059.190334,1000,22341.777639
3219.208266,1000,22386.558847
3317.442227,1000,22421.960657
3272.133198,1000,22455.355752
3348.665495,1000,22489.962923
3183.963487,1000,22525.463591
3292.168427,1000,22558.962128
3180.996873,1000,22594.406359
3268.736873,1000,22629.673129
3259.140066,1000,22662.964314
3233.666722,1000,22698.444806
3346.703187,1000,22743.339618
3246.357078,1000,22777.583935
3170.25569,1000,22812.96219
3280.058204,1000,22846.511462
3171.101496,1000,22881.968434
3216.840401,1000,22917.473276
3301.973264,1000,22950.787013
3149.957707,1000,22986.426531
3267.345791,1000,23019.798706
3237.621545,1000,23055.4092
3351.541749,1000,23101.300885
3226.605621,1000,23134.588965
3320.948782,1000,23169.86485
3265.696687,1000,23205.237293
3247.953005,1000,23238.284636
3356.291943,1000,23273.541971
3306.211136,1000,23306.750653
3206.992312,1000,23341.940341
3242.543431,1000,23376.513899
3318.578551,1000,23409.204678
3288.121606,1000,23455.640831
3351.418508,1000,23490.784386
3334.989456,1000,23524.096291
3326.301857,1000,23559.366607
3177.996642,1000,23592.515611
3400.71752,1000,23627.773777
3278.615819,1000,23662.933593
3307.307901,1000,23695.26334
3239.901754,1000,23731.282522
3352.242887,1000,23766.356323
3373.82521,1000,23810.686128
3346.906077,1000,23845.764863
3418.448901,1000,23878.736641
3336.384328,1000,23913.864565
2800.976146,1000,23948.889487
3304.635654,1000,23981.879048
3263.438352,1000,24016.290291
3402.318861,1000,24051.340072
3301.430966,1000,24084.442663
3406.659701,1000,24119.61531
3334.187515,1000,24164.093127
3276.391298,1000,24199.188533
3218.771629,1000,24234.346535
3324.41216,1000,24267.337248
3413.135124,1000,24302.327866
3315.075692,1000,24336.507863
3374.738401,1000,24369.664172
3210.017291,1000,24404.880803
3330.584009,1000,24437.963248
3282.965728,1000,24473.052915
3235.064467,1000,24519.514392
2643.697822,1000,24552.473544
3197.99059,1000,24587.570373
2786.515556,1000,24622.293747
3297.797061,1000,24654.920187
3340.665323,1000,24690.02659
3388.794818,1000,24723.059193
3322.507649,1000,24758.212957
3294.787437,1000,24793.223243
3345.840099,1000,24826.295931
3398.005575,1000,24872.743439
3095.287644,1000,24907.908456
3397.963247,1000,24940.291387
3361.24666,1000,24975.48454
3444.282697,1000,25008.836886
3354.165951,1000,25043.976953
3366.989616,1000,25079.089219
3331.038065,1000,25112.430066
3321.439509,1000,25147.753328
3179.627348,1000,25182.95378
3419.981204,1000,25227.203602
3444.435327,1000,25261.477497
3337.783881,1000,25294.646558
3399.684812,1000,25329.927899
3336.457035,1000,25365.219394
3406.301581,1000,25398.27737
3317.994257,1000,25433.513171
3430.738196,1000,25468.722154
3398.485604,1000,25501.816921
3426.21928,1000,25537.040674
3463.446725,1000,25580.360581
3498.423426,1000,25615.596279
3437.209178,1000,25650.859218
3341.998601,1000,25684.184478
3414.876885,1000,25719.489811
3428.608832,1000,25754.611278
3408.573349,1000,25787.618747
3419.215918,1000,25822.635542
3417.294937,1000,25855.911548
3382.281184,1000,25890.121416
3345.723092,1000,25936.501081
3027.381123,1000,25969.570135
3311.121273,1000,26004.59063
3474.353702,1000,26039.746641
3391.868882,1000,26072.795541
3470.356635,1000,26108.128793
3362.883914,1000,26141.308572
3300.791717,1000,26176.43267
3407.805549,1000,26210.606307
3427.817365,1000,26243.669634
3441.835674,1000,26290.239557
3423.105722,1000,26325.375811
3432.657302,1000,26358.483522
3358.642844,1000,26393.534415
3443.277206,1000,26426.564047
3405.86099,1000,26461.819926
3396.50993,1000,26496.652464
3383.559438,1000,26529.161591
3429.600023,1000,26564.627452
3429.876692,1000,26599.68029
3405.356385,1000,26644.075272
3377.845256,1000,26679.215899
3432.362394,1000,26712.306105
3286.867008,1000,26747.451467
3352.487153,1000,26782.679379
3330.158137,1000,26815.078206
3434.832856,1000,26850.222327
3427.179867,1000,26885.38417
3456.527234,1000,26918.471414
3452.381143,1000,26953.531693
3457.76562,1000,27000.155955
3432.105758,1000,27037.764963
3482.741337,1000,27075.302646
3461.990911,1000,27110.635477
3428.684132,1000,27148.061512
3442.85609,1000,27185.502167
3409.289737,1000,27220.690758
3438.659995,1000,27258.110174
3483.164745,1000,27293.341494
3528.313306,1000,27330.937131
3479.080256,1000,27380.77926
3393.709531,1000,27415.9803
3337.489887,1000,27453.39641
3460.038771,1000,27490.669566
3468.510291,1000,27525.890752
3499.63632,1000,27563.167495
3433.402219,1000,27598.498544
3488.204007,1000,27635.76456
3495.20744,1000,27673.155306
3380.767936,1000,27708.309942
3466.283916,1000,27757.94849
3413.209578,1000,27795.326239
3317.136493,1000,27830.50598
3518.816996,1000,27867.818045
3523.503992,1000,27902.99193
3365.581013,1000,27940.229575
3488.008466,1000,27977.577062
3479.883835,1000,28012.729382
3441.436105,1000,28050.027381
3526.83946,1000,28087.388346
3504.365424,1000,28135.038796
3392.97388,1000,28172.346635
3410.950477,1000,28207.450387
3347.841546,1000,28244.816245
3483.491965,1000,28282.152466
3469.486044,1000,28317.516383
3507.231385,1000,28355.154371
3504.437368,1000,28392.574084
3490.600814,1000,28427.876951
3503.045589,1000,28465.289875
3475.772919,1000,28512.856072
3059.907796,1000,28550.257078
3142.395535,1000,28587.87851
3572.940356,1000,28623.013983
3506.598601,1000,28660.347996
3418.926582,1000,28697.608939
3323.94015,1000,28732.873745
3547.426821,1000,28770.274361
3484.477515,1000,28805.443304
3487.420051,1000,28842.853855
3470.595979,1000,28892.530263
3505.234553,1000,28927.806623
3450.296406,1000,28965.20084
3466.467056,1000,29002.518028
3484.659549,1000,29037.774106
3484.887296,1000,29075.210517
3505.607598,1000,29110.558285
3471.792253,1000,29147.988145
3492.02391,1000,29185.603925
3540.135297,1000,29220.860632
3518.794148,1000,29270.972985
3537.961672,1000,29308.650694
3477.478838,1000,29343.818702
3526.995689,1000,29381.133318
3549.115655,1000,29416.48862
3386.165534,1000,29454.071018
3454.059482,1000,29491.499757
3533.63116,1000,29526.730577
3479.120971,1000,29564.136972
3503.143233,1000,29601.898203
3468.371034,1000,29649.527451
3510.604427,1000,29687.018446
3101.184034,1000,29722.252419
3277.665126,1000,29759.470138
3480.874027,1000,29796.888725
3556.318038,1000,29831.97463
3485.532072,1000,29869.331197
3510.995009,1000,29906.642013
3567.842248,1000,29941.846261
3515.783813,1000,29979.144025
3450.75349,1000,30026.7417
3393.932508,1000,30064.089605
3483.833599,1000,30101.254949
3509.220269,1000,30136.386725
3536.075494,1000,30173.737234
3459.504434,1000,30211.196895
3553.402111,1000,30246.605406
3548.677737,1000,30284.166168
3481.54219,1000,30319.513921
3559.456678,1000,30356.934739
3538.001729,1000,30406.590069
3523.027131,1000,30441.721478
3553.143686,1000,30479.045819
3378.867386,1000,30516.438463
3558.955662,1000,30551.630944
3437.277781,1000,30588.990418
3531.644449,1000,30624.183857
3514.268507,1000,30661.690865
3569.72576,1000,30699.036702
3453.63827,1000,30734.209584
3443.494037,1000,30783.935468
3457.087249,1000,30821.478754
3501.313411,1000,30856.830861
3502.944485,1000,30894.192162
3525.268239,1000,30929.335277
3544.166308,1000,30966.786585
3461.220458,1000,31004.190898
3488.526401,1000,31039.353335
3477.622079,1000,31076.890845
3537.997424,1000,31114.37194
3424.596849,1000,31161.716651
3506.800075,1000,31199.000777
3541.568826,1000,31234.277429
3546.340099,1000,31271.857175
3479.336034,1000,31309.339705
3482.394362,1000,31344.665781
3566.336924,1000,31382.040202
3565.552682,1000,31419.564238
3464.754337,1000,31454.900079
3472.31174,1000,31492.341583
3523.322866,1000,31539.701452
3584.117596,1000,31576.98947
3578.504049,1000,31614.290272
3545.078108,1000,31649.363745
3565.276632,1000,31686.82279
3578.52831,1000,31724.27601
3416.172213,1000,31759.472743
3506.303966,1000,31796.803408
3560.587927,1000,31832.066376
1722.504195,1000,31869.529234
3474.965068,1000,31919.31194
3565.429036,1000,31954.622492
3515.042532,1000,31991.9864
3481.318964,1000,32029.360601
3529.049065,1000,32064.574101
3589.432466,1000,32101.927747
3512.620127,1000,32137.097867
3565.783251,1000,32174.5474
3526.988861,1000,32211.856141
3560.066815,1000,32247.067883
3525.324652,1000,32296.888388
3522.888257,1000,32334.337195
3497.062829,1000,32369.55763
3414.301179,1000,32406.960869
3566.892576,1000,32442.371701
3481.599225,1000,32479.955178
3585.463941,1000,32517.626461
409.456908,1000,32552.89412
3548.559214,1000,32590.321393
3548.937494,1000,32627.810526
3581.122461,1000,32675.579961
3528.880946,1000,32713.185402
3551.38721,1000,32748.478001
3559.368696,1000,32785.822196
3522.877907,1000,32823.33282
3602.263089,1000,32858.921252
3474.182662,1000,32896.369296
3524.517472,1000,32933.894781
3506.034103,1000,32969.086371
3567.938161,1000,33006.544441
3541.682301,1000,33054.430868
3459.976878,1000,33092.273457
3537.810506,1000,33129.894418
3504.211738,1000,33165.339085
3552.253959,1000,33202.809376
3542.321573,1000,33240.180103
3525.708994,1000,33275.470878
3316.731386,1000,33312.973687
3556.649662,1000,33348.409942
3515.186313,1000,33385.908103
3487.166382,1000,33435.932986
3512.617803,1000,33471.203608
3446.823026,1000,33508.784829
3364.640304,1000,33546.230767
3548.163699,1000,33581.52473
3525.583851,1000,33619.094751
3575.167264,1000,33654.581034
3531.261267,1000,33692.199574
3528.346541,1000,33729.632067
3520.488278,1000,33765.147933
3567.841449,1000,33815.300025
3534.013742,1000,33852.712567
3509.767255,1000,33888.235513
3579.731207,1000,33926.069704
3592.794373,1000,33961.625993
3595.316493,1000,33999.857868
3575.005072,1000,34038.03406
3525.732694,1000,34073.972684
3440.516478,1000,34111.52476
3584.183527,1000,34149.176962
3594.227829,1000,34197.256513
3517.59365,1000,34234.452246
3575.616546,1000,34269.523108
3426.842586,1000,34306.82595
3580.519298,1000,34344.109573
3540.423754,1000,34379.041825
3606.812375,1000,34416.299412
3619.380375,1000,34453.542278
3566.439474,1000,34488.582651
3522.360526,1000,34525.888379
3527.276253,1000,34573.398577
3454.780517,1000,34610.615697
3450.99551,1000,34647.926512
3385.864187,1000,34683.104826
3520.50619,1000,34720.356402
3496.414296,1000,34757.692034
3572.428554,1000,34792.690957
3548.373896,1000,34829.828117
3484.359844,1000,34864.977238
3565.235589,1000,34902.305331
3538.869766,1000,34951.776425
3596.693459,1000,34986.721564
3395.040855,1000,35024.180049
3582.605249,1000,35061.493073
3625.813552,1000,35096.619547
3524.730571,1000,35133.992448
3616.435663,1000,35169.082697
3487.77066,1000,35206.264572
3518.205575,1000,35243.450991
3446.971625,1000,35278.500053
