#{"t_start": 1625225319.7446883, "env_id": "HalfCheetahBulletEnv-v0"}
r,l,t
-1069.305457,1000,1.06511
-1143.119155,1000,2.134007
-1247.080482,1000,3.143402
-1342.597029,1000,4.130344
-1223.700469,1000,5.143826
-1454.851774,1000,6.151531
-1216.596965,1000,7.167634
-1070.317227,1000,8.200292
-1152.0094,1000,9.213362
-1133.423199,1000,10.221964
-1262.642024,1000,44.002181
-1249.890297,1000,76.578856
-1540.243734,1000,110.065082
-1622.066672,1000,141.626453
-1123.549323,1000,175.28499
-1527.058947,1000,207.203053
-1207.808578,1000,241.740045
-1192.171587,1000,275.260927
-526.786153,1000,306.741214
182.889767,1000,340.031691
66.457508,1000,383.812203
332.810361,1000,415.118635
-499.742278,1000,448.345135
-937.297748,1000,479.91038
93.05255,1000,513.358509
410.194034,1000,546.820199
332.310686,1000,578.402344
231.387178,1000,611.699963
365.077536,1000,645.224398
381.031126,1000,676.534992
240.753343,1000,720.875464
530.333275,1000,752.411726
-569.298683,1000,786.035748
195.79363,1000,819.39496
393.81066,1000,850.722898
181.602391,1000,884.052788
-171.105169,1000,917.171069
237.194272,1000,948.529874
308.175409,1000,981.926799
577.931402,1000,1013.380746
-20.109429,1000,1056.713487
495.920688,1000,1090.113595
88.108349,1000,1121.396819
-858.761165,1000,1154.809292
-84.88343,1000,1188.000833
480.239674,1000,1219.35655
460.100522,1000,1252.533467
468.592571,1000,1284.11791
235.937819,1000,1317.576888
396.965599,1000,1350.538081
-452.895583,1000,1392.000856
391.022148,1000,1425.103801
393.319939,1000,1458.560031
24.289577,1000,1489.974256
260.626872,1000,1523.907288
-345.6892,1000,1555.382098
-353.722639,1000,1588.728948
555.995534,1000,1621.966994
-330.798466,1000,1653.273847
-484.30399,1000,1685.211323
285.643749,1000,1729.996326
290.335515,1000,1761.260401
6.238038,1000,1794.395436
417.058473,1000,1825.453254
556.253582,1000,1858.501317
529.785949,1000,1891.632132
472.998093,1000,1922.763735
283.594521,1000,1955.710531
396.893258,1000,1988.857726
423.589285,1000,2019.013068
-344.124504,1000,2064.253513
624.17133,1000,2095.100442
104.192138,1000,2128.354381
742.275335,1000,2161.681881
600.985969,1000,2193.32006
461.102588,1000,2226.88743
715.484312,1000,2260.938202
711.734213,1000,2292.749243
476.969617,1000,2326.895922
595.384748,1000,2357.754576
772.804281,1000,2403.819516
769.689857,1000,2438.360847
702.750357,1000,2470.911799
735.819221,1000,2505.450897
788.943013,1000,2540.023408
831.763787,1000,2572.729379
776.782412,1000,2607.605677
785.881546,1000,2640.635394
717.646726,1000,2675.927181
760.479956,1000,2710.220557
766.855764,1000,2754.78627
486.083413,1000,2790.401795
829.193972,1000,2825.907094
762.985021,1000,2859.522098
-638.111352,1000,2895.389221
861.783932,1000,2928.773883
538.67198,1000,2964.550268
-141.507665,1000,3000.262266
278.982324,1000,3033.005791
560.808385,1000,3068.807137
621.336564,1000,3115.912104
607.609572,1000,3149.317107
581.038208,1000,3185.03171
731.682207,1000,3218.343849
662.186959,1000,3254.003298
825.14991,1000,3289.574054
799.966334,1000,3322.96428
729.179724,1000,3358.357111
793.62294,1000,3393.43636
652.790577,1000,3427.021116
986.320565,1000,3474.40439
884.236539,1000,3507.749876
652.618316,1000,3543.318575
1079.542027,1000,3579.563059
674.357084,1000,3615.393291
994.706834,1000,3653.652339
975.448944,1000,3691.853207
996.469449,1000,3727.548775
840.640692,1000,3766.030662
957.358192,1000,3802.185474
743.911596,1000,3852.678652
752.259357,1000,3891.243267
832.181791,1000,3927.100351
1065.527451,1000,3965.386727
855.061498,1000,4003.710165
5.412523,1000,4039.866583
478.78696,1000,4078.117158
1049.203292,1000,4113.908776
782.159215,1000,4152.033287
839.486768,1000,4190.366462
1002.290844,1000,4238.533529
1267.248097,1000,4276.573919
781.110462,1000,4314.707078
1085.747201,1000,4350.551364
1476.542312,1000,4388.668613
1444.362674,1000,4424.885825
576.777013,1000,4463.113814
603.735792,1000,4501.45851
1188.31536,1000,4537.395941
1356.019004,1000,4575.671899
1119.184419,1000,4626.18461
984.674034,1000,4662.171029
1451.354729,1000,4700.313711
1485.304539,1000,4736.364577
1514.314075,1000,4774.492961
1501.226221,1000,4812.794485
1609.992162,1000,4848.658219
1503.862206,1000,4886.766302
1346.833969,1000,4925.128484
1589.926655,1000,4961.169212
1394.188699,1000,5011.563806
1562.595644,1000,5047.607262
1479.05479,1000,5085.987628
1333.059584,1000,5124.401522
1731.253795,1000,5160.186055
1263.087622,1000,5198.317208
1413.836767,1000,5236.493838
1132.232632,1000,5272.429871
1292.059572,1000,5310.633533
1605.678431,1000,5346.461437
1516.944097,1000,5396.972808
1646.852588,1000,5435.300635
1818.399741,1000,5471.068746
1710.504015,1000,5509.408181
1696.723472,1000,5547.299244
1824.56331,1000,5583.042236
1570.692494,1000,5621.158287
1949.091007,1000,5656.935094
1761.258995,1000,5694.869727
1767.436728,1000,5732.991105
1793.014134,1000,5781.31058
1824.940186,1000,5819.753986
1716.385811,1000,5858.667034
1660.0635,1000,5894.742956
1701.930683,1000,5933.496376
1569.395193,1000,5969.671024
1782.520443,1000,6008.155566
1831.439422,1000,6046.709066
1792.087494,1000,6082.8326
1819.736927,1000,6121.343645
1756.089242,1000,6172.659538
1854.501123,1000,6208.810758
1853.128916,1000,6247.135076
1744.445476,1000,6283.23177
1708.257078,1000,6321.516778
1621.923569,1000,6359.944164
1848.907115,1000,6396.269033
1810.872558,1000,6434.632981
1956.467743,1000,6473.117955
1913.9056,1000,6509.355121
1752.433069,1000,6560.231545
1839.11726,1000,6596.204593
1662.274423,1000,6634.492784
1872.747379,1000,6673.004294
1945.330434,1000,6709.488554
1980.289356,1000,6748.068111
1995.590913,1000,6786.669151
1953.756659,1000,6822.925553
1733.629788,1000,6861.49373
1941.543314,1000,6897.662132
1857.389171,1000,6948.605
1788.299157,1000,6986.947469
1861.221606,1000,7023.235833
1963.921738,1000,7061.732541
1926.657097,1000,7100.307839
1967.30098,1000,7136.710949
1924.989375,1000,7174.882989
1913.530304,1000,7210.83674
1902.121599,1000,7249.387931
1914.887264,1000,7287.75272
2158.979634,1000,7336.320075
1945.239018,1000,7374.761106
2156.980094,1000,7412.911345
2164.505844,1000,7448.900009
1962.383141,1000,7487.149739
2099.66415,1000,7523.313656
2051.779272,1000,7561.783627
1873.024687,1000,7600.091558
1855.43942,1000,7636.268203
2047.078221,1000,7674.554817
1997.767528,1000,7725.371459
2066.524725,1000,7761.388761
2126.81864,1000,7799.702433
1989.855893,1000,7835.852844
1916.36853,1000,7874.293559
2137.544447,1000,7912.659497
2085.656388,1000,7948.78985
2071.516168,1000,7987.286085
2031.210911,1000,8025.808035
1985.594814,1000,8061.969022
1963.146496,1000,8112.645953
1814.065898,1000,8148.785076
2035.629009,1000,8187.156071
2057.811757,1000,8225.58778
1980.027969,1000,8262.039963
1974.434377,1000,8300.434574
2056.283375,1000,8338.896209
2122.186108,1000,8374.947641
2006.158014,1000,8413.346359
2110.014499,1000,8449.482062
2087.335181,1000,8500.17215
2061.987906,1000,8538.577254
2098.753886,1000,8574.689782
2181.668024,1000,8613.34682
2141.792334,1000,8651.817719
2138.90289,1000,8688.263501
2149.483929,1000,8726.571182
2023.158343,1000,8762.708416
1893.885786,1000,8801.562926
2055.454802,1000,8840.014416
2142.782351,1000,8888.020646
2170.521662,1000,8926.3016
2110.991192,1000,8964.535617
2077.718091,1000,9000.395351
2166.049313,1000,9038.721749
2106.739308,1000,9074.731854
2162.474956,1000,9113.379253
2131.999907,1000,9151.738168
2091.621951,1000,9187.680821
2205.415791,1000,9226.287372
2132.519199,1000,9276.783833
2316.09898,1000,9312.698586
2017.392475,1000,9350.806543
2113.014056,1000,9386.909871
2196.225582,1000,9425.105714
2192.249512,1000,9463.434206
2138.808175,1000,9499.519234
2044.911812,1000,9537.802184
2263.379632,1000,9575.932213
2114.311841,1000,9611.936236
2221.098616,1000,9661.946242
2130.909087,1000,9698.152661
2065.50949,1000,9736.420645
2115.541389,1000,9774.742311
2160.420714,1000,9810.904896
2063.442415,1000,9849.17037
2196.934886,1000,9887.49531
2138.965833,1000,9923.364932
2070.263096,1000,9961.508908
2013.92655,1000,9997.745655
2191.904821,1000,10048.901048
2210.32343,1000,10087.506546
2210.612129,1000,10123.659417
2204.360058,1000,10162.035623
2218.017168,1000,10200.383593
2409.247568,1000,10236.350327
2144.073265,1000,10274.701804
2365.507358,1000,10311.271558
2231.873761,1000,10349.503654
2231.098476,1000,10387.951872
2265.317943,1000,10436.220801
2221.150734,1000,10474.898818
2203.68798,1000,10513.265126
2208.288823,1000,10549.537476
2275.08566,1000,10588.211138
2056.834177,1000,10624.477262
2345.463092,1000,10662.941688
2039.954258,1000,10701.368891
2309.29004,1000,10737.603138
2249.365653,1000,10775.981339
2186.558239,1000,10826.566091
2201.090869,1000,10863.074898
2286.171969,1000,10901.654552
2285.714936,1000,10937.844418
1975.126077,1000,10976.141742
2149.951206,1000,11014.417598
2256.202648,1000,11050.321024
2130.4589,1000,11088.73233
2207.133578,1000,11127.17798
2239.996561,1000,11163.164595
2401.097498,1000,11213.752871
2272.642225,1000,11249.707736
2311.35692,1000,11288.11992
2184.248039,1000,11326.521379
2439.170314,1000,11362.492634
2300.473767,1000,11400.722191
1568.069839,1000,11439.186225
2302.907882,1000,11475.133811
2099.208982,1000,11513.44096
2216.741376,1000,11549.4961
2303.730667,1000,11600.010627
2271.369402,1000,11638.399249
2205.249147,1000,11674.594642
2260.378529,1000,11713.19669
2295.903198,1000,11751.483235
2316.612573,1000,11787.599378
2264.826837,1000,11825.753945
2343.669315,1000,11862.10532
2378.783153,1000,11900.32039
2377.717439,1000,11938.771158
2305.478258,1000,11987.598689
2168.970766,1000,12025.959259
2299.348066,1000,12064.229181
2363.895541,1000,12100.297641
2361.48169,1000,12138.905864
2387.205746,1000,12174.875421
2320.692557,1000,12213.320647
2252.186259,1000,12251.93485
2299.430451,1000,12288.179088
2290.367504,1000,12326.562515
2363.022663,1000,12377.642056
2423.579679,1000,12413.71909
2414.216638,1000,12452.198789
2264.903626,1000,12488.166862
2344.813903,1000,12526.620439
2397.72628,1000,12564.975273
2267.290517,1000,12600.894974
2299.905186,1000,12639.39292
2213.385514,1000,12677.678493
2346.499888,1000,12713.930878
2402.49274,1000,12764.710561
2401.222219,1000,12800.841526
2388.100268,1000,12839.166097
2360.65092,1000,12877.688142
2355.802023,1000,12913.812853
2427.331576,1000,12952.345263
2339.254596,1000,12990.88484
2409.516651,1000,13027.008961
2383.498605,1000,13065.547233
2370.435019,1000,13102.042622
2417.883625,1000,13152.777202
2315.679862,1000,13191.602945
2361.079615,1000,13228.000766
2460.485242,1000,13266.431376
2442.977072,1000,13305.365208
2376.410551,1000,13342.02327
2496.56948,1000,13380.860308
2344.585372,1000,13417.211301
2467.918134,1000,13456.015146
2466.501445,1000,13494.475945
2386.661413,1000,13542.666742
2447.114785,1000,13581.080781
2383.656122,1000,13619.842403
2434.608095,1000,13656.18973
2342.225801,1000,13694.857451
2344.150279,1000,13731.233986
2292.786933,1000,13770.135077
2312.582217,1000,13809.059636
2275.32277,1000,13845.486135
2216.429211,1000,13884.187521
2386.715724,1000,13934.900883
2461.186231,1000,13971.204761
2345.107578,1000,14009.737516
2395.977856,1000,14046.050838
2433.278322,1000,14084.494021
2375.209879,1000,14122.847642
2260.797809,1000,14159.190267
2391.570118,1000,14197.413421
2358.648627,1000,14235.912099
2441.925053,1000,14272.112093
2321.828383,1000,14322.513981
2428.750712,1000,14358.604553
2359.065414,1000,14397.19611
2353.542012,1000,14435.648889
2432.376002,1000,14472.123801
2449.764589,1000,14510.902498
2318.394528,1000,14549.876767
2452.464553,1000,14586.305142
2461.952349,1000,14625.377154
2479.890386,1000,14661.843507
2359.603128,1000,14712.261829
2393.395052,1000,14751.103178
2381.030625,1000,14787.708066
2464.253044,1000,14826.821459
2437.913253,1000,14865.880522
2505.70885,1000,14902.722728
2435.516484,1000,14941.668383
2445.679787,1000,14978.335817
2463.434112,1000,15017.322701
2421.392819,1000,15055.919798
2423.491905,1000,15105.302113
2465.437754,1000,15144.035718
2445.140419,1000,15183.170505
2386.617239,1000,15220.091255
2399.971641,1000,15259.480144
2356.875396,1000,15297.667431
2438.657768,1000,15336.818444
2462.803112,1000,15375.628232
2456.965306,1000,15412.529318
2384.040224,1000,15451.933302
2452.211181,1000,15503.133564
2412.026742,1000,15540.004319
2466.916748,1000,15579.106201
2512.548926,1000,15616.103541
2458.60081,1000,15655.302415
2426.065517,1000,15694.554537
2487.208088,1000,15731.35566
2428.651306,1000,15770.363925
2521.844394,1000,15809.368331
2299.658236,1000,15846.188637
2375.307886,1000,15897.373817
2505.739553,1000,15934.052779
2410.846455,1000,15973.152977
2589.460427,1000,16012.088271
2392.492333,1000,16048.688395
2364.478187,1000,16087.670187
2448.360412,1000,16126.655938
2436.112691,1000,16163.60267
2449.055108,1000,16202.757624
2473.3256,1000,16239.747946
2457.315367,1000,16291.024693
2528.527106,1000,16330.405728
2549.759154,1000,16367.412212
2534.325667,1000,16406.633588
2511.469119,1000,16445.925036
2497.845538,1000,16483.080945
2514.4106,1000,16522.368028
2502.173052,1000,16559.32763
2487.905062,1000,16598.660211
2542.813105,1000,16637.829293
2516.163994,1000,16687.288081
2503.123488,1000,16726.484558
2423.674957,1000,16765.608883
2493.629885,1000,16802.478162
2442.904502,1000,16841.675865
2401.412172,1000,16878.575304
2471.46984,1000,16917.750458
2366.725868,1000,16956.876566
2420.686989,1000,16993.753846
2432.248659,1000,17033.138347
2558.167207,1000,17084.626337
2493.052254,1000,17121.835295
2512.792727,1000,17161.013601
2451.11551,1000,17198.192685
2504.288885,1000,17237.310181
2557.939102,1000,17276.307145
2364.916612,1000,17313.174845
2628.060629,1000,17352.410955
2500.580514,1000,17391.608914
2489.801147,1000,17428.58792
2561.081443,1000,17479.683417
2557.376032,1000,17516.779927
2461.677085,1000,17555.883919
2541.549094,1000,17594.899678
2577.581911,1000,17631.695506
2477.676807,1000,17670.836773
2504.160992,1000,17709.725546
2410.338048,1000,17746.382274
2595.827128,1000,17785.520937
2536.3049,1000,17822.317045
2351.232956,1000,17873.58364
2562.632155,1000,17912.874681
2530.66562,1000,17949.833312
2410.470462,1000,17988.916084
2584.844251,1000,18028.290769
2525.841372,1000,18065.21916
2542.508935,1000,18104.387477
2441.733294,1000,18141.274572
2469.960986,1000,18180.503608
2497.106601,1000,18219.690465
2553.188374,1000,18269.052561
2376.38679,1000,18308.16636
2469.07462,1000,18347.440702
2418.970182,1000,18384.272404
2530.698288,1000,18423.536401
2568.733302,1000,18460.57149
2506.643106,1000,18499.993768
2436.458896,1000,18539.389287
2352.014757,1000,18576.502572
2445.113992,1000,18615.646066
2451.821008,1000,18667.307387
2284.363267,1000,18704.378531
2360.432132,1000,18743.497529
2409.329808,1000,18780.375855
2273.631571,1000,18819.823309
2445.985718,1000,18858.860967
2505.574608,1000,18895.687262
2547.05853,1000,18934.851483
2579.403546,1000,18973.914599
2352.173583,1000,19010.907315
-269.335814,1000,19062.412293
-1587.893267,1000,19099.762894
-1207.751282,1000,19139.427057
-454.206027,1000,19179.152496
-54.664333,1000,19216.182281
-678.563269,1000,19255.679362
-875.306259,1000,19295.016462
-163.978885,1000,19332.093735
992.362538,1000,19371.128691
573.952116,1000,19407.945118
-626.975834,1000,19459.925261
1312.474767,1000,19498.95732
2189.76388,1000,19535.830272
2216.371661,1000,19574.951146
2144.240883,1000,19614.003761
2351.515681,1000,19650.677462
2311.271706,1000,19689.961422
2357.861319,1000,19726.801296
2358.89327,1000,19765.929245
2455.154865,1000,19805.048716
2374.771706,1000,19854.26388
2399.887217,1000,19893.615038
2388.314644,1000,19932.597072
2434.420332,1000,19969.319418
2449.139301,1000,20008.644948
2375.482488,1000,20045.620839
2317.870226,1000,20084.961189
2400.099665,1000,20123.959851
2282.410639,1000,20160.913353
2194.475242,1000,20200.071037
2173.550809,1000,20251.179298
2366.210743,1000,20288.156369
2530.038339,1000,20327.38164
2361.246335,1000,20364.621136
2491.737881,1000,20404.264082
2527.500781,1000,20443.948664
2412.252909,1000,20481.242007
2557.733294,1000,20520.859584
2520.770727,1000,20560.529565
2506.702206,1000,20597.608892
2612.086499,1000,20648.997543
2636.660124,1000,20686.062684
2555.059371,1000,20725.398472
2581.191749,1000,20764.600651
2573.489792,1000,20801.693799
2506.311085,1000,20840.900082
2530.673607,1000,20880.161319
2606.366949,1000,20917.152537
2489.655195,1000,20956.424197
2649.040928,1000,20993.565549
2529.387285,1000,21044.801494
2464.350408,1000,21083.968734
2486.347284,1000,21120.889744
2510.82699,1000,21160.198012
2620.188298,1000,21199.399118
2509.249361,1000,21236.437265
2497.089793,1000,21275.902461
2545.390748,1000,21313.073884
2506.36665,1000,21352.287018
2620.071396,1000,21391.5226
2461.701788,1000,21440.247511
2578.746032,1000,21479.208967
2552.695215,1000,21518.59479
2542.559804,1000,21555.662847
2537.987518,1000,21595.259783
2454.655478,1000,21632.397587
2516.077374,1000,21671.904301
2481.134649,1000,21711.051369
2625.225517,1000,21748.348953
2636.55906,1000,21787.854484
2550.207995,1000,21839.671796
2581.79332,1000,21876.818343
2272.38893,1000,21916.211492
2547.370781,1000,21953.243372
2573.315347,1000,21992.632983
2525.997376,1000,22032.482511
2549.305511,1000,22069.682546
2523.611698,1000,22109.459783
2556.721398,1000,22148.970535
2570.657573,1000,22186.289871
2551.185833,1000,22238.099497
2506.627988,1000,22275.255594
2591.191438,1000,22314.775396
2602.241768,1000,22354.226018
2447.085766,1000,22391.416085
2585.844523,1000,22430.919831
2348.137156,1000,22470.69245
2512.204328,1000,22507.947846
2555.342795,1000,22547.473289
2575.189829,1000,22584.784229
2527.85454,1000,22636.591734
2480.767913,1000,22676.045486
2570.04814,1000,22713.168263
2573.157476,1000,22752.73909
2461.985166,1000,22792.287155
2408.093428,1000,22829.481303
2456.002772,1000,22868.922287
2455.426444,1000,22906.179526
2635.493382,1000,22945.946342
2533.387983,1000,22985.514136
2463.019107,1000,23034.632882
2439.413908,1000,23074.053377
2457.900132,1000,23113.393066
2584.733106,1000,23150.674239
2533.623484,1000,23190.331739
2630.774793,1000,23227.709551
2553.061103,1000,23267.20093
2575.371234,1000,23306.739389
2606.926254,1000,23343.780282
2525.75133,1000,23383.530901
2559.49788,1000,23435.273945
2525.388338,1000,23472.484555
2675.540588,1000,23512.243407
2662.523832,1000,23549.554512
2659.071567,1000,23589.484409
2563.905249,1000,23629.006517
2602.215648,1000,23666.347618
2608.679771,1000,23706.199064
2646.784918,1000,23746.033144
2343.935815,1000,23783.433821
2584.884814,1000,23835.742179
2546.885193,1000,23872.889323
2588.313355,1000,23912.692162
2548.417958,1000,23952.619863
2611.322775,1000,23990.081339
2513.703875,1000,24030.154493
2508.076549,1000,24069.998481
2588.717799,1000,24107.860862
2432.811771,1000,24147.45834
2605.119343,1000,24184.8272
2497.463641,1000,24236.374523
2453.638771,1000,24275.675043
2591.186396,1000,24312.84944
2421.931138,1000,24352.279182
2445.377563,1000,24391.833134
2689.565809,1000,24429.220304
2476.292671,1000,24468.81384
2575.599593,1000,24506.013817
2623.48301,1000,24545.514197
2491.920028,1000,24585.134105
2483.664591,1000,24634.450632
2610.06508,1000,24673.7826
2555.687678,1000,24713.254405
2609.142756,1000,24750.474954
2612.690187,1000,24790.116276
2609.522928,1000,24827.582082
2506.581511,1000,24867.463766
2613.322544,1000,24906.98602
2529.031093,1000,24944.455087
2570.975998,1000,24984.168052
2523.582199,1000,25036.100199
2438.410243,1000,25073.356363
2631.724431,1000,25113.045053
2517.040283,1000,25150.14464
2512.341557,1000,25189.660356
2618.311673,1000,25228.823197
2587.702274,1000,25265.805941
2543.475931,1000,25305.310264
2587.487134,1000,25344.754587
2495.309962,1000,25382.06225
2421.103257,1000,25434.389484
2573.120818,1000,25471.570405
2566.365831,1000,25511.135787
2574.509079,1000,25550.635978
2580.450435,1000,25587.934115
2620.09112,1000,25627.373332
2388.842557,1000,25667.036256
2599.578465,1000,25704.315529
2628.978954,1000,25744.709052
2622.23926,1000,25781.635929
2423.209127,1000,25833.333779
2569.349026,1000,25872.305847
2532.001622,1000,25909.227693
2605.214115,1000,25948.330156
2608.511487,1000,25987.62401
2590.545606,1000,26023.976801
2591.497243,1000,26060.659494
2267.991829,1000,26095.16241
2010.683733,1000,26131.960712
2261.584595,1000,26168.61064
2272.974432,1000,26212.769516
2503.927445,1000,26249.727024
2623.574223,1000,26286.648118
2703.002177,1000,26321.441723
2638.275778,1000,26358.232372
2638.3733,1000,26392.999544
2613.98437,1000,26429.946768
2607.042634,1000,26466.691296
2632.319659,1000,26501.595803
2625.474058,1000,26538.442967
2583.168381,1000,26585.203596
2678.792714,1000,26619.798981
2601.213074,1000,26656.256872
2619.763574,1000,26690.881661
2507.04764,1000,26727.642011
2687.066052,1000,26764.076527
2666.048217,1000,26798.668676
2530.519457,1000,26835.423576
2442.771365,1000,26872.132686
2643.701717,1000,26906.921262
2669.621924,1000,26953.243893
2564.060886,1000,26987.558343
2543.50345,1000,27024.264324
2542.840013,1000,27060.728782
2597.005375,1000,27095.245528
2709.851939,1000,27131.639686
2759.463758,1000,27168.409747
2503.074588,1000,27202.87631
2545.266172,1000,27239.62352
2292.206986,1000,27274.348541
2644.295345,1000,27321.107195
2380.323246,1000,27357.924543
2412.05538,1000,27392.568271
2540.095524,1000,27429.322762
2436.060853,1000,27466.305572
2516.814191,1000,27501.11233
2378.923744,1000,27537.990535
2385.064457,1000,27572.577668
2333.764242,1000,27609.316133
2525.859608,1000,27646.063546
2579.158704,1000,27690.107578
2476.121731,1000,27726.895759
2477.941808,1000,27763.938251
2444.322461,1000,27798.386768
2490.328183,1000,27835.273975
2490.586326,1000,27869.660194
2554.08109,1000,27906.252546
2645.066849,1000,27943.040922
2511.873128,1000,27977.681694
2425.780328,1000,28014.316303
2496.631849,1000,28060.499562
2266.846644,1000,28094.854304
2385.995998,1000,28131.718477
2153.686652,1000,28166.384628
2252.537184,1000,28203.109327
2412.599144,1000,28239.679654
2298.298239,1000,28273.987089
2458.810191,1000,28310.619891
2383.398364,1000,28347.187702
2647.499856,1000,28381.574492
2564.982965,1000,28427.989629
2567.657535,1000,28462.483668
2607.935929,1000,28499.357625
2539.905078,1000,28536.251367
2529.167512,1000,28570.638487
2569.148249,1000,28607.228434
2476.506904,1000,28646.685632
2429.987249,1000,28683.920551
2472.03874,1000,28723.109454
2513.354955,1000,28760.511635
2511.987226,1000,28812.081475
2480.52203,1000,28851.587219
2426.705329,1000,28888.698136
2363.866703,1000,28928.159111
2446.995166,1000,28967.492016
2444.544438,1000,29004.458553
2441.31399,1000,29043.923988
2353.659282,1000,29080.823462
2367.56827,1000,29120.092746
2445.851247,1000,29159.254356
2518.757006,1000,29207.527607
2389.722976,1000,29246.686073
2407.679445,1000,29285.969833
2341.820924,1000,29322.987065
2412.841414,1000,29362.155748
2444.19767,1000,29399.062054
2414.429161,1000,29438.065879
2482.627518,1000,29477.306683
2459.633772,1000,29514.159074
2393.389394,1000,29553.398227
2469.009028,1000,29604.25945
2464.869741,1000,29641.1473
2486.421049,1000,29680.276245
2413.162558,1000,29717.25095
2496.309123,1000,29756.583307
2395.409888,1000,29795.87468
2503.969663,1000,29833.046677
2446.320254,1000,29872.717804
2485.433942,1000,29912.589392
2460.971744,1000,29949.761446
2490.142867,1000,30002.297436
2406.460319,1000,30039.579247
2487.668696,1000,30079.323258
2484.064892,1000,30119.094807
2427.318818,1000,30156.603271
2396.933975,1000,30196.292637
2398.755122,1000,30235.680172
2302.134824,1000,30272.7305
2414.251914,1000,30312.271879
2431.15675,1000,30349.127604
2267.295252,1000,30400.740647
2449.445741,1000,30440.053857
2460.684742,1000,30476.983833
2480.552083,1000,30516.496991
2356.503632,1000,30555.908151
2453.042063,1000,30593.05535
2414.452479,1000,30632.322305
2538.631112,1000,30669.731922
2462.105873,1000,30709.016302
2364.230694,1000,30748.303329
2414.042073,1000,30797.784135
2479.40464,1000,30837.241987
2476.803911,1000,30876.348773
2467.506264,1000,30913.467151
2372.50094,1000,30952.879543
2490.623615,1000,30990.025432
2489.041726,1000,31029.328944
2488.083673,1000,31068.762496
2351.224937,1000,31105.93326
2426.155143,1000,31145.545358
2501.324231,1000,31197.265165
2396.273645,1000,31234.797421
2481.508327,1000,31274.584096
2434.789623,1000,31312.029544
2440.253471,1000,31351.846193
2482.064002,1000,31391.624961
2441.300969,1000,31429.394728
2485.360703,1000,31469.222219
2381.704984,1000,31508.944213
2475.675841,1000,31546.459332
2594.291684,1000,31599.342927
2608.643452,1000,31636.713341
2478.008114,1000,31676.534022
2476.5717,1000,31716.188059
2451.935108,1000,31753.751224
2468.537436,1000,31793.21257
2495.836254,1000,31832.873239
2516.493398,1000,31870.142159
2461.934546,1000,31909.643122
2303.049859,1000,31946.850162
2417.343186,1000,31998.522207
2022.361048,1000,32037.652598
2333.87866,1000,32074.79698
2404.959802,1000,32114.275748
2424.819381,1000,32153.622988
2457.382162,1000,32191.089002
2431.710711,1000,32230.457235
2509.745378,1000,32267.788797
2452.921807,1000,32307.233228
2478.310907,1000,32346.926075
2479.735738,1000,32396.613514
2456.387228,1000,32436.306597
2493.177056,1000,32475.886478
2463.213052,1000,32513.113836
2438.391427,1000,32552.401701
2468.711251,1000,32589.62662
2563.491495,1000,32629.37722
2490.602855,1000,32668.93576
2514.445253,1000,32706.159297
2439.156895,1000,32745.675781
2459.650805,1000,32797.273754
2574.268896,1000,32834.269864
2524.333088,1000,32873.889588
2523.809689,1000,32911.305728
2473.413501,1000,32950.80472
2497.974875,1000,32990.162658
2526.347331,1000,33027.678453
2451.66824,1000,33067.111151
2440.457202,1000,33106.875706
2386.263904,1000,33144.015419
2483.402189,1000,33195.253492
2521.742314,1000,33232.426737
2479.650295,1000,33271.94921
2433.338347,1000,33311.874135
2321.783178,1000,33349.415969
2545.321254,1000,33388.919566
2538.181866,1000,33428.661308
2512.604391,1000,33466.172262
2528.058795,1000,33505.609238
2523.911596,1000,33543.251781
2616.577844,1000,33595.285053
2637.680096,1000,33634.841882
2483.251794,1000,33672.050319
2507.205785,1000,33711.524446
2609.693333,1000,33750.910326
2638.842343,1000,33787.843258
2594.215199,1000,33827.309578
2630.294116,1000,33864.439162
2413.071597,1000,33904.143199
2459.566479,1000,33943.842086
2563.686016,1000,33992.926388
2662.684216,1000,34032.359355
2636.663574,1000,34071.592849
2536.915565,1000,34108.944752
2487.68464,1000,34148.318756
2555.261433,1000,34185.622888
2642.031256,1000,34225.181325
2549.693398,1000,34264.813986
2565.003478,1000,34301.960364
2547.468702,1000,34341.39793
2536.705419,1000,34393.311095
2570.29166,1000,34430.731115
2594.76708,1000,34470.386817
2558.997946,1000,34507.796259
2642.177738,1000,34547.373813
2529.940879,1000,34587.185146
2578.648138,1000,34624.624726
2479.583205,1000,34664.307194
2610.240327,1000,34703.868953
2650.991018,1000,34741.473908
2513.433875,1000,34793.476761
2644.20455,1000,34830.901766
2613.990266,1000,34870.649126
2493.79364,1000,34910.623534
2487.886947,1000,34948.226216
2688.030531,1000,34987.878233
2593.403006,1000,35027.630798
2738.858017,1000,35065.304295
2576.765433,1000,35105.254665
2577.801393,1000,35142.450817
2588.55973,1000,35194.444736
2639.431204,1000,35234.370333
2594.247079,1000,35271.669719
2538.843284,1000,35311.779582
2532.159621,1000,35351.348689
2631.72892,1000,35388.928277
2607.053667,1000,35428.81494
2607.183826,1000,35466.357458
2584.504094,1000,35506.050481
2517.886771,1000,35545.928533
2615.659647,1000,35595.927043
2623.25809,1000,35635.942828
2643.679538,1000,35675.761374
2599.682367,1000,35713.086364
2556.635726,1000,35752.836229
2625.165379,1000,35790.436624
2628.002927,1000,35830.198066
2490.016698,1000,35869.962634
2597.328277,1000,35907.579385
2459.922143,1000,35947.383007
2678.925749,1000,35999.171601
2506.155299,1000,36036.353078
2544.358695,1000,36076.083863
2583.541618,1000,36113.761434
2674.120096,1000,36153.789639
2697.245665,1000,36193.544501
2581.833408,1000,36230.84677
2530.973978,1000,36270.698466
2515.538214,1000,36310.691712
2423.083397,1000,36348.367151
2695.658161,1000,36400.454788
2699.292087,1000,36437.850357
2343.63948,1000,36477.831711
2654.745334,1000,36517.649679
2617.226272,1000,36555.176956
2639.445052,1000,36594.964262
2557.369191,1000,36634.855221
2616.990067,1000,36672.065262
2534.425948,1000,36711.59751
2630.773435,1000,36749.077292
2649.207084,1000,36800.882358
2683.999085,1000,36840.45282
2747.464343,1000,36877.678049
2647.57579,1000,36917.211956
2673.743281,1000,36956.815235
2733.716971,1000,36994.276838
2652.557744,1000,37033.903642
2662.54661,1000,37064.517718
2595.32774,1000,37090.527973
2594.680489,1000,37116.504335
2703.689879,1000,37148.189417
2718.387371,1000,37174.18932
2625.69879,1000,37200.194575
2548.412419,1000,37224.68407
2686.886382,1000,37250.86056
2574.205886,1000,37275.255822
2689.354816,1000,37301.368447
2653.584559,1000,37327.167589
2711.370958,1000,37351.497765
2663.867192,1000,37377.432289
2657.555454,1000,37410.475404
2695.857016,1000,37434.94269
2412.808928,1000,37460.719718
2602.265019,1000,37485.086686
2586.627771,1000,37510.939668
2488.65616,1000,37536.999556
2676.157378,1000,37561.416025
2732.908096,1000,37587.55843
2647.236245,1000,37613.40157
2612.916678,1000,37637.825169
2458.335127,1000,37671.232323
2746.586414,1000,37695.79945
2691.0338,1000,37721.947115
2658.433121,1000,37747.908843
2621.902022,1000,37772.31578
2688.19337,1000,37798.204546
2747.712313,1000,37824.274236
2453.683308,1000,37848.532247
2667.869832,1000,37873.998826
2708.935929,1000,37898.273492
