#{"t_start": 1625329485.3564706, "env_id": "Walker2DBulletEnv-v0"}
r,l,t
12.793605,10,0.094367
16.234271,12,0.11641
15.031333,10,0.138568
16.416746,13,0.160661
13.100375,11,0.181246
20.644974,19,0.213394
26.049,26,0.257233
20.245841,16,0.283733
17.62662,12,0.306558
14.414713,11,0.324894
11.624615,9,0.34061
13.542917,15,0.365753
17.010866,15,0.392277
14.696951,11,0.41069
20.485367,17,0.439856
16.288748,19,0.470556
12.73981,10,0.488509
16.484992,17,0.51677
21.157111,19,0.549154
11.733625,9,0.564495
18.425616,16,0.593131
14.044758,12,0.614085
12.904386,9,0.630552
21.775359,25,0.671645
18.13742,16,0.700027
16.235862,13,0.722213
20.18995,18,0.75304
20.441447,20,0.786495
21.079425,18,0.819395
15.772246,16,0.846628
16.465868,12,0.868122
19.387604,13,0.890218
14.91054,15,0.918297
11.825213,8,0.933226
22.249568,21,0.971703
12.557604,7,0.984886
14.498716,10,1.004185
15.221385,10,1.02202
17.065262,13,1.044485
18.343303,15,1.070148
16.014664,20,1.10732
21.066996,21,1.1433
17.815033,18,1.171037
14.749017,10,1.185268
13.833188,14,1.2072
15.76156,12,1.224775
14.731871,10,1.23877
15.53272,16,1.261288
18.063916,12,1.279246
17.13351,16,1.306707
15.028935,12,1.327456
15.583932,10,1.344318
14.926979,13,1.367468
14.594475,10,1.384278
21.287167,23,1.424941
25.25964,25,1.466526
17.688154,17,1.497543
19.979537,14,1.522313
20.241776,20,1.557221
22.452088,22,1.594674
15.22992,14,1.620531
15.561602,12,1.641813
15.854488,11,1.660025
14.694662,11,1.678982
16.777534,15,1.707268
21.740329,21,1.74417
16.000698,11,1.763876
15.970883,13,1.785812
15.011743,14,1.811973
16.97483,14,1.836467
15.412356,11,1.856255
19.958573,18,1.886794
14.458225,10,1.905853
12.875089,8,1.919725
21.222915,22,1.956747
17.343321,17,1.985072
22.507345,21,2.021334
19.965765,16,2.048377
17.00297,16,2.075782
14.155685,14,2.099907
20.454124,22,2.138269
22.540547,24,2.181369
16.498976,14,2.207923
13.232048,9,2.225148
18.431843,14,2.252002
13.036908,11,2.272205
12.557699,8,2.286214
16.241325,12,2.307954
13.767015,15,2.336024
13.750421,11,2.35976
21.602117,25,2.419463
16.518397,15,2.460668
20.126714,17,2.494467
18.887915,18,2.5253
12.931641,9,2.540962
16.063675,16,2.570108
11.381064,6,2.58384
20.786456,17,2.613281
17.291431,13,2.636719
11.87418,9,2.653703
15.056865,12,2.677277
17.52418,14,2.703462
19.410656,15,2.731005
19.512118,20,2.76485
18.606698,15,2.793117
15.170242,14,2.818345
15.846393,13,2.840607
16.939121,16,2.862989
18.097002,15,2.885332
18.591697,15,2.907884
15.798155,11,2.924443
19.189215,16,2.947898
15.473145,12,2.971228
14.665091,11,2.991061
17.626096,14,3.016961
15.814244,15,3.043633
13.561321,9,3.061154
18.380977,16,3.088644
18.850709,15,3.114146
18.555808,16,3.142235
19.174275,16,3.17142
13.866678,15,3.196153
15.103259,11,3.214478
16.799843,12,3.236307
12.069285,8,3.252237
14.094693,11,3.271401
15.071269,10,3.289154
17.108994,13,3.31131
15.704162,11,3.333876
17.923011,15,3.361201
16.663106,13,3.384146
18.448936,16,3.411459
15.854704,14,3.438485
13.121975,9,3.454336
19.708253,15,3.481254
14.785155,13,3.50382
15.410177,13,3.528054
12.01415,8,3.542478
13.115219,9,3.558924
13.515552,10,3.577027
19.496451,15,3.607127
13.657553,11,3.6266
16.15336,13,3.64918
15.146525,12,3.67042
16.880131,16,3.702501
15.72985,10,3.720934
15.047101,12,3.743102
23.550402,21,3.780427
13.844527,10,3.800764
18.508126,21,3.839928
15.701478,12,3.861583
20.315794,20,3.899634
11.752762,6,3.913015
19.184752,19,3.946779
15.909348,16,3.976384
19.713685,13,4.000813
18.567758,15,4.032135
13.459236,9,4.049943
16.649407,12,4.074435
15.54154,13,4.098801
12.233032,7,4.113973
16.925417,13,4.138504
19.277413,14,4.165424
23.15519,24,4.210702
13.022133,10,4.230582
17.888274,12,4.252515
13.874252,11,4.273631
17.67417,15,4.30249
16.576359,12,4.328581
17.068322,11,4.34997
11.819122,7,4.364038
13.512071,8,4.379315
15.34965,12,4.403443
16.649445,13,4.427724
14.893398,13,4.453195
17.237859,16,4.485415
16.973785,11,4.508464
20.562158,18,4.540602
16.17149,12,4.560555
15.516634,11,4.576939
17.591819,16,4.601667
18.439264,15,4.623633
17.902042,12,4.641258
15.848925,11,4.658271
14.291539,10,4.677132
15.78139,17,4.707982
23.178287,26,4.752201
20.278243,17,4.783251
20.130294,18,4.815796
21.257322,19,4.848908
27.754063,26,4.893961
14.595824,12,4.915404
19.061494,15,4.943995
18.051953,23,4.984715
15.143473,10,5.004222
20.422059,19,5.038675
22.406842,19,5.074966
16.982563,14,5.099642
16.699755,13,5.122803
13.635649,17,5.151082
10.708197,7,5.168037
16.14046,15,5.193814
19.09955,15,5.2198
15.095507,11,5.239079
18.002233,15,5.266474
14.441023,10,5.283423
16.588191,14,5.307161
12.743272,8,5.32158
19.705719,25,5.365552
20.342845,18,5.397201
13.811686,10,5.41448
14.213225,10,5.431414
20.855985,16,5.463458
19.550199,15,5.490979
14.219865,15,5.517961
13.166796,9,5.533579
16.208299,18,5.566138
12.752189,8,5.58181
20.422867,18,5.61416
29.831265,31,5.668611
19.299803,16,5.697946
20.04135,20,5.73276
17.198963,13,5.756052
12.044443,8,5.770573
14.389788,11,5.791866
16.834349,13,5.815798
17.102028,13,5.838784
13.2783,9,5.854556
15.363603,12,5.87699
16.341228,18,5.90943
19.256701,21,5.949087
15.733446,15,5.976661
18.580706,16,6.007052
14.038709,9,6.023015
12.424996,8,6.039286
21.118564,20,6.077062
14.74709,10,6.097501
15.414399,11,6.117879
14.78979,10,6.136819
16.759625,14,6.162489
17.749357,16,6.194907
19.364906,19,6.229944
17.7337,14,6.253536
13.737432,12,6.271479
12.095276,8,6.28615
13.972998,9,6.300301
18.639436,14,6.32157
14.95671,10,6.336077
14.207091,11,6.354385
18.217146,14,6.376933
11.5971,7,6.390356
15.709065,11,6.410184
15.797277,11,6.432883
14.997171,10,6.450529
18.872938,16,6.479177
23.166516,30,6.53517
22.646734,20,6.574442
14.250545,12,6.597284
14.182801,10,6.615686
15.943554,14,6.64206
17.636914,17,6.673907
17.980594,14,6.699582
14.36283,9,6.71596
14.753161,11,6.735272
15.350729,10,6.75617
18.57985,14,6.781643
13.65766,8,6.796633
20.245315,21,6.833137
11.17929,7,6.847568
16.323364,12,6.869902
13.596365,12,6.891656
19.225998,20,6.926859
14.487397,10,6.946347
13.070385,8,6.960723
13.832245,11,6.980872
12.917492,8,6.995636
17.180259,12,7.020293
16.305002,13,7.043745
20.518918,18,7.07557
18.504461,15,7.10359
15.498021,13,7.128172
14.400623,9,7.145431
15.80249,14,7.17026
17.193932,12,7.191135
15.025699,12,7.215036
15.688128,11,7.234525
16.302797,12,7.256282
17.911,15,7.282814
16.560722,19,7.317143
14.533515,9,7.333272
12.239969,8,7.347731
13.055218,10,7.366276
17.610807,15,7.394609
15.350503,13,7.417855
14.093688,12,7.439085
14.713034,10,7.458323
20.025782,27,7.506195
17.111428,13,7.529009
14.055724,10,7.547036
18.859268,19,7.583555
15.741474,18,7.615543
16.866889,13,7.637572
20.409281,18,7.669175
16.186169,14,7.693785
16.236924,14,7.719413
18.771616,15,7.744652
16.24903,14,7.768306
14.438426,11,7.788794
15.339696,13,7.813277
19.130457,21,7.850497
14.628766,12,7.872161
13.427962,9,7.88917
18.391582,13,7.914739
16.169683,13,7.935958
14.792977,11,7.951998
14.561796,13,7.970805
12.502866,9,7.985314
13.06466,7,7.996095
18.461161,14,8.01934
15.382375,13,8.040416
15.978764,14,8.066157
14.763252,11,8.087382
13.714377,11,8.10854
18.656622,16,8.13801
17.501814,15,8.167153
15.551834,11,8.1873
16.043162,14,8.211562
20.539826,20,8.247002
15.190791,11,8.269649
13.386711,8,8.285304
17.747701,15,8.312684
15.540465,14,8.337646
14.855167,13,8.363795
19.158215,21,8.400635
16.173562,12,8.423199
14.526939,15,8.450381
16.654944,20,8.489893
16.015691,12,8.511431
11.965518,7,8.524588
12.777121,14,8.549317
15.64918,12,8.573606
13.7807,10,8.592141
13.468285,9,8.609932
14.392867,11,8.629887
14.564296,10,8.649658
15.518888,13,8.671795
21.989133,22,8.709167
14.494049,13,8.732738
13.808819,11,8.754722
19.126811,18,8.785508
16.4827,14,8.80911
20.145497,18,8.840797
17.950356,15,8.868407
17.622139,14,8.892476
12.886956,8,8.906361
16.523447,17,8.934425
14.790244,10,8.953859
15.01832,9,8.969722
13.068694,9,8.985587
17.976296,15,9.011244
14.721256,10,9.030953
13.999206,11,9.051334
21.375328,21,9.086605
17.436119,15,9.111487
18.316074,18,9.145271
19.996248,23,9.186923
18.064153,15,9.214118
12.900272,9,9.229608
13.486345,9,9.247222
17.397991,13,9.269611
14.183624,13,9.292209
18.017765,18,9.322721
16.572381,11,9.343483
13.538499,10,9.360362
13.916413,11,9.379002
18.23489,20,9.411638
16.950171,15,9.43857
16.593858,15,9.463744
17.84589,14,9.487255
19.463915,22,9.524342
16.056475,13,9.547866
15.468768,12,9.569018
20.748927,17,9.596594
15.54027,15,9.621457
19.495456,20,9.648998
16.971922,17,9.67123
20.420566,18,9.694722
18.187823,15,9.71517
15.015856,11,9.73454
19.045217,19,9.766363
12.489279,9,9.781956
19.877402,19,9.815158
12.305085,9,9.832588
18.498889,20,9.866991
21.342889,24,9.909423
21.924446,20,9.94467
13.152338,11,9.965713
17.746728,14,9.99157
20.562717,22,10.032602
23.291846,23,10.073937
16.761672,13,10.10317
13.490562,9,10.122255
17.539167,16,10.154466
16.181491,15,10.181865
15.355951,11,10.204025
14.313155,11,10.224067
16.98103,17,10.255059
14.37912,12,10.276822
14.974867,9,10.297119
18.186887,18,10.330061
21.545947,18,10.364103
17.436443,16,10.39376
12.439497,9,10.412724
15.552333,13,10.437152
16.835605,16,10.465492
21.76017,17,10.496052
21.02756,18,10.530628
15.429258,14,10.555254
20.240075,16,10.58434
16.827765,13,10.608156
13.333141,9,10.62724
21.296319,17,10.658823
12.183411,9,10.675706
15.874989,12,10.698265
19.965291,20,10.735856
17.552713,17,10.767282
23.359129,20,10.803931
24.24785,37,10.872186
18.705532,17,10.905883
18.463974,18,10.93918
14.143015,10,10.958209
16.154782,16,10.987429
15.871509,11,11.010505
13.579141,11,11.031169
17.080846,15,11.05799
14.289044,11,11.078264
17.022159,13,11.103622
13.554578,9,11.120634
18.267177,13,11.143756
19.52428,16,11.173695
17.934956,17,11.207594
22.762057,20,11.245916
15.204443,14,11.271805
14.390046,10,11.290596
17.15943,16,11.321055
14.057757,10,11.339331
16.431793,14,11.364988
17.75271,16,11.393606
14.499281,10,11.413823
16.357638,16,11.442137
15.165876,10,11.460335
14.674776,11,11.480796
21.566388,18,11.514871
17.508709,17,11.545503
16.083313,11,11.566225
17.675274,14,11.592317
16.216292,11,11.616069
15.099053,15,11.64296
14.602504,9,11.658783
15.819724,17,11.687374
15.477102,11,11.708201
17.200436,14,11.733097
29.408177,28,11.780835
15.922648,12,11.802253
13.873065,9,11.821191
18.953403,16,11.851724
14.386672,9,11.868551
22.573677,23,11.909779
16.944466,12,11.933306
20.843867,22,11.975354
16.198215,11,11.996355
20.468151,17,12.027996
16.082975,14,12.055378
12.655098,9,12.072995
19.670901,18,12.106191
23.765675,20,12.143588
16.185986,16,12.174934
18.100193,18,12.20797
13.225614,12,12.229635
15.490276,16,12.258311
16.29363,12,12.283058
21.00815,18,12.317324
22.081059,18,12.352645
19.380847,20,12.390793
18.024502,15,12.421781
14.705007,9,12.440334
14.957452,11,12.461714
19.610183,23,12.5035
17.205759,14,12.531316
15.623614,14,12.556084
16.756317,12,12.578746
22.988369,20,12.6146
15.893784,11,12.635932
13.57699,9,12.652712
17.013666,14,12.67874
17.766185,16,12.708212
16.062473,12,12.733118
17.675743,14,12.758977
16.020273,15,12.787135
13.995168,13,12.814419
14.046792,11,12.837631
29.405615,25,12.883661
19.675855,22,12.925962
14.750091,16,12.957768
20.572647,23,13.005699
17.179686,11,13.027121
13.875465,11,13.049159
20.394624,18,13.084768
16.462193,13,13.111438
19.53661,19,13.147612
20.317259,26,13.197387
15.356286,13,13.221999
20.813523,18,13.25795
14.423831,10,13.277265
18.601121,17,13.310459
15.076908,14,13.336877
14.33572,10,13.359235
18.66637,15,13.388654
12.55745,9,13.406727
17.029629,15,13.437749
14.099743,12,13.464257
13.667192,11,13.487212
17.506023,19,13.524128
14.485371,12,13.548442
15.272428,17,13.58401
16.367252,12,13.607085
15.670419,14,13.634316
15.808585,13,13.659891
13.865587,11,13.685273
14.002991,10,13.706843
12.367753,8,13.723529
14.974321,9,13.741418
15.754115,13,13.768512
14.267422,11,13.789555
17.726527,14,13.816113
15.551841,11,13.83649
19.289088,16,13.867144
14.827086,12,13.887844
21.765069,21,13.924911
15.769696,10,13.943452
18.011182,16,13.972866
16.410824,11,13.992779
13.924127,15,14.021136
14.469467,14,14.048258
23.090859,26,14.101395
14.476578,17,14.136237
12.880618,9,14.155552
12.697178,8,14.171839
13.230222,15,14.203946
14.349597,8,14.220379
18.972794,19,14.255884
16.49318,12,14.279565
12.89745,11,14.303122
22.946491,26,14.353164
18.304183,20,14.39132
15.350578,14,14.418513
16.921543,15,14.450876
17.246038,16,14.482191
15.707986,12,14.505863
11.753949,8,14.521827
14.595183,10,14.544135
16.320059,20,14.582788
19.943263,20,14.625172
17.550543,13,14.651895
19.027256,16,14.686124
14.994415,12,14.710336
19.647013,16,14.741995
15.294614,12,14.766857
21.146471,17,14.80329
13.135096,9,14.822295
18.379216,14,14.852637
13.623684,11,14.874487
18.449013,17,14.911154
17.041471,11,14.93389
13.41582,8,14.950478
12.967754,7,14.96527
21.821068,21,15.008761
14.377577,9,15.028533
16.349808,14,15.056493
12.489861,8,15.072444
14.269411,11,15.095605
13.204044,8,15.112007
20.478073,20,15.148084
15.655654,10,15.166285
12.774803,8,15.183815
19.099553,17,15.215437
19.150786,21,15.253932
15.177402,17,15.284655
21.194354,22,15.325897
17.390754,12,15.350146
18.512906,17,15.381629
17.997137,14,15.40806
16.10426,12,15.43257
20.741628,18,15.465302
16.906905,17,15.496176
23.075526,29,15.547395
18.05297,15,15.577024
12.854272,9,15.596132
18.828825,15,15.624073
13.229644,8,15.639682
11.966343,7,15.656805
17.33797,12,15.680124
15.412434,13,15.704688
13.6733,9,15.724549
13.288906,9,15.744187
17.390971,17,15.777049
20.137999,19,15.813665
16.067481,15,15.842492
15.092114,11,15.866606
14.473538,9,15.884507
20.329349,22,15.925155
11.177115,6,15.937312
20.843048,17,15.971256
16.375539,10,15.990539
21.805225,21,16.03319
22.228786,19,16.067869
23.196288,26,16.115513
16.685332,15,16.141798
18.220195,19,16.17383
14.18361,9,16.189871
15.360809,12,16.213798
18.566431,20,16.248962
16.242927,15,16.279043
13.401702,8,16.29549
17.244482,12,16.321186
16.970028,14,16.35048
15.447249,10,16.370297
15.049143,11,16.393034
16.578176,12,16.419335
28.979149,30,16.479707
17.104447,13,16.505406
17.122485,12,16.529912
20.39929,22,16.575521
17.709978,15,16.606063
17.189465,15,16.635426
16.000926,16,16.667608
17.722508,15,16.699111
20.431772,19,16.735875
19.603599,16,16.766857
13.982922,10,16.787023
18.151215,18,16.824194
12.941524,9,16.842351
12.359845,7,16.856636
19.274964,22,16.898532
12.524123,8,16.916144
14.491164,11,16.937215
14.69052,10,16.956316
18.339975,19,16.991336
14.052873,20,17.031743
12.052082,8,17.048182
15.013097,10,17.06895
15.367968,12,17.091367
12.980145,8,17.109893
22.027098,22,17.150938
14.829757,13,17.175193
17.824175,15,17.203935
21.32659,20,17.244421
14.337454,9,17.261649
18.509381,15,17.288238
22.293947,20,17.324628
14.798919,9,17.343175
15.869412,11,17.364521
15.014195,13,17.38891
13.979868,11,17.409988
18.246642,17,17.444108
22.835325,20,17.482156
14.280082,11,17.503195
16.39892,11,17.523857
16.591446,15,17.554189
10.975736,6,17.566312
17.886776,21,17.606272
22.37227,24,17.650807
15.777686,13,17.678084
16.773157,19,17.713248
14.767386,11,17.7352
21.489067,22,17.778842
23.408179,24,17.82596
20.594499,16,17.856599
16.436258,17,17.888735
15.921612,12,17.912008
17.855963,12,17.935983
21.706306,23,17.979242
18.758823,16,18.009699
13.422757,8,18.025809
14.870586,9,18.04654
13.035307,10,18.066219
17.943294,14,18.093858
13.244816,9,18.111942
11.068474,8,18.129558
18.219455,17,18.16243
16.66316,13,18.187542
13.30027,8,18.203752
22.687121,22,18.247831
13.439763,9,18.265449
16.459186,13,18.289267
18.269335,14,18.313387
22.130684,20,18.34954
21.078786,26,18.394197
11.577859,7,18.406884
14.034946,9,18.42299
12.95935,10,18.44186
25.156705,27,18.490284
18.441145,20,18.52831
21.385416,22,18.569931
17.272307,17,18.604789
38.133494,31,19.136849
29.319317,26,21.242437
13.763559,13,21.276443
14.17034,13,21.324051
13.668091,12,21.354994
13.287951,12,21.384835
47.288911,80,25.645277
12.043567,11,25.68708
11.826672,11,25.718331
12.866516,11,25.749548
12.842727,11,25.781176
12.031364,11,27.794426
9.522654,10,27.821909
10.294107,10,27.848032
9.954803,10,27.874608
10.114642,10,27.912068
8.784568,10,27.938718
10.046822,10,27.964864
9.105459,11,29.993961
11.825429,12,30.037171
12.471579,12,30.072785
12.968472,13,30.110905
11.85734,13,30.148377
11.672814,10,32.206934
12.282943,10,32.234654
11.188492,10,32.262858
10.995892,10,32.289891
11.343254,11,32.329789
11.760197,10,32.357591
10.268705,12,34.43992
15.33957,16,34.48423
13.683509,14,34.533639
13.873513,14,34.572595
14.059113,14,34.610404
18.77296,67,38.872756
26.146163,68,40.908611
10.969899,6,40.920729
10.907206,6,40.932592
9.974513,6,40.944453
11.071191,6,40.968353
10.47105,6,40.980323
10.630937,6,40.992421
10.641062,6,41.004867
10.877745,6,41.019277
10.014594,6,41.032499
10.344824,6,42.962551
84.323809,72,45.123039
14.504511,12,45.165509
14.253009,13,45.192379
15.907058,14,45.22092
14.232984,13,45.247339
62.544341,68,49.552769
16.503788,19,49.596165
19.623201,21,49.645386
54.547494,80,52.698662
86.874784,148,63.672631
4.5425,53,66.736294
67.366337,72,69.725733
50.800383,59,73.225468
43.504976,61,76.550295
14.750805,37,76.658277
31.214118,130,84.028581
67.742947,86,87.914024
104.762779,147,99.417156
50.864172,58,103.307767
52.887155,72,107.066458
31.656964,30,107.172536
85.590444,83,115.395063
9.930463,60,118.89397
59.877452,76,122.881196
73.172864,112,126.925978
50.34116,61,130.82591
72.799828,127,138.568647
14.072578,64,142.435443
14.121437,53,146.296917
11.39514,48,150.382671
15.581249,55,154.407265
71.914625,75,158.09039
66.993743,51,162.066983
18.045869,50,165.915437
30.756724,75,169.569791
106.50904,118,177.926457
29.319111,66,182.362972
109.432998,94,186.93356
30.05321,42,191.337816
90.104803,104,195.797844
108.749851,95,203.503817
83.961412,72,207.653124
65.511307,66,211.566046
40.481957,48,215.229802
72.299534,69,219.323345
25.333821,27,219.412729
31.067827,88,227.141367
44.82273,46,227.339044
63.855826,159,238.426251
114.527253,132,246.355454
10.382961,55,250.173042
19.018078,58,253.998207
30.007306,52,254.208
80.982259,79,261.799984
78.262232,73,265.614486
59.593259,71,269.712566
45.317502,96,273.786192
43.46943,81,281.502939
74.30347,64,285.529981
195.277892,302,301.04923
32.715741,59,304.636544
78.868971,74,312.183442
65.233548,57,312.458235
31.394516,79,320.172854
33.640912,68,323.908588
48.272458,74,327.952867
58.555171,61,331.687472
21.217833,119,339.365131
131.753044,167,347.243271
76.496928,120,355.137917
23.131675,55,359.04468
66.988573,75,363.151284
31.535338,84,370.610896
35.310603,75,374.508368
32.95533,58,378.61935
93.67993,82,382.469715
82.064515,65,386.455488
107.651497,93,390.61202
42.424593,109,398.553031
25.488647,66,402.599958
14.152034,73,406.365316
161.399757,289,426.052121
30.039478,70,429.716659
64.262065,69,433.282645
91.36135,86,437.356339
69.975585,62,441.320618
67.501291,58,444.991943
82.160518,65,449.003282
77.064723,71,452.692126
78.352279,62,456.857501
89.3893,76,460.807704
27.772459,82,468.977488
42.916222,111,473.058149
80.791698,72,480.511162
151.886834,134,489.068625
100.526226,81,493.76041
36.782613,86,498.502235
105.794222,83,507.412485
97.27505,76,511.76201
96.539263,87,516.367583
87.638759,130,524.721365
82.608274,66,528.819187
73.989814,62,532.748424
72.160317,58,536.972043
119.039966,107,544.749921
74.092924,63,548.901687
103.608266,96,553.127681
81.758823,74,557.358892
70.408117,116,565.359782
41.241342,44,569.202566
140.067886,125,576.89293
35.228047,62,580.851535
74.57691,78,584.796725
246.08995,319,604.548817
20.836894,77,609.742844
67.973957,53,613.295764
79.371792,177,624.321275
57.953424,58,628.287403
67.05883,61,632.107048
110.288656,94,636.489538
85.51787,83,640.607874
82.42939,72,648.519898
58.300677,86,652.707055
26.062549,32,652.907084
54.550243,54,656.859852
64.918788,54,660.574727
46.236255,47,664.557549
27.859514,37,664.652338
25.771031,41,668.493262
36.420269,48,672.316402
79.529668,77,676.192616
13.670628,14,676.252034
30.833012,43,680.186783
15.236537,16,680.253027
23.58399,43,683.992122
30.239908,44,684.143869
49.386754,67,687.952323
27.491433,37,691.900015
22.653678,40,695.460274
92.927223,76,699.369359
86.031886,72,703.13508
75.079226,72,706.939536
97.331421,87,710.847709
10.163877,95,718.363353
67.710079,55,722.056962
76.634456,65,725.723688
11.678681,68,729.722802
33.911081,138,737.564481
77.698315,68,741.654577
73.170496,54,746.048396
131.166796,118,754.699274
65.514989,57,758.518844
86.399788,73,762.174141
84.942722,78,766.061639
65.768968,53,769.661352
84.62046,76,773.257474
778.535472,1000,835.917202
217.91356,301,851.877832
69.135016,58,855.823045
35.46728,138,863.654944
102.912735,85,871.532284
101.446615,97,876.315361
85.041118,73,880.267287
125.414266,217,896.10933
114.808185,104,899.874089
85.246136,70,907.006299
533.105481,693,945.551268
59.645519,49,949.383832
179.653882,300,968.289064
78.83148,79,972.276353
91.399439,82,976.18491
57.815016,45,979.922513
80.454475,59,983.496507
79.590112,61,987.221592
116.830794,96,991.072333
79.017772,66,994.767731
113.672782,107,1002.192088
81.241619,61,1005.895219
91.416961,80,1009.816452
73.996406,58,1013.919525
328.310957,391,1037.815771
93.614185,68,1041.938632
22.48556,88,1049.703966
32.477054,79,1054.083605
25.502666,95,1061.882582
79.579038,73,1065.423502
105.010014,104,1069.366404
23.619043,73,1073.233757
143.347121,134,1084.550771
80.536811,91,1088.483365
74.747832,60,1092.329643
164.327182,174,1105.867998
116.781647,122,1113.929602
217.223071,280,1129.801136
116.577645,110,1138.065401
77.092959,68,1142.220654
74.470299,97,1146.476097
14.197941,61,1150.372538
77.841004,73,1154.523216
107.3755,135,1162.834186
95.046591,107,1170.815689
117.539103,112,1178.596789
138.447973,149,1186.539772
96.570573,100,1194.306369
87.222075,77,1198.335189
27.077266,32,1198.538967
20.452326,22,1202.180035
91.68251,78,1205.993235
109.374369,98,1209.950838
94.380934,86,1217.969181
84.262297,68,1222.411412
87.10024,78,1229.113687
81.400693,71,1233.743622
69.983476,55,1238.249982
80.807285,81,1242.792687
153.199267,165,1256.399267
143.030159,130,1264.095063
105.186497,86,1267.505798
84.335441,76,1271.81392
81.620487,75,1279.570701
53.697308,104,1283.784287
94.190521,93,1291.49546
167.229487,210,1302.950695
93.508151,70,1307.071689
96.427717,87,1311.104187
100.661397,80,1320.092071
77.018955,72,1324.703136
119.467712,121,1333.717664
107.224915,94,1338.28342
561.201596,741,1392.788656
73.817535,70,1397.316046
85.177007,113,1406.473339
38.201638,89,1411.109729
108.186018,173,1424.245136
114.639142,99,1428.226067
91.879837,80,1435.80031
278.696183,308,1451.657445
86.523949,72,1455.61109
147.344259,148,1467.341475
84.295069,75,1471.088888
78.567119,63,1475.017575
125.431348,138,1482.86261
114.023767,110,1490.456025
66.042404,64,1494.346481
113.433714,192,1506.405097
203.752608,228,1518.110348
74.564742,60,1522.144648
98.643056,92,1529.818875
108.637476,98,1533.69153
75.377062,66,1537.770983
94.876396,79,1545.318944
61.98892,99,1549.349129
105.398057,90,1556.930806
111.499045,95,1560.889726
157.502426,164,1572.360487
54.688903,130,1579.960735
77.046492,65,1584.087575
200.910949,394,1607.189241
111.196399,103,1611.322642
150.960356,153,1623.026566
129.881627,122,1630.497783
25.475953,73,1634.314942
107.378039,209,1645.694873
88.110938,70,1649.237467
104.052448,91,1657.116889
80.546851,63,1660.963006
112.882093,93,1664.79273
80.429513,63,1668.601324
94.039497,78,1672.382559
26.716755,32,1676.107494
190.775758,299,1691.296099
81.418066,77,1698.793783
96.273512,80,1703.003304
109.057162,105,1706.733795
87.187089,81,1713.849363
99.042175,89,1717.528915
90.564126,76,1721.652902
74.608796,55,1725.652013
83.602121,191,1737.182914
85.544256,75,1740.908612
140.482767,230,1756.774002
89.688271,80,1761.482162
86.326877,97,1770.171714
41.220102,78,1774.664428
122.089736,155,1782.87465
116.183121,106,1790.526515
69.359428,56,1794.419704
109.148854,93,1798.577487
128.173698,118,1806.272736
136.936364,118,1814.239111
91.734611,74,1818.04496
70.723883,114,1825.575768
122.376261,107,1833.073404
108.091556,93,1836.964088
97.562456,87,1840.957725
94.569691,83,1848.242414
85.323055,70,1852.154433
71.508304,122,1860.917461
120.500796,107,1865.237875
113.584415,91,1873.045708
27.341423,69,1877.6278
91.294484,72,1882.253316
104.09621,83,1886.930694
105.315845,83,1895.612227
140.130926,122,1904.387587
72.709688,60,1904.635606
176.897505,161,1915.754905
28.609956,73,1919.654807
80.212231,105,1927.111133
113.528079,106,1931.267322
222.380634,185,1943.240135
212.940668,233,1958.727109
90.648652,73,1962.384219
93.456678,75,1966.387067
107.552138,96,1974.223032
79.573302,66,1978.004817
145.759778,130,1985.513003
129.041819,112,1993.161835
166.215967,148,2000.988791
117.806889,103,2008.594427
102.462155,91,2012.617352
88.228286,71,2016.675256
216.883141,254,2032.477513
96.630924,79,2036.624471
101.740509,79,2040.524046
109.328587,88,2047.737814
140.216702,129,2055.547507
111.828224,96,2059.754446
75.51675,124,2067.418267
125.144653,106,2074.999121
50.783658,107,2082.601068
78.440309,60,2086.551607
143.596746,160,2094.525977
133.143733,126,2102.081158
108.116936,96,2109.83701
113.000587,96,2113.705847
76.166471,58,2117.413461
92.27848,78,2121.585475
216.71401,214,2136.953242
34.534829,72,2141.115884
221.067396,198,2152.615329
83.581836,158,2161.123985
89.182896,66,2165.661703
102.022847,88,2174.373414
223.125471,206,2187.802112
134.656615,113,2196.586473
220.536412,221,2210.123925
88.85449,65,2214.795239
178.95243,151,2223.882976
82.266577,72,2232.691005
105.756429,85,2237.242954
91.185384,74,2241.693697
107.546413,103,2249.423445
106.161815,96,2253.642541
82.555085,69,2257.714648
129.025169,115,2265.525722
164.369056,150,2273.122351
100.568315,99,2280.814822
118.286537,101,2285.090554
39.633523,99,2293.061059
113.830367,99,2300.728631
105.965769,83,2304.83264
133.185465,118,2313.106912
168.972427,158,2321.374027
109.562412,88,2329.971795
103.007068,91,2334.505598
41.67882,107,2343.049411
159.250763,147,2352.218355
80.016985,72,2356.284945
138.135906,126,2363.962831
118.720086,107,2371.762996
115.501098,107,2375.855477
91.937207,71,2379.855915
131.42586,113,2387.334344
134.411297,117,2394.758642
178.802452,149,2402.880498
172.215885,152,2414.122974
75.657393,59,2417.863732
71.398086,57,2421.536044
163.734429,152,2429.594133
112.405168,103,2437.242119
92.424556,81,2441.611675
115.296043,100,2445.920359
112.61774,95,2453.803525
138.348586,185,2464.855779
110.461493,95,2468.681735
96.640448,80,2475.955152
80.837671,64,2479.731837
139.193915,124,2488.90042
123.831682,115,2496.549468
98.146608,78,2500.21838
94.38283,80,2507.705396
99.415004,95,2512.33895
114.671215,101,2521.054227
149.176928,134,2530.140434
98.780981,81,2534.855498
178.285902,155,2547.974141
99.568945,84,2552.571485
110.955417,93,2557.166076
117.064113,93,2564.344772
99.86673,79,2568.310931
166.011475,153,2576.53154
111.662252,92,2584.350834
191.294156,184,2595.822389
184.286649,178,2607.697223
154.325547,128,2616.009406
137.054874,124,2620.374754
121.902404,112,2628.455994
80.922673,66,2632.485118
112.099077,87,2640.735528
158.867472,131,2648.254376
90.602163,67,2652.174588
112.130347,103,2656.229186
173.554502,156,2667.846414
91.446255,80,2671.810247
135.404442,114,2679.746284
110.389346,89,2683.814075
106.755677,85,2687.771126
202.309685,174,2699.66622
92.618613,72,2703.558358
157.888981,120,2711.2679
147.525653,118,2718.791386
118.793214,100,2726.300655
110.710422,94,2730.457136
124.38752,102,2737.880247
63.448002,107,2742.527807
60.68508,94,2751.73889
306.672954,342,2774.656256
126.450128,111,2782.920061
157.645679,127,2790.328958
110.294922,97,2794.314687
822.899117,1000,2855.906846
145.130663,142,2863.426822
99.605685,78,2867.383759
121.185223,91,2874.977821
77.200905,62,2879.314141
86.776537,67,2883.870731
277.183574,253,2900.878008
217.386388,188,2912.791879
714.552493,1000,2971.652446
129.994766,103,2979.19934
89.872023,74,2983.381899
114.771243,111,2991.331295
304.531317,282,3007.16796
193.319352,161,3018.444101
114.480629,92,3022.754506
108.816268,86,3030.066012
49.58672,84,3034.414224
127.906788,101,3038.775823
107.826297,92,3045.842477
75.44453,66,3049.743133
102.394784,80,3054.018851
120.434061,108,3061.225355
110.70058,91,3065.143721
88.415557,63,3069.134655
140.560138,113,3076.880189
228.867305,208,3089.092554
73.798698,61,3092.970506
53.701102,86,3100.695391
199.637917,184,3108.97184
95.848328,68,3122.33309
87.117208,72,3126.228992
109.317826,85,3130.196192
102.906146,81,3134.014393
119.918511,94,3141.714161
83.293301,66,3145.729198
305.164349,306,3164.844875
36.825126,28,3165.011062
877.833312,1000,3226.723326
159.277042,126,3234.451051
125.638323,102,3238.509993
273.137423,243,3254.165934
46.121393,98,3261.681324
147.194213,113,3266.124091
227.937574,200,3277.997592
137.023978,102,3285.962271
81.157403,58,3289.678194
108.161804,82,3293.884277
84.475881,67,3297.76877
159.289989,128,3305.264296
76.258303,62,3309.167841
128.383182,93,3316.709535
116.689376,88,3320.846738
85.289273,66,3324.815542
165.550417,123,3332.457295
81.892781,69,3336.541693
513.69786,527,3367.265764
79.843983,59,3371.318497
106.045811,77,3375.197717
71.981329,56,3379.186504
75.811532,60,3383.119134
91.211464,70,3386.971834
845.176929,1000,3450.207092
48.293054,92,3454.371778
887.060147,1000,3518.216703
108.018462,84,3522.11143
59.307208,62,3526.25147
117.790071,99,3533.826607
72.436145,60,3537.746092
115.372826,93,3541.839448
799.937047,1000,3608.26053
80.526671,69,3612.093871
125.666425,94,3616.307243
142.667031,114,3624.098449
107.355589,90,3631.718402
376.028121,401,3655.599365
141.268413,109,3663.123005
119.616161,100,3667.325234
240.578954,217,3682.757985
174.443636,150,3690.646342
142.3945,114,3698.415594
117.777586,101,3702.41825
74.164062,61,3706.487754
144.256886,115,3714.084671
903.440477,1000,3787.544362
79.655539,62,3791.654199
155.550968,116,3795.845402
136.767731,108,3803.806601
152.177634,127,3811.465998
95.355108,69,3815.830789
237.694052,213,3829.862221
33.634279,103,3838.965896
127.374177,100,3847.934439
295.881915,285,3866.504136
939.883925,1000,3935.554718
287.481105,272,3951.727565
101.004253,81,3956.190971
84.162526,63,3960.217286
153.015149,127,3968.517795
24.004956,72,3972.528127
848.847633,1000,4038.13294
902.955926,1000,4102.680498
85.333531,84,4107.476942
119.446283,91,4111.624895
37.100191,33,4115.625102
886.00494,1000,4177.082034
102.797393,76,4184.907738
111.191637,93,4189.16188
211.244613,216,4203.488315
89.152163,73,4212.544066
117.247823,92,4217.225881
77.111529,60,4221.73321
871.103635,1000,4291.629312
105.43164,79,4295.933655
841.719267,1000,4357.603303
95.405881,72,4365.40266
123.427081,96,4369.490122
67.586476,52,4373.921391
123.289528,93,4378.747253
117.703612,120,4387.99537
92.961087,81,4392.892204
761.143114,948,4468.545509
91.704561,66,4472.642069
112.430678,87,4480.971297
191.761095,170,4488.792015
72.173355,52,4492.858507
199.745804,187,4505.182976
123.088398,99,4513.538642
95.180464,69,4517.601658
161.377754,156,4526.061558
103.464489,84,4530.187386
177.363844,149,4542.575344
100.583107,74,4546.664543
139.171957,105,4555.065373
47.933299,103,4559.495307
230.275724,209,4572.049561
166.394727,131,4580.891548
138.21245,128,4589.416386
112.097794,83,4598.00326
187.799779,163,4606.52929
107.052881,94,4614.94242
129.226263,103,4619.150427
145.047786,122,4627.448445
92.465934,67,4632.01344
356.084697,289,4653.122561
120.191988,100,4657.371082
912.641246,1000,4724.901364
39.562256,93,4733.545721
922.186935,1000,4794.796347
40.159123,37,4799.106048
39.804666,36,4799.276497
967.454481,1000,4866.839764
64.534625,61,4871.000809
133.945719,115,4879.434335
125.493835,126,4887.859572
176.866033,188,4901.730536
78.190602,59,4902.069765
127.287642,113,4911.062563
125.09048,120,4919.295233
762.719483,758,4967.874775
124.821218,96,4972.277129
96.782775,74,4980.566333
904.167448,1000,5046.278529
140.194778,119,5055.99468
164.543624,128,5065.540432
983.8391,1000,5144.154927
73.162953,57,5148.58898
142.329999,130,5156.937182
100.588283,78,5161.101814
95.535993,76,5165.287217
108.861444,110,5173.39137
180.161095,165,5182.241094
173.471646,150,5194.790143
97.818137,77,5199.233057
31.677444,32,5199.371848
82.231858,67,5203.523751
176.048377,137,5215.774737
63.975957,57,5215.980868
127.128717,107,5224.31614
95.567796,74,5228.451655
228.314715,196,5241.059618
88.015693,71,5245.475592
77.672889,59,5249.562367
36.460978,74,5257.835876
42.441096,31,5257.932992
85.532594,71,5262.389539
865.750726,1000,5328.003425
95.434308,66,5332.06122
852.049804,1000,5399.888107
213.997035,202,5416.870807
282.743737,251,5433.91939
152.5048,108,5438.502051
926.973545,1000,5506.893293
132.023483,97,5511.169247
733.987193,1000,5577.59465
45.320161,36,5581.937088
37.785932,31,5582.068446
50.969633,47,5586.136487
88.512165,78,5590.354851
91.622129,64,5594.62547
866.757836,1000,5663.02441
95.781206,85,5667.47483
101.995273,75,5671.950975
90.557763,73,5676.508011
735.736887,1000,5747.912441
121.437896,99,5752.450795
50.166024,116,5766.137405
167.14174,139,5774.974937
90.042005,70,5779.275154
341.913041,323,5805.051411
138.074202,110,5809.31609
274.807889,283,5829.842053
95.197872,81,5833.981206
107.092501,91,5838.654923
188.637624,167,5851.906023
290.778916,226,5868.616682
630.196543,542,5901.996997
20.711609,14,5902.033279
175.588467,134,5910.391191
187.524602,129,5918.504515
180.872559,134,5926.833944
847.689524,1000,5993.576243
613.601747,623,6040.710918
277.512598,258,6059.13718
186.104829,186,6071.017299
248.475185,198,6083.568621
104.30195,83,6087.408436
680.011471,1000,6153.848884
810.497446,1000,6218.411141
835.78558,1000,6284.576496
102.635534,78,6288.886711
859.052653,1000,6358.280606
596.363648,472,6390.771814
145.356617,106,6399.273232
272.583668,226,6412.285563
73.653157,65,6416.900163
681.485068,1000,6496.421849
580.403673,717,6544.82927
286.792667,230,6564.174163
118.386564,91,6569.184
768.70634,1000,6643.086132
364.512783,282,6660.11682
56.815246,49,6664.111343
112.352417,93,6668.262052
746.849133,1000,6739.103409
668.219911,655,6787.762572
78.739436,69,6792.664793
104.8693,75,6802.508816
43.270009,38,6802.676349
601.787857,675,6855.712401
205.677703,165,6864.254733
81.906012,64,6868.474066
897.864044,960,6931.868659
108.028528,74,6936.696916
172.188419,161,6950.611475
1115.64025,1000,7018.07524
195.747798,146,7026.744958
19.353608,17,7026.895378
321.091744,290,7047.203472
676.138234,1000,7108.379123
128.718196,104,7116.393587
273.958431,220,7128.633301
464.389803,476,7173.172049
833.745805,1000,7237.38736
243.154679,208,7253.512098
115.643942,85,7257.937454
164.067187,133,7266.16009
94.17671,87,7270.524122
83.940449,77,7278.722983
65.984975,63,7282.875818
72.335021,59,7287.204006
66.278676,56,7287.322935
72.049589,66,7291.428174
996.802431,862,7354.807719
888.235484,896,7422.784289
110.818149,88,7427.92363
77.922608,58,7432.751464
82.591611,79,7437.430776
174.968612,167,7449.722425
213.301466,171,7462.702981
89.619057,69,7466.752368
700.347656,1000,7530.358061
501.726817,489,7563.335362
106.667932,80,7567.596412
701.262922,1000,7633.471786
88.167305,76,7637.526015
271.342694,238,7654.044204
778.196858,1000,7717.317245
238.377131,191,7730.620414
205.499694,172,7744.916538
309.527816,230,7764.23409
358.889699,380,7792.927491
89.064082,70,7797.781051
563.400349,605,7844.123262
714.060332,731,7897.676005
314.45247,237,7910.362187
563.648319,697,7957.331266
302.001398,254,7974.517102
803.904753,1000,8041.948433
793.990052,1000,8112.096621
178.859489,151,8126.134329
842.447403,1000,8199.076752
951.408982,1000,8268.839493
107.849269,82,8273.795436
154.69598,99,8283.341982
806.089424,1000,8360.770763
230.821104,171,8369.633041
137.077444,95,8378.133294
849.510985,1000,8442.21327
119.052571,95,8450.468438
846.275711,816,8505.900002
622.980158,627,8558.307419
968.270938,1000,8626.83551
377.612454,341,8647.194925
115.9555,95,8655.473628
330.729003,304,8676.210843
160.975263,135,8684.298545
323.170057,380,8709.504015
967.438577,1000,8772.5414
125.393593,109,8780.653973
144.094044,112,8789.024072
679.742397,1000,8854.995215
148.478345,114,8864.347754
1011.239868,1000,8941.799845
171.126294,126,8949.920651
384.125813,313,8971.296163
146.816459,116,8975.596737
183.737753,160,8987.940247
278.246231,221,9000.206755
129.134643,98,9008.705984
120.000329,88,9012.877524
376.968895,371,9037.963238
410.378852,326,9058.699724
241.385541,176,9070.828561
333.343456,248,9087.200284
117.055428,90,9091.590489
153.356042,108,9099.791164
228.935653,175,9113.927172
476.147508,477,9145.785908
637.435616,1000,9211.000002
130.040851,100,9221.076339
666.831877,1000,9290.672587
64.486027,64,9295.380719
266.236556,216,9309.573459
154.73418,116,9319.021868
153.282259,103,9328.234259
142.609255,109,9332.603837
176.063215,134,9340.81716
806.500319,1000,9407.374283
271.249118,183,9419.978996
153.247387,102,9424.327624
941.139119,1000,9491.203815
797.514717,1000,9558.786989
307.067665,243,9576.607557
891.690146,1000,9645.403674
220.313879,163,9657.494395
589.589928,638,9698.986347
735.298678,1000,9765.959905
333.80376,237,9785.372106
1167.936135,1000,9861.93197
244.81388,185,9876.197395
305.024509,237,9890.955687
1029.498687,1000,9987.307758
1304.092871,1000,10059.975539
263.022327,236,10078.279756
361.30788,310,10098.525293
1108.686943,1000,10165.87925
1001.516549,1000,10229.718692
928.896064,1000,10306.834231
781.270284,1000,10376.918407
132.427875,113,10381.170247
375.736791,466,10419.093468
1056.367969,1000,10481.890515
1268.711166,1000,10549.279078
1194.314623,1000,10612.615625
897.727148,768,10677.736537
991.178875,1000,10745.507715
1243.647019,1000,10813.566183
292.347844,243,10826.219263
378.822374,309,10846.777109
680.684994,556,10884.89387
993.463945,817,10939.702131
343.857436,268,10957.622317
133.276176,113,10966.216458
93.044555,81,10970.292211
591.987722,476,11000.41959
1248.728046,1000,11068.694079
690.470632,498,11102.950047
202.232531,160,11111.191229
1071.984912,961,11176.994196
182.988563,134,11186.588798
853.586803,1000,11260.52741
923.980147,1000,11337.457796
859.876316,1000,11400.459326
51.288494,45,11404.609172
722.433723,537,11439.593709
625.553666,482,11473.837003
876.792763,932,11533.746015
41.203955,53,11537.912287
1035.735311,1000,11607.142911
152.794686,107,11615.675296
1114.868869,1000,11685.29143
63.727956,50,11690.074569
997.422581,1000,11764.131753
1050.779078,1000,11832.587128
1006.23929,1000,11905.372131
93.558271,72,11910.225326
960.286791,1000,11988.452411
1237.858238,1000,12080.801835
1307.022013,1000,12156.518979
272.160238,198,12170.635179
136.231236,115,12180.232938
408.947523,292,12198.197556
838.590017,877,12262.385428
131.764519,99,12271.740478
206.966392,145,12281.445511
1002.255345,1000,12354.753986
1274.11808,1000,12433.169335
738.224561,612,12478.227018
1084.094803,1000,12546.071898
1214.239753,878,12604.17844
1305.832935,1000,12670.764233
747.924747,829,12725.727053
1177.336496,1000,12809.151633
1132.532279,1000,12875.483222
269.378178,177,12888.157495
617.44476,444,12917.843409
628.675024,463,12946.880364
739.029866,1000,13011.182028
166.079331,109,13020.249496
77.719797,68,13024.587192
858.47714,1000,13090.591337
183.931036,132,13098.781484
1341.9246,1000,13161.401409
80.406615,65,13169.806667
233.681822,174,13179.442981
17.419647,14,13179.523478
212.790516,169,13192.408344
959.061915,679,13239.121411
1120.348189,1000,13301.505664
86.566134,59,13305.624061
629.315208,489,13337.947004
1068.768308,1000,13405.642188
1373.663628,1000,13486.901406
634.03116,481,13519.820431
968.439392,665,13561.497341
355.820191,391,13586.50898
1390.202762,949,13649.131457
876.605223,623,13690.480721
1414.513915,1000,13754.202151
1376.375864,1000,13823.32327
1417.925265,1000,13893.655124
1416.34378,1000,13957.776564
750.075321,1000,14025.283208
919.120387,1000,14090.671068
1453.058709,1000,14183.715901
502.285281,495,14216.291468
1357.771201,964,14281.709731
347.626574,270,14300.722399
1415.459216,1000,14369.434033
958.816148,641,14410.71453
1447.567207,1000,14478.298761
1047.588703,1000,14552.114396
1266.784485,892,14611.639617
1465.580528,1000,14678.986287
1484.077541,1000,14742.663902
1471.944746,1000,14829.120198
1421.348133,1000,14892.195141
1448.624303,1000,14959.726326
1162.849701,788,15008.948272
1497.515778,1000,15075.485641
1464.855589,1000,15141.114475
101.95734,80,15145.525068
576.358756,394,15171.263045
1511.48405,1000,15238.896108
1004.722586,788,15290.915662
1464.17667,1000,15358.602314
1533.670888,1000,15422.231659
1497.761357,1000,15508.759182
1062.12784,703,15557.03691
104.7433,82,15562.058722
1168.232897,771,15619.907081
1549.165577,1000,15696.38744
104.045204,80,15700.403432
1433.57201,1000,15773.090779
1566.104915,1000,15838.546109
1526.718132,1000,15905.448745
1550.547567,1000,15972.615412
71.713702,63,15976.707135
77.710388,76,15980.969019
1592.806717,1000,16043.581609
1574.988102,1000,16118.203805
1582.988416,1000,16194.792784
1601.7018,1000,16269.650519
1567.442452,1000,16336.022655
1516.68189,1000,16398.054919
1510.125419,954,16460.562572
1613.246587,1000,16528.091554
1615.468761,1000,16596.090105
1560.664083,1000,16658.945183
1590.470758,1000,16725.887922
1620.456665,1000,16790.086236
109.683062,89,16797.868096
1653.730532,1000,16861.40954
1567.47344,1000,16951.455341
1545.46908,1000,17019.163859
1581.65021,1000,17082.893538
1564.779535,1000,17150.050218
1439.715088,1000,17221.750535
749.262442,481,17251.233555
1630.73384,1000,17319.119083
847.692011,520,17354.646573
1631.556399,1000,17421.436802
1589.12593,1000,17488.769129
98.482788,77,17493.016537
1261.214518,769,17543.569136
1568.964674,1000,17627.556078
1588.530707,1000,17696.470896
1664.712139,1000,17767.101969
1661.7291,1000,17838.984273
658.023354,407,17864.487715
1113.828492,685,17910.460941
653.793384,410,17935.395373
444.40696,268,17956.268381
1578.182191,1000,18018.985623
1650.38234,1000,18086.532071
1518.148357,943,18146.223833
1655.163436,1000,18213.433256
1286.065078,828,18286.45752
783.590783,467,18318.979187
549.15409,326,18339.866218
1250.379241,723,18391.564113
1037.052534,606,18429.688496
1592.365534,1000,18497.392083
1658.990424,1000,18561.75329
1720.771149,1000,18629.600005
1688.919067,1000,18698.225065
1689.201168,1000,18761.663987
1691.10125,1000,18829.827464
1674.983813,1000,18899.564075
1708.679794,1000,18985.748363
1597.775764,1000,19062.934637
1744.715533,1000,19128.53381
1693.255353,1000,19198.83876
1668.895335,1000,19267.79815
581.703802,345,19291.730077
1111.301666,656,19336.423619
577.915898,367,19363.646023
1717.476956,1000,19436.680404
1682.024375,1000,19500.749272
1617.159051,1000,19567.284243
1687.449127,1000,19633.261517
1612.001548,999,19710.870317
1660.481078,1000,19783.434405
1694.291201,1000,19848.083578
1734.192392,1000,19914.927223
926.580249,1000,19980.984862
1737.68558,1000,20044.471733
1726.049255,1000,20121.647741
564.407324,344,20145.119914
1684.540214,1000,20213.854
1748.964348,1000,20289.271431
1488.705865,854,20344.743767
1746.742595,1000,20443.131142
1691.4119,1000,20515.599181
1685.542391,1000,20586.59396
1753.168544,1000,20650.866328
1708.304476,1000,20720.331148
731.363646,425,20749.218781
1718.031494,1000,20813.930796
1656.785293,1000,20882.445246
1659.930072,1000,20953.766479
1647.715349,1000,21026.426812
1605.493411,1000,21125.69057
86.738277,57,21130.638989
1282.064326,1000,21196.21752
1102.983691,1000,21270.170827
1517.317282,1000,21344.181082
828.377304,515,21379.017665
346.184008,219,21392.253724
1664.611423,1000,21462.890119
1700.987965,1000,21526.234281
1062.633825,607,21569.243095
1775.968564,1000,21633.511167
1677.642196,1000,21702.189135
1635.939559,1000,21773.427548
1614.884971,1000,21858.301616
513.035782,291,21879.34638
40.10872,29,21879.483308
1717.881616,1000,21947.264139
1628.091824,1000,22020.198321
1699.39849,1000,22084.060254
1678.675265,1000,22151.505832
1711.191273,1000,22216.050761
1712.522828,1000,22284.199975
1716.620404,1000,22353.31368
1657.01422,1000,22419.130461
1756.70388,1000,22509.255475
1664.795807,1000,22576.759741
1684.057137,1000,22643.527776
1778.841735,1000,22711.469549
52.821469,41,22711.667291
1728.212464,1000,22788.740446
1747.106014,1000,22858.23336
576.707685,324,22880.509923
1509.342032,844,22935.763617
1708.532632,1000,23001.646128
1706.659232,1000,23072.829639
1695.536159,1000,23140.629623
1645.47984,1000,23221.106762
1780.426853,1000,23287.285954
1387.762612,806,23340.72627
11.294478,10,23340.767648
1798.638535,1000,23405.263257
1238.543003,680,23456.289013
1622.766936,921,23515.55749
701.575624,439,23544.385713
1395.448721,796,23599.956164
1683.89973,1000,23663.580405
1543.172155,902,23721.979428
1698.70419,1000,23788.656774
1233.586929,690,23835.830112
1708.274816,1000,23921.579035
1794.364956,1000,23995.594291
1695.873623,1000,24062.713588
1781.815362,1000,24126.67353
1767.803759,1000,24194.458349
1736.035763,1000,24260.513857
538.06805,335,24281.011312
1796.828022,1000,24345.172621
500.592934,292,24367.174172
1822.730342,1000,24436.288682
1742.174541,1000,24499.72192
1758.267595,1000,24587.096148
1761.540588,1000,24654.233977
405.500012,242,24668.064278
732.464943,433,24699.912373
1819.095676,1000,24767.583946
24.793785,19,24767.691023
1362.808085,774,24820.579028
1687.584856,1000,24889.118111
567.015767,334,24913.32371
1810.84151,1000,24985.354934
1171.8291,665,25026.513963
1492.072557,833,25081.478448
1344.550557,775,25132.325526
1767.158875,1000,25201.948733
1710.310227,1000,25292.893458
1016.108409,597,25335.281478
1785.833224,1000,25399.026634
531.109408,307,25419.811955
298.985144,179,25432.022893
211.888457,131,25440.149955
1732.990383,1000,25509.166927
773.033816,457,25541.507826
1681.605518,1000,25606.286638
207.162374,132,25614.817297
983.916804,563,25652.117152
1726.725757,1000,25717.817571
1265.223582,711,25764.272416
1298.807303,733,25816.624225
604.805581,378,25841.775415
159.550412,105,25849.695216
1596.674268,913,25908.070487
1051.982003,634,25963.607047
1727.000587,1000,26030.782785
844.710791,483,26059.778517
1245.773503,1000,26126.852715
1552.093427,864,26181.355353
453.010826,268,26202.516526
538.485827,322,26223.881882
427.72368,254,26240.41405
31.62233,26,26240.523551
1751.636781,1000,26307.219162
1363.244644,771,26362.153633
1705.31701,1000,26429.83929
1751.604253,1000,26498.011176
1739.22833,1000,26568.453094
1173.414713,660,26611.15662
1693.483903,1000,26692.13139
642.652895,443,26721.377353
20.705611,22,26725.10707
18.147411,22,26725.222749
25.877232,35,26729.091851
116.570186,94,26733.164237
17.858944,20,26733.261919
28.416658,31,26737.275778
64.781101,64,26741.912037
153.095313,129,26751.523354
21.838926,24,26751.594882
91.357993,113,26761.075978
546.209084,414,26789.926706
1138.669446,1000,26857.394818
201.71455,317,26878.367806
472.383567,330,26898.892463
204.74095,217,26915.057375
67.136222,75,26919.466733
66.06379,70,26923.835986
316.411147,391,26948.972504
128.667021,113,26957.6596
48.578087,152,26965.989381
107.014292,84,26970.217645
92.077961,93,26979.926058
251.53205,237,26997.553781
74.917039,75,27001.67845
53.802941,58,27005.887983
498.349542,386,27030.174193
342.999966,275,27045.908153
562.440472,361,27070.205646
1672.897325,1000,27133.227412
1648.501831,1000,27202.429554
1688.198046,1000,27268.814496
1795.459008,1000,27351.658513
1810.439182,1000,27428.206736
683.302806,401,27454.083699
132.723979,81,27458.160135
130.987655,95,27466.746413
468.283083,288,27482.912579
1523.1428,881,27541.698514
1695.778332,1000,27609.222871
1145.810329,672,27651.764101
1713.212649,1000,27719.395666
1387.945112,1000,27785.180269
418.070491,245,27802.841273
25.88434,65,27807.041836
562.313759,317,27829.06843
444.150012,254,27845.57173
1064.321886,603,27887.143984
1023.764957,561,27920.725653
795.635813,443,27949.915957
1279.818166,692,28007.461265
343.820168,207,28020.295722
1817.323614,1000,28086.56927
567.517282,320,28108.028118
470.67064,281,28124.221618
884.965746,495,28157.668757
216.239444,127,28166.375746
532.916695,306,28186.916387
420.52913,240,28203.343762
1815.508332,1000,28270.446325
1800.461245,1000,28337.253824
1288.230788,747,28394.683481
1828.179948,1000,28462.082597
1848.951435,1000,28529.845098
50.893864,43,28530.041556
1749.394194,1000,28596.432489
185.601642,111,28604.155082
67.630179,50,28608.336596
1084.962749,595,28645.681878
355.543295,214,28658.392814
742.441618,420,28696.301135
1594.716192,875,28751.339419
150.094779,93,28759.80118
1816.744442,1000,28826.856718
1771.840253,1000,28890.276365
1802.611228,1000,28955.49997
1810.317964,1000,29016.752255
795.217119,463,29050.247136
969.354529,552,29083.253021
43.84885,36,29087.487426
1843.075588,1000,29148.162003
1831.366059,1000,29214.791121
1895.642823,1000,29282.082335
569.188767,322,29303.082741
1289.195866,737,29367.264266
784.193054,432,29396.667088
289.308342,168,29409.012084
1869.882585,1000,29469.924715
1885.984987,1000,29536.697302
1858.641478,1000,29601.683305
143.258435,89,29605.884711
1818.928711,1000,29669.798784
303.468602,177,29678.432474
1887.728208,1000,29745.997212
1846.189225,1000,29811.123657
1914.571093,1000,29874.819183
761.462808,423,29903.553185
1881.254166,1000,29968.278799
1872.926328,1000,30051.465159
1865.621489,1000,30116.978489
1429.297856,782,30166.422292
1645.203834,898,30225.5296
1782.476791,1000,30291.499139
1674.609318,916,30348.069613
1233.662437,680,30388.252245
1847.661986,1000,30453.374451
1832.361276,1000,30518.148896
1845.255476,1000,30578.616261
1194.304702,606,30620.108469
320.528997,174,30632.918793
1861.133242,1000,30714.026751
1879.679466,1000,30779.532103
890.801604,481,30809.435655
1698.340525,920,30879.505742
1798.208227,1000,30946.019375
1901.397687,1000,31011.334888
635.753562,344,31032.731972
420.396738,236,31051.311747
1796.723192,968,31119.110903
1911.650003,1000,31190.540053
1866.149788,1000,31251.023928
1868.707275,1000,31317.182176
1789.357211,1000,31396.068946
1839.379774,1000,31455.505007
1893.892557,1000,31518.793647
1830.340536,1000,31579.545295
1864.92931,1000,31644.112586
127.229044,80,31648.198859
1917.603173,1000,31714.179086
1856.878318,1000,31779.391313
1849.088141,1000,31843.330646
1774.839943,974,31913.918689
513.180684,275,31937.297809
1829.540182,1000,32007.70088
551.03153,305,32044.832893
297.88761,164,32058.948383
1791.119741,1000,32122.501959
1833.657961,1000,32188.595059
1780.000678,1000,32255.173335
776.41769,451,32283.252923
1841.82708,1000,32351.632133
1856.942332,1000,32418.313659
730.15151,394,32442.152636
235.32226,148,32450.103387
1855.38602,1000,32514.588554
1145.128551,1000,32578.464181
1829.829433,1000,32642.203205
1691.246634,899,32711.238381
1871.674317,1000,32777.610856
1945.189671,1000,32842.080548
586.295586,335,32862.221344
1554.091341,846,32913.51945
1854.056169,1000,32978.283748
14.918857,13,32978.31498
1867.0155,1000,33039.108433
1906.973546,1000,33104.468972
112.052985,75,33108.341105
598.334789,322,33129.185884
1454.179572,774,33178.984911
114.12104,74,33186.936899
329.318357,184,33195.414656
96.932545,68,33199.679302
689.658955,380,33225.321972
78.30152,54,33229.547722
1931.590447,1000,33293.256978
334.822467,195,33305.549209
51.490774,47,33309.294415
1878.772786,1000,33392.578545
446.269581,234,33410.978132
1946.466515,1000,33484.927543
1971.651888,1000,33555.665628
367.018011,213,33569.654896
1901.3767,1000,33642.940053
1933.278071,1000,33710.152766
778.571873,411,33734.978721
1893.644413,1000,33799.416752
145.413163,101,33803.642765
570.147773,308,33824.342736
1173.688805,594,33861.424598
1651.91736,842,33919.904436
1961.224095,1000,33989.045018
71.803749,50,33993.648706
1806.535588,909,34073.623548
1948.703474,1000,34137.832397
1962.68665,1000,34199.110357
1933.001368,1000,34263.7163
435.066696,233,34279.826903
1999.156238,1000,34340.277821
2001.844894,1000,34406.745144
2010.191448,1000,34472.462382
69.751452,54,34472.639569
1977.491012,1000,34539.557587
49.302772,42,34543.666655
68.357655,54,34547.871428
2018.926692,1000,34613.088769
76.89279,65,34617.374474
1109.140576,568,34654.15045
600.921908,307,34674.016459
1314.762568,665,34732.076889
1936.982704,1000,34797.01088
2020.046345,1000,34861.36135
2016.710979,1000,34922.877124
1953.095459,1000,34988.354666
891.602548,462,35017.077995
2044.79051,1000,35080.713833
1956.067258,1000,35140.953352
1826.583918,1000,35205.1695
13.474035,10,35205.205348
1933.849773,1000,35269.222778
1954.60296,1000,35330.761963
1440.414187,740,35390.287118
1111.747151,620,35430.974749
1999.108552,1000,35492.06446
1991.518395,1000,35557.038436
1994.296606,1000,35617.85639
484.803567,256,35634.369347
2020.286958,1000,35699.506211
310.781114,174,35712.014591
1989.382666,1000,35772.207884
1665.504106,839,35823.417502
2081.078927,1000,35889.236918
2055.060166,1000,35956.949355
2097.032131,1000,36029.78694
2077.433034,1000,36093.422509
2044.513955,1000,36156.13536
2063.893693,1000,36216.623571
2073.165804,1000,36280.47225
2051.13317,1000,36341.303171
18.503703,11,36345.379801
88.837816,83,36349.659151
2016.400775,1000,36414.302512
2055.268983,1000,36476.539733
2009.890203,1000,36540.91435
339.434517,173,36553.172549
2051.993904,1000,36612.983054
1557.543345,759,36678.531332
2030.810365,1000,36742.327093
21.415673,13,36742.412166
20.119502,13,36742.475842
19.936367,12,36742.538912
18.899934,12,36742.563694
20.413767,13,36746.253364
23.096422,18,36746.329984
1996.991945,1000,36812.549765
278.147647,159,36821.196226
1979.905133,1000,36885.975811
1966.088404,1000,36948.182875
1964.655499,1000,37013.716901
848.199438,453,37042.643481
2053.79575,1000,37113.115941
677.542244,345,37134.370998
1993.051684,1000,37204.725544
1999.280064,1000,37270.326931
1644.35221,865,37346.082997
1975.727266,1000,37408.322063
1947.312332,1000,37472.244499
2048.536684,1000,37536.519385
2063.183465,1000,37597.737009
2008.492331,1000,37664.074918
1367.651167,695,37710.044812
1952.440862,990,37777.131266
2033.30799,1000,37840.391792
2019.501793,1000,37901.323092
2053.482141,1000,37966.191337
252.313267,146,37992.715183
2060.655032,1000,38059.645068
2026.295915,1000,38125.090285
2060.3433,1000,38185.81348
598.781724,302,38206.275736
2038.646174,1000,38269.975598
2035.551275,1000,38330.128175
2068.859968,1000,38395.294324
2054.711562,1000,38454.993234
2041.68583,1000,38520.173556
2074.563363,1000,38584.08407
2087.882752,1000,38666.386839
2064.569287,1000,38733.029538
2029.384605,1000,38796.964583
2053.141987,1000,38862.376337
2073.110737,1000,38933.338856
2021.206013,1000,38994.242725
2024.001963,1000,39058.435606
1274.38618,637,39102.177321
814.52646,408,39130.270755
2104.483951,1000,39198.207541
1327.679355,642,39238.31801
1399.195145,693,39282.989423
2044.892011,1000,39364.239203
2124.794431,1000,39425.413549
502.634481,253,39441.771861
2095.93346,1000,39507.806418
555.197735,269,39525.330498
2037.482941,1000,39599.363721
1571.402781,745,39648.660225
2108.450999,1000,39713.16969
2053.37939,1000,39773.233513
2049.501605,1000,39837.770117
2097.626633,1000,39902.173584
2102.645031,1000,39980.111475
2055.855033,1000,40044.345166
2075.813296,1000,40108.760605
1291.776576,626,40145.458236
2118.270585,1000,40209.344195
462.918785,228,40225.441752
2074.279716,1000,40288.567535
2085.537494,1000,40353.541717
2135.06483,1000,40414.776182
2128.969681,1000,40480.268866
2083.96366,1000,40545.832515
2138.01135,1000,40610.607011
2154.57298,1000,40690.950323
1407.637378,665,40731.715568
2129.786686,1000,40795.689334
2139.452847,1000,40861.084899
2113.688544,1000,40921.812172
2154.660117,1000,40986.942316
29.547053,21,40986.989571
2135.289529,1000,41051.347737
2025.940783,956,41111.986321
17.406996,12,41112.063563
2128.202518,1000,41176.778857
487.686314,245,41188.850869
2120.199538,1000,41252.935371
2138.862429,1000,41343.496134
2117.903974,1000,41413.022649
2132.988879,1000,41479.197166
2163.481178,1000,41541.477412
1598.404812,766,41592.522369
2123.932393,1000,41666.35356
2158.025147,1000,41732.491638
891.582062,421,41757.996032
18.410489,12,41758.049395
2149.258643,1000,41824.049985
2014.92576,941,41885.86539
2132.229637,1000,41947.558059
2177.134874,1000,42039.291903
2166.319466,1000,42108.725028
1552.905225,738,42155.127669
2194.707667,1000,42225.17208
922.635856,440,42254.29003
1714.180641,795,42304.654414
2108.692165,1000,42370.770208
2181.680786,1000,42433.736803
2197.269104,1000,42501.107647
1220.327282,585,42543.984987
1641.263978,759,42600.400214
1204.215609,569,42642.563229
1936.213621,916,42723.960623
2152.203942,1000,42793.305033
2158.439683,1000,42853.867786
2179.275401,1000,42918.940327
2133.554544,1000,42983.690452
2138.985804,1000,43047.494731
2172.45158,1000,43111.776517
2101.749986,1000,43178.279923
266.471691,167,43187.750866
227.131388,144,43197.354397
257.204582,178,43211.578829
24.358887,32,43216.137534
22.025656,33,43216.325501
116.303731,98,43225.235776
36.619209,46,43225.339831
33.173339,40,43229.549252
63.954754,52,43233.642557
115.399585,90,43238.082767
45.322994,51,43242.04747
165.593327,129,43250.122002
-0.812322,110,43257.924646
32.311451,40,43258.053938
57.650801,57,43261.933851
305.083261,218,43278.021258
2.53346,81,43282.165403
103.647533,77,43286.190084
121.088724,136,43294.142955
114.679231,132,43302.419862
65.088715,200,43318.77105
173.262161,157,43331.770655
139.678387,179,43343.482619
343.21158,548,43376.463132
116.57882,110,43384.295533
114.832557,82,43388.336852
875.275107,1000,43453.801302
174.287762,118,43462.43824
89.408458,63,43466.718029
80.270442,65,43471.603905
17.130757,72,43476.441975
27.557512,53,43480.748236
8.360162,59,43484.510192
14.362478,70,43488.680173
94.230092,68,43492.826589
101.923832,74,43496.722277
91.917901,128,43504.850916
112.811203,77,43508.914118
92.495193,92,43516.366106
44.733501,37,43516.549912
75.042078,61,43520.656577
19.237621,56,43524.754536
20.37195,73,43528.790482
58.997498,53,43532.753694
97.51243,70,43536.821617
302.227731,226,43553.49513
149.478559,105,43557.692206
74.083538,65,43561.873083
36.73377,65,43566.179136
14.460774,32,43570.680835
83.92501,65,43574.916106
488.417035,355,43595.938455
140.995121,103,43604.379284
65.859194,48,43608.551895
53.565236,41,43608.755473
41.411762,51,43613.155189
23.113205,49,43617.344447
202.133673,142,43625.387813
156.371394,113,43633.555269
59.251609,52,43637.670291
147.762115,107,43641.604333
79.688641,68,43645.620736
603.736139,390,43672.831925
204.978782,197,43684.522959
86.489424,76,43688.637214
826.4966,511,43720.55105
673.713021,382,43744.399803
25.373038,20,43744.503738
400.310782,258,43760.460292
228.264767,140,43768.565212
55.112728,44,43773.131437
482.661488,280,43790.637795
43.388216,34,43795.249493
1892.213344,1000,43869.542827
1759.702556,933,43934.093489
881.227484,487,43967.954648
1238.749033,667,44032.900367
519.030923,284,44056.380922
42.321172,34,44056.508125
102.118349,72,44060.751101
241.373226,135,44069.10807
1137.314665,566,44104.700408
772.383174,396,44129.952173
599.656716,309,44150.022956
825.215543,414,44177.635118
1340.110134,687,44218.605753
346.484079,180,44230.81258
1885.84804,915,44292.624089
395.361791,211,44306.193719
2042.509344,1000,44368.653941
44.033845,36,44372.711694
936.414947,457,44401.80975
2150.94617,1000,44476.89087
1143.017052,559,44519.120135
669.738645,340,44540.11056
212.681417,121,44547.937008
620.934824,321,44568.444113
1155.784497,549,44603.247131
2068.264236,1000,44672.066238
2090.380709,1000,44759.53328
1030.442006,484,44788.085724
2118.998217,1000,44856.669697
74.378931,47,44856.831077
2115.773157,1000,44928.674925
2113.96247,1000,44997.67538
2140.895671,1000,45062.532099
2070.307977,1000,45130.52777
2110.697583,1000,45201.88198
2120.735267,1000,45267.839189
2035.917473,1000,45334.48279
2193.11834,1000,45417.283562
2130.020551,1000,45482.741365
27.620316,20,45482.882985
2192.318928,1000,45548.713576
2111.675123,1000,45622.389783
34.332424,28,45622.496667
2094.817392,1000,45693.180051
2159.469862,1000,45754.163964
2116.295856,1000,45818.600323
2150.620415,1000,45885.071997
606.026687,289,45901.452023
2173.82752,1000,45969.282159
1586.125603,740,46020.035775
642.720382,301,46041.058814
2154.002653,1000,46131.78807
2165.881968,1000,46196.518733
2211.779241,1000,46262.384275
2193.693692,1000,46337.384932
2208.207042,1000,46408.801245
2183.389457,1000,46483.851869
2141.171781,1000,46547.860988
2165.010749,1000,46613.934861
452.42086,228,46630.610796
2209.024028,1000,46692.904353
1891.962649,881,46750.309873
667.570545,312,46787.569275
292.808592,162,46795.77755
2111.829031,1000,46860.824297
2143.918612,1000,46926.135939
2178.975646,1000,46989.514406
1178.649397,539,47027.26523
1704.062188,798,47077.854284
2186.408786,1000,47145.073866
2137.778787,1000,47207.478022
2060.96377,935,47269.632286
163.066312,106,47277.945251
1000.80298,489,47309.761313
1565.247217,710,47360.119231
2216.72193,1000,47426.441045
2165.866337,1000,47504.695334
525.204318,248,47521.81307
1388.138005,639,47560.373428
50.113511,33,47564.488612
2192.043572,1000,47633.505769
39.098452,29,47633.581683
2154.452343,1000,47700.772282
2204.644833,1000,47762.975016
2208.674543,1000,47829.175985
2177.875015,1000,47894.985752
1669.31039,763,47949.078031
2243.346439,1000,48012.148839
2154.628821,1000,48084.277623
254.88756,137,48093.788266
2175.55206,1000,48189.197893
2197.774157,1000,48255.477718
823.222034,388,48279.864201
2199.716143,1000,48346.720217
2196.534532,1000,48409.09423
2210.92412,1000,48475.587319
2231.866954,1000,48541.321837
2231.127002,1000,48607.658857
2214.356707,1000,48679.105602
77.418703,57,48683.09606
2220.528619,1000,48745.233767
2240.708528,1000,48830.379365
2185.241618,1000,48896.115314
2233.201661,1000,48960.529942
370.534196,188,48973.197163
906.153683,429,49002.682796
2175.656464,1000,49070.137578
2162.256552,1000,49133.579295
2216.15782,1000,49201.469996
2009.599152,897,49259.973336
765.220893,1000,49327.403033
2263.544798,1000,49393.090809
503.447972,246,49410.91485
720.846866,332,49433.406134
1015.527902,454,49463.513176
2241.250195,1000,49549.6134
2239.013826,1000,49617.504198
120.283227,80,49621.886501
19.284698,13,49621.914515
551.138881,265,49638.862949
2240.706149,1000,49706.442007
20.415607,16,49706.484669
2238.745254,1000,49772.971176
909.156842,421,49798.704618
1329.36665,595,49835.450687
2252.873802,1000,49902.618078
1271.51899,567,49940.16496
2252.238022,1000,50007.724338
2207.781185,1000,50069.990563
20.952978,17,50070.039901
2256.283249,1000,50136.793415
2183.284645,1000,50225.169902
2250.930018,1000,50298.356282
1566.685075,725,50352.237341
878.388101,396,50380.812795
2232.704761,1000,50446.918748
2262.937123,1000,50517.666474
2116.980609,924,50582.442229
2189.753123,1000,50645.500528
2198.992771,1000,50710.572136
2242.833901,1000,50772.972571
2244.005419,1000,50840.889612
1791.691954,805,50911.565235
2259.143265,1000,50977.14293
1033.033272,479,51010.127398
2277.837927,1000,51072.946438
2255.298722,1000,51145.370907
50.075858,43,51150.011462
1293.317693,580,51188.928741
2294.237729,1000,51255.331392
2285.119851,1000,51322.975285
2287.151038,1000,51390.892628
1518.292864,670,51433.192546
883.439242,401,51458.956835
2252.191281,1000,51528.177414
2261.406762,1000,51624.208391
2312.136569,1000,51689.926758
2283.578833,1000,51761.896663
2236.472806,1000,51825.875437
1051.754868,485,51859.786004
2290.103134,1000,51928.999089
22.512073,16,51929.108392
2300.484156,1000,51997.831223
1149.526773,519,52032.668231
2238.274054,1000,52098.921783
2246.602821,1000,52177.256343
2278.304093,993,52249.468203
2204.045802,1000,52335.523968
383.249801,195,52348.566296
2262.873069,1000,52417.594093
2191.059326,1000,52481.222976
23.775926,17,52485.258384
2301.329832,1000,52547.959467
2238.81472,1000,52623.963283
2262.227911,1000,52692.141565
2258.987607,1000,52761.066563
2251.484385,1000,52828.292331
934.228291,425,52853.647903
2276.657752,1000,52921.872832
1856.926397,827,52996.387875
2258.110561,1000,53063.605381
2311.630728,1000,53125.275955
2280.680489,1000,53196.494638
234.652464,132,53205.2859
2286.715087,1000,53268.89667
2296.338185,1000,53339.12346
33.292761,31,53343.506641
2225.253148,1000,53407.998732
2303.456101,1000,53475.196451
2280.58688,1000,53543.270342
2231.644491,1000,53620.350399
2308.380539,1000,53710.619747
71.522263,58,53714.854117
2265.679138,1000,53779.586613
2257.154113,1000,53846.12711
2317.890601,1000,53907.932734
2273.240209,1000,53973.460882
2271.666703,1000,54046.247304
752.202254,341,54067.107372
2299.2849,1000,54139.012735
2262.378511,1000,54213.022457
2298.707272,1000,54281.337645
86.859443,66,54285.705897
2293.702533,1000,54353.952527
2133.796741,943,54436.061521
601.151069,275,54457.638914
2260.838741,1000,54522.446492
2176.987726,984,54592.25579
2284.275147,1000,54660.457925
2259.579584,1000,54731.961741
2267.137908,1000,54801.983927
1515.560627,694,54844.84895
2302.7439,1000,54913.604265
2295.427633,1000,54982.323583
2319.538241,1000,55045.101385
2274.64354,1000,55133.748843
2272.385189,1000,55197.756041
2288.385694,1000,55266.463975
2238.347316,1000,55334.45969
2266.089033,1000,55401.844304
82.732798,67,55406.521788
68.750364,49,55411.194891
2275.276032,1000,55478.668195
506.860819,246,55496.44163
2269.493168,1000,55564.744767
2277.114456,1000,55633.151042
1313.418515,602,55671.706248
2272.816851,1000,55739.09079
2268.123772,1000,55820.541232
2253.84891,1000,55884.583264
2276.991989,1000,55952.63585
2230.829368,1000,56017.116971
973.978793,441,56047.350918
21.10355,16,56051.653834
2226.768077,1000,56116.258862
2285.167444,1000,56184.666858
22.278608,18,56184.722849
21.682015,16,56184.80773
23.329993,19,56188.94847
2299.088705,1000,56252.328313
2276.389774,1000,56320.920009
2319.962716,1000,56388.240999
2274.353133,1000,56479.712385
2267.53163,1000,56554.366217
1634.865305,761,56606.579518
2281.940825,1000,56680.216557
2327.805237,1000,56750.225618
2281.423121,1000,56818.381124
2313.15381,1000,56890.234199
2322.883472,1000,56962.874382
2296.979869,1000,57027.658029
2319.219076,1000,57095.716665
921.932519,429,57126.195323
2306.022505,1000,57210.21133
2306.423278,1000,57279.24855
2297.867782,1000,57349.421661
2189.37918,962,57415.063818
2301.461769,1000,57480.411404
2300.210512,1000,57547.873963
2312.742643,1000,57615.09157
2302.04394,1000,57682.002698
2298.043562,1000,57757.576258
2254.025969,1000,57826.28361
2303.853589,1000,57915.814307
2248.833635,1000,57994.081672
2224.79204,1000,58068.714932
2281.134291,1000,58138.691361
2273.398025,1000,58213.00318
1943.252785,875,58272.050623
61.895638,60,58276.612685
2319.331976,1000,58345.116686
2254.81501,1000,58418.114542
2300.283261,1000,58487.733494
205.185348,122,58496.364003
2193.439672,1000,58564.502504
13.569846,9,58564.549908
2291.316973,1000,58646.617921
2307.917316,1000,58714.582595
2286.803535,1000,58782.93397
2307.260907,1000,58846.529791
2277.850754,1000,58914.056436
2298.736762,1000,58978.907983
2277.442138,1000,59046.314338
2230.524361,1000,59114.031154
2245.987073,1000,59188.061917
2276.987124,1000,59260.257687
2272.258461,1000,59347.393818
566.470571,272,59364.534712
2259.098555,1000,59428.232295
2240.705629,1000,59504.919563
2313.808416,1000,59583.797217
2303.397685,1000,59657.764418
1586.804578,710,59705.956305
2256.179544,1000,59774.214543
2328.331924,1000,59850.957839
127.877819,77,59855.536047
2318.47089,1000,59920.930544
769.587494,354,59947.854961
2243.359015,1000,60019.730215
119.396735,80,60041.544329
2210.38532,1000,60109.260387
2336.025185,1000,60178.858494
2279.800159,1000,60247.786676
2294.746087,1000,60312.16413
2286.135346,1000,60390.930066
2251.285452,1000,60460.981878
2213.215717,980,60525.113204
694.779826,325,60546.911766
2225.763035,1000,60620.137167
2245.349937,1000,60693.412392
2299.187796,1000,60784.948798
2290.865887,1000,60858.580246
2256.635539,1000,60922.264224
2286.475439,1000,60991.154396
2115.109271,1000,61057.078012
2168.319959,1000,61123.60979
2313.341011,1000,61191.332139
540.091808,275,61209.000889
2247.164098,1000,61282.177104
153.980481,108,61286.550669
135.311496,99,61294.387087
2298.134211,1000,61358.116257
2276.93722,1000,61425.619393
2293.665119,1000,61508.904441
1680.323641,763,61558.556771
2258.02011,1000,61621.365356
2286.668971,1000,61688.342304
2295.859765,1000,61754.252224
103.023192,74,61762.610313
2190.532854,1000,61829.551169
2295.851568,1000,61896.826324
2251.420838,1000,61961.57903
2211.610337,1000,62030.124759
42.032724,96,62038.62589
147.134166,188,62051.589429
762.304518,395,62077.394934
2254.654297,1000,62155.458777
2238.796655,1000,62225.268967
1410.235009,671,62270.691777
2264.841648,1000,62350.151988
2234.644041,1000,62423.955047
11.529269,8,62423.979105
11.879863,8,62423.998317
10.058633,8,62424.027641
36.357481,74,62428.30537
783.702275,372,62453.511529
2289.708395,1000,62523.123808
2272.433628,1000,62587.007716
2245.140908,1000,62655.304821
21.629273,71,62659.813706
54.849413,43,62663.433881
87.471579,78,62667.610426
2290.034573,1000,62735.514307
18.146217,39,62735.693871
2241.016844,1000,62803.537199
2262.180448,1000,62885.023767
2300.327664,1000,62952.987397
47.596204,78,62957.135348
2277.730622,1000,63027.097375
2269.512448,1000,63097.93237
2283.884886,1000,63163.238404
2256.997037,1000,63232.047656
2273.12629,1000,63299.068297
2224.815862,1000,63374.886682
2265.697801,1000,63444.380808
2344.297488,1000,63517.063128
78.46994,73,63522.112608
861.196976,396,63578.363676
2254.131221,1000,63643.956312
2299.447931,1000,63712.735987
2291.661075,1000,63777.747114
567.642862,275,63799.072383
2300.043905,1000,63863.605615
2257.829626,1000,63905.479989
2185.88317,1000,63943.789021
1637.524607,749,63970.496599
2304.361993,1000,64008.315981
2267.472412,1000,64046.426953
2278.007628,1000,64091.658234
1011.418033,447,64108.464518
2307.937243,1000,64146.742866
2320.598661,1000,64182.712924
2290.746128,1000,64221.532752
2310.04251,1000,64259.629734
2401.400204,1000,64295.662345
1259.005882,547,64317.222291
2297.75121,1000,64353.108131
2320.068952,1000,64391.030534
2251.514118,1000,64429.091382
2322.098223,1000,64474.244217
2277.177617,1000,64512.390363
2275.922672,1000,64550.524847
2310.601802,1000,64586.177349
2327.827649,1000,64624.171039
2271.93531,1000,64660.041723
2279.931926,1000,64698.253156
2225.212217,1000,64736.382036
2267.108967,1000,64772.126338
2336.631734,1000,64810.083409
25.615239,21,64810.139319
2311.271216,1000,64857.69462
2367.711429,1000,64895.740842
2293.993218,1000,64931.566737
2274.196616,1000,64969.778321
2285.028877,1000,65005.677594
2296.714636,1000,65043.947406
2224.025354,1000,65082.077254
2270.82645,1000,65118.11691
2327.187647,1000,65156.040072
2320.000422,1000,65194.202915
2321.387506,1000,65239.727867
2274.639387,1000,65277.79525
2327.092053,1000,65313.356213
2278.13209,1000,65351.621545
2321.173931,1000,65389.627685
2325.402728,1000,65425.317044
2234.751875,1000,65463.239742
181.13021,109,65467.980627
1477.645623,645,65491.473738
2310.926014,1000,65527.060935
2299.91501,1000,65565.013595
2268.391981,1000,65612.543044
315.701836,166,65617.293834
2342.36725,1000,65655.14508
2258.483328,1000,65690.842109
2330.119585,1000,65728.927292
2327.505947,1000,65766.696347
2123.170003,937,65800.204444
2328.855086,1000,65838.179296
2348.051004,1000,65876.175335
2277.103842,1000,65911.694218
2349.17476,1000,65948.154791
