#{"t_start": 1626160590.244457, "env_id": "AntBulletEnv-v0"}
r,l,t
502.696859,1000,1.30545
98.046043,206,1.547279
489.975109,1000,2.747802
113.459319,246,3.038599
483.864999,1000,4.224118
408.058234,859,5.238352
502.951513,1000,6.408077
41.678752,83,6.505388
555.221435,1000,7.677431
519.64579,1000,8.865869
510.671148,1000,10.051202
514.711494,1000,11.239086
469.78569,1000,19.204833
299.944818,1000,48.833482
29.651534,239,55.63921
214.426131,1000,91.005756
231.764209,1000,126.200795
159.472756,1000,159.314671
229.564085,1000,194.479186
367.738897,1000,227.862662
124.865374,416,243.34113
-2.840546,20,243.4023
-2.319317,21,245.48007
239.016954,1000,278.750808
268.940332,1000,314.104498
250.268938,1000,361.721124
273.607789,1000,396.536923
-3.848166,311,407.51872
383.698291,1000,442.844801
4.270356,28,442.932725
-0.066186,24,443.008066
1.13559,27,445.08897
-1.256062,24,445.176447
13.911525,87,447.452797
298.197057,1000,482.702161
278.869869,1000,517.980662
193.351063,1000,551.260393
327.509574,1000,586.49428
549.648378,1000,621.751992
401.270219,1000,655.014055
443.192404,1000,690.054708
25.327679,179,696.477702
246.180498,1000,737.465779
390.732741,1000,772.720047
27.627385,98,775.039342
315.690051,1000,810.146747
534.255328,1000,845.416635
324.987937,1000,878.676965
365.239093,1000,913.980522
379.353319,1000,949.24439
496.721141,1000,982.508557
372.202668,1000,1017.49406
311.266916,1000,1050.289624
488.377631,1000,1100.011592
244.175052,1000,1135.282806
456.550335,1000,1168.447709
191.397806,1000,1203.564312
-1.297588,20,1203.625852
-2.526888,20,1205.673495
0.821694,20,1205.734682
60.667756,220,1212.451483
210.040888,1000,1247.837111
353.342896,1000,1283.071831
232.138065,1000,1316.358229
374.885767,1000,1351.190445
352.445048,1000,1383.946409
433.352492,1000,1433.911728
234.237501,1000,1468.973172
166.752733,1000,1502.322651
30.179513,82,1506.576034
380.46432,1000,1539.807145
0.093092,27,1541.881418
1.42965,20,1541.959127
2.074185,20,1542.022161
1.446793,27,1544.108762
2.647854,20,1544.17168
3.284502,20,1544.249588
1.750915,20,1546.313387
3.090412,20,1546.371775
3.354026,20,1546.430429
3.057471,20,1548.500066
1.943213,20,1548.562276
2.455881,20,1548.624933
2.523377,20,1548.687719
216.491265,566,1568.541324
105.967659,210,1577.20083
2.493254,32,1577.299301
42.239018,99,1581.608953
15.847007,68,1583.838537
518.089001,1000,1617.106556
448.365374,1000,1652.210381
678.116463,1000,1686.54057
595.548654,1000,1719.618034
450.654869,1000,1754.853389
399.584265,1000,1801.450452
682.523481,1000,1836.468556
587.867884,1000,1871.683045
310.203401,1000,1905.036781
387.5943,1000,1940.365108
420.896659,1000,1975.662974
504.217975,1000,2008.391114
664.914764,1000,2043.377405
615.921279,1000,2076.717814
530.375923,1000,2112.185078
408.364205,1000,2162.341547
468.305866,1000,2195.683094
501.833836,1000,2231.389731
574.046857,1000,2267.057615
647.381524,1000,2300.780576
321.110312,1000,2336.224265
23.952218,95,2338.474473
386.353022,1000,2373.957024
546.024653,1000,2410.000128
513.472669,1000,2443.956166
388.383465,1000,2480.144819
460.029555,1000,2528.808778
433.836622,1000,2565.00457
570.342478,1000,2601.334224
533.674647,1000,2635.627472
42.860161,191,2642.407427
525.518546,1000,2678.550474
255.042773,1000,2714.471437
547.812135,1000,2748.874373
594.438315,1000,2785.256071
645.124326,1000,2819.669737
505.112275,1000,2856.17205
538.168688,1000,2907.312554
170.366637,287,2916.514478
452.889984,1000,2953.039666
3.261676,20,2953.101884
2.635664,20,2953.16357
449.580665,1000,2989.740483
525.354324,1000,3025.893114
425.21065,1000,3059.955491
583.419517,1000,3096.897563
477.370097,1000,3133.82488
593.406211,1000,3168.683532
469.478935,1000,3205.698658
660.05445,1000,3255.381483
494.806466,1000,3292.296486
566.359231,1000,3329.359146
407.688405,1000,3364.132777
365.152572,1000,3400.720378
51.328057,128,3405.325073
580.36407,1000,3442.278244
550.644527,1000,3477.063048
596.949771,1000,3514.442871
517.981023,1000,3549.496155
64.254838,138,3556.243462
489.174775,1000,3590.848977
189.779565,341,3604.524068
90.107819,149,3609.208083
452.730596,760,3644.658763
607.508114,1000,3679.093792
585.96298,1000,3715.315042
488.820798,1000,3751.606862
204.965512,1000,3786.34341
377.869021,1000,3823.012396
412.81547,1000,3857.512364
439.140197,1000,3894.226487
473.69264,1000,3930.906258
319.407561,1000,3965.551395
330.844222,1000,4017.127227
319.928114,1000,4053.533324
456.161744,925,4085.083452
352.716309,1000,4121.603824
248.212927,600,4142.354499
262.945502,741,4169.802347
226.584948,1000,4204.47836
266.308787,1000,4241.169881
380.168187,1000,4277.661918
370.283497,1000,4312.152305
7.992447,189,4319.025181
444.164963,1000,4364.834816
8.534909,89,4367.213846
367.395562,1000,4403.527526
416.496524,1000,4437.649209
476.67565,1000,4474.167352
283.941676,1000,4510.854719
292.313196,1000,4545.343589
251.029892,1000,4582.075788
14.764594,108,4586.581883
6.995864,85,4588.928057
194.221313,1000,4625.548795
-4.664853,94,4627.939666
16.000999,97,4630.331276
-3.159559,86,4634.795304
4.989996,23,4634.865372
5.590027,21,4637.024506
430.966931,1000,4671.505345
375.515291,1000,4707.982198
344.300103,1000,4756.472756
241.263314,786,4786.084605
352.383298,1000,4820.420515
363.334564,1000,4856.905871
257.985333,1000,4893.494076
277.884235,1000,4928.025532
517.448169,1000,4964.556911
389.389711,1000,4999.086608
416.828271,1000,5035.501465
627.943627,1000,5072.092871
510.16687,1000,5120.152467
449.888164,1000,5156.794313
344.503814,1000,5193.644866
569.254253,1000,5228.52302
434.700808,1000,5265.309639
386.544408,1000,5300.139192
372.478471,1000,5337.044927
16.957322,84,5339.417392
495.949674,1000,5376.393902
87.228652,224,5383.428622
39.246362,161,5390.235105
28.229622,172,5397.065023
415.310245,1000,5431.68344
450.541313,1000,5482.172868
578.359344,1000,5518.615955
369.748019,1000,5553.076887
482.743857,1000,5589.58648
487.457338,1000,5624.018513
691.991646,1000,5660.518841
558.751865,1000,5696.963987
595.679109,1000,5731.545268
620.761562,1000,5768.417641
485.587611,1000,5804.383685
550.168889,1000,5852.897377
731.042123,1000,5889.412687
752.159863,1000,5923.822001
575.539991,1000,5960.264263
450.043041,1000,5996.901799
623.958337,1000,6031.36537
492.680582,1000,6067.748545
672.651624,1000,6104.26111
607.012298,1000,6138.133744
647.080056,1000,6174.382422
483.729362,1000,6223.115618
478.332645,1000,6259.728966
702.282111,1000,6296.28615
640.26758,1000,6330.594568
391.95532,1000,6367.199385
679.87496,1000,6403.639418
428.208949,1000,6438.068869
624.844919,1000,6474.167123
642.624448,1000,6508.254786
596.191898,1000,6544.627231
605.4767,1000,6595.546281
660.611597,1000,6629.997373
743.40015,1000,6666.56063
724.715762,1000,6702.969257
697.306913,1000,6737.435522
747.844918,1000,6773.975921
516.811068,1000,6808.135154
698.342113,1000,6844.324136
644.824501,1000,6880.757733
507.988706,1000,6915.018858
677.096275,1000,6965.776219
660.285923,1000,7002.359821
569.839305,1000,7036.812259
635.522335,1000,7073.148189
708.336169,1000,7107.567827
660.831722,1000,7144.030181
751.204944,1000,7180.082256
674.325971,1000,7214.267776
567.980822,1000,7250.678832
752.648337,1000,7287.121175
667.262943,1000,7335.928825
473.839093,1000,7372.604713
774.698686,1000,7406.89801
662.950735,1000,7443.417135
766.344293,1000,7479.86512
709.25961,1000,7513.777617
790.627977,1000,7549.943883
603.809734,1000,7586.370383
623.1376,1000,7620.780065
640.723439,1000,7657.397893
415.06165,1000,7706.363149
692.80902,1000,7742.792046
695.792428,1000,7779.280915
535.583831,1000,7813.661102
801.679608,1000,7849.705054
742.217063,1000,7885.919678
742.983878,1000,7920.148881
816.479612,1000,7956.589989
829.839064,1000,7991.011463
822.214944,1000,8027.470913
641.19932,1000,8077.94776
730.013971,1000,8112.399477
729.095749,1000,8148.80229
635.184323,1000,8184.864018
734.527502,1000,8219.089198
693.404561,1000,8255.480125
749.537936,1000,8289.75939
672.732308,1000,8326.234001
749.235573,1000,8362.726186
642.518556,1000,8397.038803
688.067852,1000,8447.823644
576.839765,1000,8484.286327
865.594279,1000,8518.41345
888.611142,1000,8554.580268
834.726546,1000,8588.720088
918.539863,1000,8625.002648
971.962823,1000,8661.788778
933.037526,1000,8696.384687
732.205682,1000,8733.080221
693.783569,1000,8769.775325
973.059051,1000,8819.15154
579.533862,1000,8856.111271
814.396573,1000,8890.28969
762.213811,1000,8927.321952
965.738345,1000,8964.145282
807.866971,1000,8998.679491
732.405495,1000,9035.514862
817.47773,1000,9072.377934
855.404468,1000,9107.233699
916.172378,1000,9144.098143
902.749178,1000,9192.992404
845.278539,1000,9229.051499
748.048916,1000,9265.33481
848.476429,1000,9299.536508
760.58138,1000,9335.897142
1077.440938,1000,9372.287115
1014.164047,1000,9406.640211
931.864743,1000,9442.974418
1022.309617,1000,9477.301892
1166.232496,1000,9513.681906
1214.529187,1000,9564.025728
1074.220849,1000,9598.241759
842.660732,1000,9634.573404
675.7668,1000,9670.962124
1180.754713,1000,9705.282015
1162.717645,1000,9741.66094
1047.55616,1000,9775.85001
1009.329409,1000,9812.282081
895.097806,1000,9848.769887
878.760601,1000,9883.135905
1088.838169,1000,9933.401262
1019.199003,1000,9969.702797
992.429958,1000,10004.058299
930.621956,1000,10040.378642
1159.456034,1000,10074.703988
913.716736,1000,10111.037019
1416.969545,1000,10147.396527
1112.461126,1000,10181.801988
1408.234938,1000,10218.240756
805.874782,1000,10254.330654
1086.555354,1000,10302.492518
1144.734901,1000,10338.761283
886.411949,1000,10372.983271
1349.166455,1000,10409.3859
802.838473,1000,10445.764683
1061.568237,1000,10479.986779
1066.322403,1000,10516.462888
1314.304326,1000,10552.85943
1239.704146,1000,10586.722515
873.006809,1000,10623.097918
908.22286,1000,10671.167667
865.622545,1000,10707.529536
1469.533241,1000,10743.914902
1334.692882,1000,10778.155876
1014.182434,1000,10814.611939
1500.000327,1000,10850.944414
1435.158098,1000,10885.240394
1309.001392,1000,10921.418517
1384.08286,1000,10955.546702
1600.609244,1000,10991.76346
1043.572962,1000,11042.323907
927.641389,1000,11076.516334
1344.860755,1000,11112.866227
1558.649269,1000,11149.294607
1626.067656,1000,11183.693587
990.750329,1000,11220.147566
1355.443278,1000,11254.480732
1609.639489,1000,11290.583007
824.101104,1000,11326.961782
1528.503683,1000,11361.163017
1538.62648,1000,11411.250916
1256.159493,1000,11447.543294
1401.896518,1000,11481.844842
859.197947,1000,11518.229285
1731.450358,1000,11552.475723
1764.611929,1000,11588.862604
1434.380089,1000,11624.878195
1534.386291,1000,11659.075693
1350.388068,1000,11695.39827
1420.364757,1000,11731.613813
1850.163219,1000,11779.58688
1821.864447,1000,11816.016636
1833.661641,1000,11850.298885
1540.442951,1000,11886.59588
1859.318961,1000,11923.015543
1916.078558,1000,11957.143568
1769.217862,1000,11993.173637
1686.80764,1000,12029.446457
1850.009953,1000,12063.661391
1858.996009,1000,12099.783075
1943.767901,1000,12147.902994
1919.19743,1000,12184.231297
1948.719657,1000,12220.571571
1891.956507,1000,12254.769151
2067.525389,1000,12291.041889
1986.73065,1000,12327.106215
1849.871589,1000,12360.90866
1357.461538,1000,12397.160007
2100.571447,1000,12431.351216
2045.003888,1000,12467.337603
1985.306545,1000,12517.512919
1906.580389,1000,12551.78304
2214.395305,1000,12588.036625
2186.364795,1000,12624.343298
2074.56405,1000,12658.594829
2229.806236,1000,12694.804583
2133.297875,1000,12729.381689
2140.093037,1000,12766.192576
2124.369478,1000,12802.861638
2223.347376,1000,12837.483944
2254.972929,1000,12888.463173
2262.536844,1000,12924.8676
2241.878166,1000,12959.156692
2298.723576,1000,12995.378848
2244.758994,1000,13029.610136
2185.567891,1000,13065.446089
2228.585838,1000,13101.727639
2267.077763,1000,13135.692963
2247.96578,1000,13172.020177
2333.36179,1000,13208.388778
2260.22804,1000,13256.343237
2339.132974,1000,13292.723369
2373.981445,1000,13326.999823
2361.392109,1000,13363.431937
2410.434999,1000,13399.503433
2386.292969,1000,13433.45566
2378.015831,1000,13469.599347
2411.344846,1000,13505.743268
2338.666832,1000,13539.944771
2378.439653,1000,13576.224512
2369.914788,1000,13624.167534
2402.154754,1000,13660.565634
2368.90238,1000,13696.884142
2393.239213,1000,13731.036121
2370.031744,1000,13767.385963
2394.357135,1000,13803.317406
2364.964933,1000,13837.518174
2422.212469,1000,13873.799952
2406.05188,1000,13907.969149
2455.827494,1000,13944.239778
2423.246549,1000,13994.301727
2479.050982,1000,14028.607758
2458.433808,1000,14064.846872
2367.852671,1000,14101.117222
2342.826425,1000,14135.294103
2357.519546,1000,14171.124763
2318.206936,1000,14205.359885
2392.42524,1000,14241.610704
2489.138655,1000,14277.890555
2460.153759,1000,14312.099679
2501.883454,1000,14361.994713
2433.637912,1000,14398.370336
2486.207382,1000,14432.459847
2506.191734,1000,14468.732012
2469.658639,1000,14502.900582
2551.95017,1000,14538.716705
2512.778459,1000,14575.113502
2527.38295,1000,14609.261934
2579.85357,1000,14645.600672
2553.174284,1000,14682.008132
2494.879857,1000,14729.631351
2504.180261,1000,14765.827439
2444.474565,1000,14800.167338
2537.554775,1000,14836.402875
2519.141631,1000,14872.647051
2363.064993,1000,14906.535651
2582.075521,1000,14942.889612
2526.897908,1000,14979.202436
2395.568332,1000,15013.436923
2477.145601,1000,15049.776103
2446.927855,1000,15097.319785
2468.302658,1000,15133.546212
2523.646253,1000,15169.740255
2471.440812,1000,15204.043221
2510.081346,1000,15240.239845
2532.844003,1000,15276.151847
2463.236455,1000,15310.484969
2173.274485,1000,15346.906442
2557.311602,1000,15381.112052
2496.901098,1000,15417.400783
2589.991774,1000,15467.184301
2533.976813,1000,15501.326282
2566.294258,1000,15537.704509
2553.845177,1000,15573.974259
2616.053631,1000,15608.150288
2628.540942,1000,15644.02165
2484.801251,1000,15678.43799
2655.78221,1000,15714.821872
2620.885079,1000,15751.200301
2566.682952,1000,15785.424189
2595.505461,1000,15835.172987
2494.174236,1000,15871.462795
2497.626938,1000,15905.836486
2607.986335,1000,15942.098718
2627.386936,1000,15976.356494
2608.372792,1000,16012.25617
2596.856814,1000,16048.585161
2548.870849,1000,16082.839492
2571.083557,1000,16118.991464
2651.270374,1000,16155.23161
2687.025962,1000,16203.149538
2597.38695,1000,16239.416623
2633.602277,1000,16273.554208
2572.336591,1000,16309.910614
2625.74674,1000,16346.30393
2635.506425,1000,16380.265483
2650.351297,1000,16416.636028
2628.051292,1000,16452.892982
2609.853689,1000,16487.15088
2553.473455,1000,16523.427219
2647.659018,1000,16571.354603
2631.052942,1000,16607.49398
2674.675298,1000,16643.83205
2721.5858,1000,16678.16946
2676.512766,1000,16714.55523
2613.33165,1000,16750.459553
2694.845665,1000,16784.730739
2675.132162,1000,16821.054042
2723.411893,1000,16855.069339
2680.09296,1000,16891.394992
2703.18036,1000,16941.534908
2725.278174,1000,16975.576133
2739.889254,1000,17011.889787
2599.724499,1000,17048.298761
2650.320118,1000,17082.629275
2698.173278,1000,17118.585896
2711.958882,1000,17152.610274
2626.80075,1000,17188.749255
2746.165,1000,17225.104143
2656.449906,1000,17259.344959
2701.095685,1000,17309.020587
2704.356254,1000,17345.318799
2702.611185,1000,17379.470961
2691.967679,1000,17415.798413
2677.213767,1000,17450.052145
2799.84322,1000,17485.815527
2689.591785,1000,17522.03885
2643.018946,1000,17556.297347
2710.694252,1000,17592.659874
2774.93208,1000,17628.920255
2693.471467,1000,17676.614083
2717.944273,1000,17712.99516
2742.977909,1000,17747.049566
2746.497195,1000,17783.31012
2703.571565,1000,17819.588375
2728.751741,1000,17853.665225
2755.543512,1000,17890.131052
2695.280474,1000,17926.685424
2711.857221,1000,17961.241083
2655.178284,1000,17997.964591
2808.062423,1000,18046.803969
2677.576849,1000,18083.399933
2761.921731,1000,18119.798898
2801.71056,1000,18153.998399
2808.117107,1000,18190.295278
2772.981421,1000,18226.012239
2765.205937,1000,18260.127223
2549.00806,1000,18296.41766
2765.690605,1000,18330.683053
2683.783789,1000,18366.873699
2793.277052,1000,18417.23621
2852.528654,1000,18451.55006
2724.615633,1000,18487.778765
2736.766539,1000,18523.995244
2717.765272,1000,18558.274104
2846.067533,1000,18593.899465
2756.391463,1000,18627.944501
1522.402184,1000,18664.458559
2724.664,1000,18700.810856
2782.076486,1000,18735.127105
2829.054098,1000,18784.069597
2756.8374,1000,18820.364233
2820.497316,1000,18854.479312
2719.46595,1000,18890.710781
2692.939839,1000,18924.703174
2735.240681,1000,18960.546045
2751.275368,1000,18996.864308
2729.728299,1000,19030.962714
2807.871752,1000,19067.351683
2787.598073,1000,19103.660131
2834.89968,1000,19150.936637
2688.538441,1000,19187.382013
2847.151078,1000,19221.639354
2865.108947,1000,19257.798
2792.578439,1000,19294.136234
2844.864356,1000,19327.920316
2757.641627,1000,19364.160744
2843.046878,1000,19400.314549
2878.158586,1000,19434.455172
2769.611712,1000,19470.809276
2814.48081,1000,19518.644038
2804.843002,1000,19554.775853
2800.257184,1000,19591.074963
2799.806245,1000,19625.264225
2798.561622,1000,19661.715725
2834.376804,1000,19697.552607
2827.902121,1000,19731.681021
2855.853663,1000,19768.03291
2870.871394,1000,19802.33531
2843.45565,1000,19838.78282
2824.556221,1000,19888.705455
2858.806761,1000,19923.040403
2809.79931,1000,19959.225571
2802.602553,1000,19995.478779
2779.815319,1000,20030.169152
2814.642925,1000,20066.651669
2757.242698,1000,20101.074355
2854.217885,1000,20138.049664
2774.780371,1000,20175.005168
2777.391973,1000,20209.896181
2772.197982,1000,20261.945972
2871.668066,1000,20299.194978
2886.771886,1000,20334.212281
2790.072711,1000,20371.708686
2824.45972,1000,20407.187749
2816.97853,1000,20443.749418
2854.167292,1000,20481.028252
2844.22463,1000,20516.230326
2805.130419,1000,20553.719019
2828.896613,1000,20590.882823
2816.378633,1000,20640.507291
2809.700649,1000,20677.68472
2840.132832,1000,20712.647222
2859.280652,1000,20749.865429
2863.43609,1000,20786.34245
2931.783549,1000,20820.508731
2885.1323,1000,20857.583258
2874.097159,1000,20894.012015
2857.905998,1000,20928.395315
2877.872469,1000,20964.836724
2896.647101,1000,21012.693957
2844.158196,1000,21048.959978
2804.226882,1000,21085.215974
2843.889282,1000,21119.501032
2881.668215,1000,21155.592613
2928.71405,1000,21191.328429
2850.402443,1000,21225.5056
2687.960224,1000,21261.901475
2851.818916,1000,21296.125038
2856.087502,1000,21332.531421
2847.919875,1000,21382.356144
2891.418467,1000,21416.705337
2863.486346,1000,21453.131202
2915.332674,1000,21489.601079
1146.460275,1000,21523.775107
2933.703011,1000,21559.431219
2831.229441,1000,21593.632708
2933.102838,1000,21630.10014
2828.027816,1000,21666.563743
2854.3992,1000,21700.940828
2858.636665,1000,21750.845095
2918.219874,1000,21787.243768
2807.377667,1000,21821.649517
2834.000818,1000,21858.014148
2904.597189,1000,21892.144662
2927.329129,1000,21927.943684
2917.811216,1000,21964.41235
2927.943613,1000,21998.748902
2911.888134,1000,22035.27406
2887.495106,1000,22071.655386
2905.311882,1000,22119.556948
2925.489661,1000,22156.163372
2855.377171,1000,22190.434594
2972.320969,1000,22226.832695
2848.04563,1000,22263.325217
2881.235663,1000,22297.038494
811.686264,1000,22333.671897
2897.928467,1000,22370.258364
2965.747071,1000,22404.649768
2964.4785,1000,22441.099182
2929.708338,1000,22489.061794
2890.003256,1000,22525.6457
2913.04436,1000,22562.040254
2880.390886,1000,22596.498408
2934.272852,1000,22632.985337
2923.562075,1000,22669.242546
2951.929776,1000,22704.420779
2905.179557,1000,22741.285617
2958.997622,1000,22776.25726
2907.203529,1000,22813.249259
2958.112177,1000,22863.963695
2906.057969,1000,22899.182364
2944.069457,1000,22936.278027
2974.868156,1000,22973.187674
2987.232727,1000,23007.997596
2921.222838,1000,23044.061001
2958.146369,1000,23079.466399
2936.547546,1000,23116.485756
2890.769275,1000,23153.160189
2957.590968,1000,23187.755773
2927.495635,1000,23238.018353
2904.475194,1000,23274.531171
2956.720828,1000,23309.079922
2983.171841,1000,23345.701112
2953.419288,1000,23380.358252
2943.861986,1000,23416.299006
2994.789049,1000,23453.043378
2982.376031,1000,23487.623878
2973.698218,1000,23524.262445
3000.297142,1000,23561.002842
2912.259858,1000,23609.004172
2933.439316,1000,23645.811944
2942.951496,1000,23680.514454
2937.469495,1000,23717.275811
2988.352648,1000,23754.06094
3018.34291,1000,23787.896685
3006.561295,1000,23822.358104
2944.80787,1000,23856.613272
3001.852994,1000,23888.980556
2982.777551,1000,23923.191743
3038.524353,1000,23967.797572
2983.035873,1000,24002.456555
3048.185905,1000,24036.987873
2929.251992,1000,24069.638733
2987.90709,1000,24104.121305
3023.411429,1000,24138.312467
3020.498966,1000,24169.480551
2973.45146,1000,24204.403746
3010.372632,1000,24237.485672
3009.249715,1000,24272.747084
3014.807423,1000,24321.836289
2976.743604,1000,24355.329417
2956.417893,1000,24390.677479
3065.141578,1000,24425.824925
3077.845141,1000,24458.755366
2973.849906,1000,24493.953672
2980.129534,1000,24526.000615
2977.556674,1000,24559.91679
3067.583514,1000,24595.034996
2987.892627,1000,24628.121523
1183.470953,1000,24676.51059
3013.119937,1000,24711.507173
3024.138798,1000,24744.434832
3087.918383,1000,24779.393125
3050.38005,1000,24812.231287
3033.894475,1000,24846.787555
3021.519134,1000,24881.559967
3006.517692,1000,24912.956891
3048.68364,1000,24947.669828
3006.859641,1000,24982.431976
3006.669648,1000,25027.330755
3111.306431,1000,25061.549209
3037.705835,1000,25093.876734
3057.772735,1000,25128.125541
3027.670597,1000,25162.390765
3030.738367,1000,25194.756287
3077.047109,1000,25228.857683
3032.248629,1000,25263.194862
3047.879008,1000,25293.799622
3048.591672,1000,25327.771898
3058.941877,1000,25372.542168
3009.56063,1000,25406.913751
3065.272015,1000,25441.292255
3083.7001,1000,25473.735525
3094.851253,1000,25508.048324
3126.495244,1000,25542.434169
3119.29349,1000,25574.599483
3028.843033,1000,25608.9218
3075.923642,1000,25641.235599
3069.916426,1000,25673.520105
3097.018826,1000,25720.210277
3093.985534,1000,25752.558771
3065.284782,1000,25786.959196
3097.011776,1000,25821.348249
3089.85261,1000,25853.760769
3092.193613,1000,25888.132031
3091.737809,1000,25920.37605
3154.113817,1000,25954.821412
3079.201444,1000,25989.074059
3068.539743,1000,26021.269217
682.04916,1000,26066.410732
3111.823289,1000,26100.809256
3079.012587,1000,26133.24416
3043.137793,1000,26167.747544
3084.103161,1000,26200.138033
3105.291875,1000,26234.520328
3092.385009,1000,26268.687062
3167.723653,1000,26301.095064
3043.768107,1000,26335.410602
3082.402201,1000,26369.590064
3104.303591,1000,26413.751205
3124.635518,1000,26446.916958
3147.518073,1000,26479.320264
3064.558624,1000,26513.722401
3137.240947,1000,26548.13266
3048.649437,1000,26580.523615
3138.485784,1000,26614.688974
3100.631376,1000,26649.078207
3155.993708,1000,26681.560019
3130.800466,1000,26715.904626
3097.138299,1000,26760.518273
3160.525926,1000,26794.267192
3073.468543,1000,26827.557204
3109.944297,1000,26860.025968
3153.734539,1000,26894.491508
2550.111048,1000,26928.921951
3127.481864,1000,26961.216321
3155.605931,1000,26995.555633
3099.140076,1000,27027.900463
3075.554412,1000,27062.280864
3142.426698,1000,27108.554944
3108.271107,1000,27140.993063
3041.993645,1000,27174.427605
3113.468576,1000,27207.949323
3128.772606,1000,27240.356136
3142.781075,1000,27274.755907
3173.77715,1000,27306.958192
3123.395026,1000,27341.439945
3129.312147,1000,27376.223623
3118.262517,1000,27409.009567
3188.931798,1000,27456.319485
3130.650411,1000,27490.70369
3117.248699,1000,27523.540336
3109.870699,1000,27557.55073
3134.566884,1000,27589.49876
3150.145127,1000,27623.896449
2950.726231,1000,27658.203888
3036.735036,1000,27691.206774
3089.748022,1000,27725.825064
3064.550104,1000,27760.494763
3093.28002,1000,27805.915657
3149.02811,1000,27840.631626
3087.013239,1000,27873.07712
3142.414823,1000,27907.59067
3150.144084,1000,27941.422098
3192.206729,1000,27974.120281
3156.009894,1000,28008.690751
3092.147059,1000,28043.472534
3052.133395,1000,28076.032965
3071.673212,1000,28111.171885
3075.634123,1000,28156.731817
3149.297921,1000,28191.16557
3130.636201,1000,28225.579952
3153.197585,1000,28257.506854
3150.689217,1000,28291.891058
3170.488063,1000,28324.939179
3157.202681,1000,28357.212591
3119.601369,1000,28391.631978
3207.133804,1000,28424.019909
3160.08138,1000,28458.477326
3164.800735,1000,28505.239903
3016.267399,1000,28537.653004
3121.082266,1000,28572.034266
3133.320184,1000,28606.472824
3110.317104,1000,28638.41736
3099.999042,1000,28672.651527
3064.726928,1000,28703.574911
3130.583152,1000,28738.064925
3187.026953,1000,28772.391962
3152.818047,1000,28804.812488
3172.573279,1000,28851.564165
3119.258669,1000,28886.091708
3132.978251,1000,28918.528239
3143.101697,1000,28953.215119
3015.474525,1000,28986.089787
3177.723231,1000,29020.392474
3155.239675,1000,29054.885273
3076.183239,1000,29086.384108
3154.966392,1000,29121.024322
3179.914052,1000,29155.867299
3170.518534,1000,29201.493883
3169.343821,1000,29236.347376
3177.88203,1000,29269.231114
3176.366734,1000,29303.908842
3183.134513,1000,29338.647356
3150.347831,1000,29371.146876
3104.135899,1000,29405.819636
3152.565145,1000,29440.75749
3135.044265,1000,29472.173358
3172.773647,1000,29506.561388
3162.468516,1000,29551.417495
3212.861725,1000,29585.900427
3157.006801,1000,29620.479244
3229.731543,1000,29653.00023
3153.01055,1000,29687.450449
3193.677515,1000,29721.811098
3195.172456,1000,29753.907956
3159.6319,1000,29788.03118
3207.960569,1000,29820.214124
3190.784731,1000,29853.382365
3213.458556,1000,29900.336886
3225.949002,1000,29932.901474
3165.253367,1000,29967.343916
3149.342205,1000,30001.896868
3163.271802,1000,30034.392871
3162.309192,1000,30068.734969
3164.574997,1000,30101.128818
3179.233542,1000,30135.16693
3205.364569,1000,30169.387917
3103.276178,1000,30202.270056
3217.290179,1000,30248.437496
3205.052938,1000,30282.862886
3158.094893,1000,30315.59885
3239.888489,1000,30350.47415
3176.818273,1000,30383.389308
2512.997861,1000,30418.157578
517.230459,1000,30453.368816
530.244342,1000,30486.710747
3228.674333,1000,30521.41349
3129.64562,1000,30556.917398
3224.806991,1000,30601.988143
3239.009076,1000,30636.793052
3214.982438,1000,30670.19148
3210.709576,1000,30705.788292
3181.316083,1000,30741.249321
3232.760827,1000,30774.247872
3214.079487,1000,30809.568035
3190.89626,1000,30844.808147
3173.264928,1000,30877.939787
3226.791376,1000,30912.408989
3174.104239,1000,30957.709596
3237.208348,1000,30991.067824
3161.825542,1000,31025.397466
3224.106415,1000,31057.935217
3253.637113,1000,31092.316447
3147.236591,1000,31126.618232
3199.45238,1000,31158.967088
3216.995846,1000,31193.401313
3246.207183,1000,31225.862816
3199.210708,1000,31260.340909
3254.015192,1000,31306.757825
3217.749065,1000,31339.652757
3222.415695,1000,31373.300491
3213.924834,1000,31407.990624
3236.336502,1000,31440.844665
3247.897827,1000,31475.727296
3198.897627,1000,31508.640066
3224.04904,1000,31543.094107
3246.488318,1000,31577.707724
3250.97199,1000,31610.343045
3187.400713,1000,31657.499922
3246.209659,1000,31692.159066
3216.322275,1000,31724.62188
3228.620809,1000,31757.854975
3181.704359,1000,31790.315106
3250.628178,1000,31824.887858
3225.661449,1000,31859.405564
3258.792675,1000,31891.816926
3185.458688,1000,31926.369457
3207.835514,1000,31961.006693
3299.669299,1000,32006.536042
3216.211495,1000,32040.737111
3254.4434,1000,32073.222692
3218.974972,1000,32107.61474
3202.89246,1000,32140.856604
3246.207343,1000,32173.444631
3253.69843,1000,32208.01599
3259.856836,1000,32242.525066
3252.615692,1000,32275.161966
3193.189283,1000,32309.758015
3245.778667,1000,32354.620155
3247.57344,1000,32389.044787
3237.893018,1000,32422.96368
3153.082275,1000,32455.489696
3290.861768,1000,32489.909316
3232.538967,1000,32524.312548
3241.555606,1000,32555.676681
3213.439513,1000,32590.279241
3110.405429,1000,32622.926681
3246.151344,1000,32657.626051
3292.043552,1000,32704.73508
3228.81437,1000,32737.499689
3236.188894,1000,32772.043972
3269.713595,1000,32806.162878
3226.852571,1000,32838.703563
3244.275689,1000,32873.291022
3251.158579,1000,32904.626345
3234.574494,1000,32939.271881
3055.826443,1000,32973.985574
3249.784594,1000,33006.678022
3179.824625,1000,33053.657927
3265.51343,1000,33088.256338
3294.499268,1000,33120.775557
3224.090995,1000,33155.44647
3263.610987,1000,33187.434
3287.546453,1000,33222.125481
3282.008782,1000,33255.410937
3239.65429,1000,33287.992943
3299.155848,1000,33322.778139
3254.624662,1000,33357.893808
3191.994998,1000,33404.216949
3246.600982,1000,33439.548091
3262.357214,1000,33472.756063
3242.022723,1000,33507.799613
3272.758327,1000,33542.401063
2529.006593,1000,33575.085671
3260.708201,1000,33608.49334
3287.051464,1000,33643.063589
3283.23949,1000,33675.625623
3276.290785,1000,33710.363648
3083.679045,1000,33755.426068
3257.011112,1000,33790.009932
3223.981013,1000,33824.729972
3298.58133,1000,33857.357017
3259.778741,1000,33892.087796
3265.421966,1000,33926.172818
3193.055188,1000,33957.272053
3281.268903,1000,33991.475265
3250.363313,1000,34023.538175
3232.193246,1000,34057.801507
3290.573598,1000,34103.897752
2878.306427,1000,34136.21866
3308.285527,1000,34170.517302
3220.139056,1000,34204.718373
3260.958616,1000,34237.002375
3192.912285,1000,34271.214254
3237.260785,1000,34300.772929
3272.955383,1000,34328.204181
3223.613486,1000,34355.652469
597.398199,1000,34381.404431
3247.071355,1000,34416.194402
3281.992919,1000,34443.70994
3241.705341,1000,34469.604558
3293.98545,1000,34497.058702
3290.093698,1000,34522.881725
3277.898211,1000,34550.278762
3243.853649,1000,34577.829657
3275.393447,1000,34603.819395
3242.835671,1000,34631.043397
3314.752872,1000,34658.144817
3267.932439,1000,34691.475017
3244.753133,1000,34719.035606
3239.232465,1000,34744.845152
3274.679859,1000,34772.463743
3288.596145,1000,34800.077453
3247.643917,1000,34826.097819
3321.635786,1000,34853.718998
3255.691453,1000,34881.261227
3294.467968,1000,34907.128244
3330.068649,1000,34934.078424
3285.018206,1000,34967.365049
3263.506265,1000,34994.956879
3264.275147,1000,35022.448165
3267.544054,1000,35048.410823
3285.105687,1000,35075.992211
3298.654644,1000,35103.423597
3249.707251,1000,35129.28918
3292.025884,1000,35156.861723
3312.46995,1000,35182.745839
3251.543129,1000,35209.774679
3303.014242,1000,35244.709622
3285.963764,1000,35270.622798
3122.758022,1000,35298.167415
3277.346049,1000,35325.73274
3303.718061,1000,35351.629157
3298.229842,1000,35379.000757
3285.491203,1000,35404.951804
3256.818144,1000,35432.514327
3288.523704,1000,35459.939221
3271.50993,1000,35481.388631
