#{"t_start": 1625757739.4708695, "env_id": "HopperBulletEnv-v0"}
r,l,t
23.88297,16,0.052055
25.773333,20,0.066839
19.492832,7,0.072155
18.192747,13,0.081656
21.153148,13,0.093201
19.518456,7,0.098701
19.379697,12,0.107611
22.28991,15,0.118415
17.559274,12,0.128184
15.310068,6,0.132816
22.853219,13,0.142937
16.960895,6,0.147601
21.985217,10,0.156089
17.521467,14,0.16659
20.937589,14,0.176992
19.983398,12,0.18593
24.773738,12,0.196353
17.361751,6,0.201098
18.251199,7,0.206437
17.153877,11,0.21444
20.050667,17,0.227824
16.894716,28,0.248919
23.927095,20,0.263555
22.17489,19,0.277637
23.476012,16,0.290876
20.016305,6,0.295571
21.024506,8,0.301568
23.183334,17,0.314111
15.969579,10,0.322537
26.052559,21,0.338485
25.673894,17,0.351085
22.82357,18,0.364094
20.473823,16,0.376985
21.213251,15,0.388664
25.912648,17,0.401012
20.706567,9,0.407717
20.141162,10,0.416189
18.182719,12,0.425098
24.605953,22,0.441816
19.106596,8,0.447919
18.740572,10,0.456515
19.184328,9,0.463332
17.925328,8,0.469392
23.510947,16,0.480983
19.868843,18,0.495955
21.382361,9,0.502584
18.283211,10,0.510153
22.052671,13,0.519951
20.383288,8,0.526998
17.687608,13,0.537084
18.69348,9,0.543791
16.304619,20,0.558482
18.119714,8,0.565439
23.164249,12,0.574332
16.503763,9,0.581069
28.069552,18,0.594417
22.209755,10,0.602973
18.364817,13,0.612581
20.037958,9,0.619389
15.416178,10,0.626768
17.567741,8,0.634396
28.234505,19,0.648559
19.503325,12,0.657292
21.130536,7,0.662569
22.016446,13,0.673283
16.852794,6,0.677957
22.979769,9,0.685197
23.113227,16,0.696971
26.738356,31,0.720572
20.912391,15,0.732271
22.587355,15,0.743005
22.480921,18,0.756301
19.139303,11,0.765566
20.44687,8,0.771716
19.797665,9,0.779056
21.059958,12,0.787933
20.261233,12,0.797856
19.535016,10,0.805439
17.945679,9,0.812078
25.079653,16,0.823688
21.955498,15,0.836085
18.399831,9,0.842707
14.411517,11,0.850852
18.80027,23,0.867576
15.016326,9,0.875169
18.373244,9,0.882543
20.841802,10,0.89006
20.63071,12,0.898792
17.854846,9,0.906652
23.627954,11,0.914861
20.206389,10,0.922475
16.944837,16,0.934708
21.08287,14,0.946263
17.544264,7,0.951725
17.84494,20,0.9666
19.909173,13,0.976712
21.811663,14,0.988073
18.07322,10,0.995669
19.310361,8,1.001758
19.344806,9,1.008643
24.019603,17,1.022364
24.018096,17,1.035577
19.64485,6,1.040381
39.080813,52,1.088002
23.268019,18,1.109244
18.297939,13,1.124039
27.767164,17,1.138568
26.631173,15,1.150034
22.211593,16,1.163182
21.26641,12,1.172132
15.019954,17,1.184623
17.025505,11,1.192712
21.950924,10,1.201741
22.029092,14,1.212175
17.755967,10,1.219669
22.347265,10,1.227271
19.425916,10,1.23582
16.150853,10,1.243274
18.765804,8,1.24988
19.391572,16,1.261422
25.615323,14,1.272814
20.383223,10,1.2803
19.807793,9,1.286959
16.999122,6,1.291675
27.43497,26,1.311859
22.258952,19,1.325576
25.623569,25,1.344252
17.465658,7,1.349571
13.788028,14,1.36071
19.443292,12,1.369385
18.66225,10,1.376995
18.770253,8,1.382992
23.414824,10,1.391424
19.977807,12,1.400751
34.319249,36,1.426556
22.3096,12,1.435336
19.156987,11,1.444957
23.207709,17,1.457167
15.649853,10,1.464527
19.993045,15,1.475402
21.092958,9,1.48314
18.322465,6,1.487748
19.825297,7,1.493572
13.619019,12,1.502271
19.005412,15,1.51404
25.597174,17,1.526236
18.926298,10,1.533643
18.457656,7,1.539587
36.908979,32,1.563345
22.369063,10,1.570668
19.098142,15,1.58165
20.838109,9,1.588955
21.061681,15,1.601131
19.114047,7,1.606492
20.112933,15,1.617472
20.481406,7,1.622968
21.451016,11,1.632142
20.624642,10,1.640199
17.691306,11,1.648501
22.553828,15,1.659634
22.806155,12,1.669612
17.687766,8,1.675772
24.410959,14,1.686488
20.834154,10,1.694084
19.406048,11,1.703118
20.72135,9,1.709781
19.37116,7,1.715321
20.940696,10,1.722889
17.986843,8,1.730098
18.323291,12,1.739663
23.054243,10,1.747221
20.547204,9,1.75395
18.199294,8,1.761114
23.035356,14,1.771435
21.572935,14,1.781985
16.922367,9,1.789354
17.956115,11,1.798583
21.731793,8,1.804769
20.305894,15,1.815709
15.988773,13,1.825402
19.604972,9,1.83323
15.222756,6,1.838514
23.370915,13,1.848223
20.72575,18,1.861442
13.469988,10,1.869919
19.911543,9,1.876666
19.246171,12,1.886177
20.817554,9,1.893022
20.379212,18,1.90729
17.01178,7,1.912763
23.012901,13,1.922405
19.674036,9,1.929335
22.876489,12,1.939725
18.268935,17,1.952353
21.393777,16,1.964403
21.085286,17,1.976797
20.473998,9,1.985178
18.882183,15,1.996231
20.820072,11,2.004506
30.829141,25,2.022922
18.572268,11,2.032036
20.334847,9,2.039693
17.826991,12,2.048629
15.592492,7,2.054053
14.67293,18,2.068074
26.413262,17,2.080611
20.506639,10,2.08857
20.146461,15,2.099773
19.449527,9,2.107753
8.125068,12,2.116497
29.867722,23,2.133918
18.613209,10,2.141576
17.265486,24,2.16019
19.121554,10,2.167647
25.650677,19,2.182196
22.02506,13,2.192044
18.504371,7,2.198484
24.843486,15,2.209559
20.834635,8,2.215703
19.054713,7,2.221134
20.952446,8,2.228171
18.192691,8,2.234687
20.743933,13,2.244317
13.930995,11,2.252307
18.440599,9,2.260043
18.849155,7,2.265343
11.008282,12,2.274177
20.746899,13,2.284223
18.597096,6,2.289845
17.135231,7,2.295314
19.630839,8,2.301405
20.03284,17,2.313989
22.019672,13,2.32448
16.387391,9,2.331764
22.416082,18,2.344864
23.763371,12,2.353864
17.389503,11,2.362782
16.521582,10,2.370224
13.10923,10,2.377625
18.211395,13,2.387848
19.643322,11,2.397089
23.919763,20,2.411582
19.362866,16,2.423161
18.130135,17,2.435979
17.567614,6,2.44164
25.308842,21,2.456877
23.082564,17,2.469328
16.57019,10,2.477483
17.354371,8,2.484478
16.350336,8,2.490633
18.863843,8,2.496722
23.79954,18,2.510047
20.562886,11,2.519336
21.215487,10,2.526958
16.592308,11,2.53592
20.653649,9,2.542754
26.822541,19,2.557388
19.989827,9,2.56428
27.03321,17,2.577425
19.885333,7,2.582922
18.065292,6,2.58858
23.393451,12,2.597598
18.530128,8,2.603747
20.825025,12,2.612645
22.755316,9,2.620502
23.154338,13,2.630718
16.821242,6,2.635393
21.396682,11,2.643502
18.408651,11,2.652463
21.197217,16,2.664029
17.389456,9,2.670833
21.520964,11,2.679798
18.325272,9,2.687477
18.801971,11,2.6958
16.801343,15,2.706833
18.072362,9,2.713717
20.471301,8,2.72089
18.006623,8,2.727051
21.414233,11,2.736029
18.965488,8,2.74225
21.200284,9,2.750008
17.959597,6,2.754695
19.511511,10,2.762274
23.85726,19,2.776234
18.461622,8,2.783847
20.327361,13,2.793615
17.440954,7,2.799088
16.825866,13,2.808709
21.403867,16,2.821538
20.056793,19,2.836045
20.927678,14,2.846363
20.474222,9,2.853101
18.578708,9,2.860871
21.62996,12,2.869849
17.263247,9,2.876595
19.848826,16,2.888619
18.733375,9,2.896508
19.708707,8,2.902631
21.022488,11,2.91075
15.704697,10,2.918216
21.933426,16,2.931579
11.429571,22,2.947441
16.629926,15,2.958568
16.49498,7,2.964033
20.002837,7,2.970477
18.879592,6,2.97531
21.298269,10,2.983417
19.031375,9,2.990214
19.144477,13,3.000847
16.095231,10,3.008328
16.889945,12,3.017195
20.208271,7,3.022716
15.02596,9,3.03107
18.828093,13,3.041038
22.570904,13,3.050868
21.714152,11,3.059254
18.865689,7,3.065738
23.71313,18,3.079432
16.944184,6,3.084305
25.384133,14,3.094707
25.377287,20,3.110323
21.442281,19,3.124424
22.860553,17,3.137589
19.333065,8,3.143684
14.024898,10,3.152207
20.343962,7,3.157716
19.911252,6,3.162482
20.204592,12,3.171418
21.29131,10,3.183358
18.893074,7,3.192386
16.604683,11,3.205925
15.590529,14,3.221558
19.538929,14,3.232789
19.527567,12,3.241675
17.781084,6,3.246978
19.667118,7,3.252429
17.657535,7,3.258879
20.822674,11,3.267195
20.124326,10,3.274605
20.996499,10,3.282237
17.918035,7,3.288539
20.653686,10,3.296604
20.147562,13,3.306515
21.056866,9,3.313515
21.233318,12,3.323381
24.55032,14,3.333827
20.591879,8,3.339912
17.639077,8,3.346516
22.33497,14,3.357903
18.141872,10,3.365585
20.692304,16,3.377388
19.543067,14,3.387899
17.519553,13,3.399178
17.280034,9,3.406082
22.756178,12,3.415129
17.625643,10,3.422669
14.14444,8,3.429755
20.330555,13,3.439187
20.549833,17,3.452404
22.161954,11,3.46087
16.084785,6,3.466488
18.534695,6,3.471292
19.811251,14,3.481909
18.217436,8,3.488083
20.39231,11,3.497771
16.656027,10,3.50508
21.030577,10,3.512588
18.470254,7,3.518089
16.964177,8,3.525065
18.543185,7,3.530531
12.900061,24,3.548675
19.027666,6,3.553483
17.083491,10,3.561915
21.325292,8,3.568219
25.730575,14,3.578616
18.83947,6,3.58333
17.134529,9,3.590984
17.740143,5,3.595058
18.907084,9,3.602504
19.33421,13,3.612239
19.930837,9,3.620124
22.33954,15,3.631292
19.464606,11,3.639624
14.914144,6,3.64434
16.939416,7,3.651163
19.60928,10,3.658857
18.900904,8,3.664999
17.393125,13,3.674577
18.365734,6,3.680274
18.464255,7,3.685786
21.658349,22,3.702856
16.355133,18,3.716171
18.503697,10,3.724803
19.929569,14,3.73523
20.791757,8,3.741471
19.961248,19,3.756019
21.6634,11,3.765391
21.608785,9,3.772245
21.910554,16,3.783988
15.281517,13,3.793612
22.524386,11,3.803484
19.39289,8,3.809702
24.037684,14,3.820101
18.729971,12,3.828904
19.871261,15,3.840944
18.617235,11,3.849546
18.940046,12,3.858395
20.330685,10,3.866081
16.946598,10,3.874735
17.481952,8,3.880913
23.158101,14,3.891081
21.501588,13,3.901182
18.80309,8,3.908176
19.525282,14,3.918299
17.547827,14,3.928411
15.059007,17,3.941095
21.304392,13,3.952269
22.379485,24,3.969587
17.727998,17,3.981998
18.047267,9,3.988787
22.082215,13,4.000012
20.220183,12,4.008826
21.637148,10,4.016424
16.420698,6,4.021062
23.999857,13,4.031873
21.885776,9,4.038731
18.269267,16,4.050969
22.044225,14,4.061698
28.76582,28,4.082776
18.793046,8,4.088844
20.214564,11,4.097732
26.717243,15,4.108967
13.306381,13,4.119359
17.87419,7,4.124637
18.939229,11,4.132806
17.061965,24,4.150262
18.793631,6,4.155873
23.156591,13,4.165446
16.169179,6,4.17003
19.141074,14,4.180277
17.945981,10,4.188577
18.612028,7,4.194361
17.8588,8,4.200423
22.489491,9,4.207186
24.700449,13,4.21784
19.039646,8,4.223861
18.217182,6,4.228533
18.315785,6,4.233176
28.084795,18,4.247811
20.941187,13,4.25703
24.256173,14,4.267518
23.30645,14,4.277617
26.318154,15,4.289627
18.436605,13,4.2997
17.933354,17,4.311841
20.783692,13,4.321517
19.579972,7,4.327783
20.983761,11,4.335823
23.684915,22,4.352331
28.613489,18,4.365589
20.336511,13,4.376249
21.344256,11,4.384373
22.958512,11,4.392905
17.132378,13,4.402364
19.019322,7,4.408639
23.393016,16,4.420204
18.684702,10,4.427591
16.987156,10,4.434835
19.172855,6,4.440879
21.729384,12,4.449759
19.991988,9,4.456546
19.163803,7,4.462007
17.555272,7,4.468189
19.816065,10,4.475585
21.621494,10,4.483005
17.03376,14,4.493595
20.564858,10,4.501921
23.302264,10,4.509562
18.532768,11,4.517611
18.125166,7,4.523013
22.251395,14,4.534369
18.195123,8,4.540872
17.173358,12,4.54978
19.210692,11,4.557917
21.471358,16,4.570474
20.834559,9,4.577355
16.279997,15,4.589051
22.205617,11,4.597098
17.06631,11,4.606091
22.939997,15,4.617422
28.690251,17,4.630098
18.023303,7,4.636139
22.356702,15,4.648088
23.576332,16,4.659605
17.677086,8,4.665648
19.062877,8,4.671717
18.864746,7,4.677936
14.853712,9,4.685273
14.930055,10,4.692686
13.511686,12,4.701491
14.322712,15,4.713261
23.549165,15,4.724106
19.342437,10,4.731486
16.481763,7,4.737334
23.682952,15,4.749285
18.171423,6,4.753987
17.604212,7,4.759356
18.762492,7,4.764627
13.947628,7,4.770783
20.717372,13,4.780598
20.607614,11,4.789317
18.376616,20,4.803587
26.642025,21,4.820035
24.142256,15,4.831785
17.080587,18,4.844805
16.174381,20,4.859205
19.471929,8,4.866348
15.93464,6,4.871067
23.955566,15,4.882409
19.227787,7,4.887827
21.509104,9,4.895508
23.424975,15,4.906732
19.162467,9,4.913395
18.799177,27,4.933717
17.790833,6,4.939328
20.995744,12,4.948103
19.319138,22,4.964265
20.27742,19,4.978472
25.634166,15,4.990358
17.014557,9,4.997089
22.716471,18,5.010339
19.999895,7,5.015789
20.784282,17,5.029516
23.046985,14,5.040069
20.50518,9,5.046911
18.863929,9,5.05412
23.292373,12,5.064136
22.590139,15,5.074928
21.852611,14,5.085926
21.229103,11,5.094084
19.794957,10,5.102677
23.465716,16,5.1144
20.515424,9,5.12129
16.046153,6,5.126482
24.4915,17,5.139861
18.536501,18,5.153163
19.060077,9,5.160041
16.33312,6,5.164727
13.90881,13,5.175042
20.745549,13,5.185281
14.808247,21,5.20008
17.175903,7,5.20541
21.807221,15,5.217634
18.342748,11,5.226291
19.952031,8,5.232352
19.742698,11,5.240687
18.143482,9,5.248424
21.356441,18,5.261519
17.911493,8,5.267617
22.692348,15,5.279314
23.230246,18,5.293779
18.737088,11,5.302086
22.199226,17,5.314878
22.969158,24,5.332928
24.191597,18,5.34721
21.561236,16,5.359065
19.739377,8,5.365081
17.684208,7,5.370435
19.828722,10,5.37938
19.776533,8,5.385483
21.389702,11,5.393502
20.42877,12,5.402525
20.178101,10,5.41102
22.615219,16,5.423357
17.614295,13,5.432764
14.521923,11,5.440813
17.444854,13,5.451349
19.621672,20,5.46572
20.042125,12,5.475048
20.484598,9,5.481961
23.65189,13,5.492707
22.878501,12,5.501804
19.387435,10,5.509327
20.738256,11,5.517501
18.053222,6,5.52362
19.62082,9,5.530556
21.392545,10,5.538276
19.986798,6,5.543055
21.899237,10,5.551641
17.54429,10,5.559072
18.01864,7,5.56451
18.907021,9,5.571732
22.732951,12,5.581636
16.631227,8,5.587711
21.470638,19,5.601409
19.696859,10,5.608899
22.697092,15,5.62161
19.213614,13,5.631243
22.41601,15,5.642205
16.804751,9,5.649035
20.662363,8,5.656361
18.363255,10,5.663861
19.888933,20,5.678662
19.548604,6,5.683216
17.218553,13,5.693954
20.784415,10,5.701557
23.543514,13,5.711122
21.877752,16,5.723342
22.594983,10,5.731607
20.360667,7,5.736892
18.589637,8,5.742936
23.89193,14,5.75316
18.8324,11,5.762205
26.591676,20,5.777344
20.543819,14,5.787349
16.952597,10,5.79459
15.472031,24,5.812645
19.733325,9,5.820001
25.221449,22,5.835971
15.127625,13,5.845579
17.993478,6,5.851276
17.978578,10,5.858786
17.892768,9,5.866061
19.336268,9,5.87286
19.49352,7,5.881909
20.439629,12,5.89645
21.276503,10,5.908575
18.052716,7,5.917298
23.342665,11,5.931631
18.068698,8,5.942206
23.087866,20,5.964861
17.377209,6,5.969704
18.448739,8,5.976783
24.049263,16,5.989059
21.227022,16,6.00134
22.950574,16,6.013427
22.182336,13,6.024282
22.120862,17,6.036839
22.200782,17,6.050068
21.993611,23,6.067186
18.975563,6,6.073025
24.513627,14,6.083502
18.664781,17,6.095803
26.557223,17,6.109329
21.239524,11,6.118432
19.589563,10,6.126147
19.662326,9,6.133261
19.586544,15,6.144406
17.223361,8,6.152047
21.983674,17,6.164706
21.758752,9,6.171654
16.568032,5,6.175771
25.129292,20,6.191556
20.305008,12,6.201248
24.818314,21,6.216772
19.7317,12,6.225688
25.032147,19,6.240953
15.762892,6,6.245775
18.519754,11,6.254564
20.802383,17,6.267126
15.473463,14,6.278533
18.096214,6,6.283327
18.526494,13,6.292953
22.531472,10,6.301193
21.736069,16,6.313832
17.455826,8,6.320166
24.111493,16,6.332011
21.588493,15,6.343254
20.863195,7,6.350351
20.375424,8,6.356623
18.821771,8,6.362836
17.631611,14,6.372993
14.544481,8,6.380141
20.702729,9,6.387081
18.801327,7,6.392555
17.707051,6,6.397246
20.038583,16,6.410566
18.118964,14,6.420886
19.755843,9,6.427852
16.761608,10,6.435391
23.600309,14,6.447057
18.995403,17,6.460425
20.018062,10,6.467985
20.931204,16,6.480111
24.296982,16,6.493113
12.726476,12,6.502451
20.171262,11,6.5108
22.156161,9,6.517685
18.619047,6,6.523371
19.289584,7,6.528878
21.831065,11,6.537414
19.668219,6,6.542187
17.002876,12,6.552943
20.03811,15,6.564357
17.323261,8,6.5706
18.742807,14,6.581254
20.744099,8,6.58864
16.044522,7,6.59412
18.703364,6,6.598947
16.935621,6,6.604326
19.520999,9,6.61213
19.15761,8,6.618426
18.379675,9,6.625292
17.657529,11,6.633752
16.873849,11,6.642729
17.994822,8,6.648957
17.984181,11,6.657702
21.406766,11,6.666234
15.570679,7,6.672733
15.728655,10,6.680459
25.076309,13,6.690217
19.02589,21,6.706689
20.854552,10,6.715338
14.373343,8,6.721521
17.932379,10,6.729078
17.685226,11,6.73739
18.796585,11,6.746704
19.673289,10,6.754328
24.830887,28,6.775632
20.571122,12,6.784801
18.440453,8,6.7922
18.144667,8,6.79842
20.327203,14,6.809711
17.651824,6,6.814539
21.645865,14,6.826218
22.42915,17,6.838731
20.422345,16,6.850785
21.890395,17,6.864536
19.134122,9,6.872349
23.386016,12,6.881283
21.174189,11,6.889824
20.039267,10,6.897454
17.829316,11,6.906983
27.767948,22,6.923817
26.935076,26,6.943421
21.924636,17,6.956808
25.67555,20,6.972739
20.130878,12,6.981989
14.358063,15,6.993285
23.426264,15,7.004849
17.959832,10,7.01389
17.467656,6,7.018705
21.162916,9,7.025902
23.061241,17,7.0388
16.342341,8,7.04599
19.314488,11,7.054494
17.407466,9,7.061919
21.329873,16,7.074336
18.345194,10,7.082744
20.168804,9,7.089608
19.322013,9,7.096611
22.91363,20,7.112542
21.844794,9,7.120539
17.466354,9,7.127435
24.131135,11,7.136062
17.264904,8,7.142322
18.886944,11,7.151791
19.712068,11,7.160141
26.702377,16,7.172438
22.842818,8,7.1789
18.412505,9,7.186791
27.839306,17,7.199463
22.970556,11,7.208018
21.574407,14,7.219207
22.552118,15,7.231191
19.61552,18,7.244458
17.605115,6,7.249147
18.722588,10,7.25704
21.252465,9,7.265382
20.252566,15,7.276682
19.389707,12,7.285895
21.628224,22,7.302195
21.997669,13,7.313304
18.314037,12,7.322524
16.266667,6,7.327312
17.526841,6,7.33216
20.06436,10,7.340769
18.213375,9,7.34768
20.228316,12,7.356844
24.35596,18,7.370773
20.192868,10,7.379461
19.137598,14,7.390217
23.146583,14,7.400968
17.013926,7,7.406455
22.219018,12,7.417039
19.807832,12,7.425876
32.897665,24,7.443293
18.461482,12,7.452536
23.140901,14,7.464535
16.825283,11,7.472677
28.842062,16,7.484389
16.857895,8,7.490611
24.183175,16,7.503604
24.267987,15,7.51498
22.600979,10,7.522969
20.576986,10,7.530684
21.64165,14,7.542287
21.583756,10,7.549869
13.133306,11,7.558205
20.997247,15,7.570183
20.973873,14,7.581538
18.676867,11,7.58989
19.814491,24,7.607575
22.975086,13,7.617902
19.054989,7,7.62431
17.673481,8,7.630421
22.579817,12,7.639545
20.848359,15,7.650666
19.656013,16,7.664375
16.206555,7,7.669848
13.603135,10,7.677287
21.834655,14,7.687841
18.799538,9,7.695345
19.690519,8,7.701517
15.818919,12,7.710512
21.889366,16,7.723009
22.978539,13,7.733576
19.803011,17,7.746033
18.290733,8,7.752163
23.99781,15,7.763914
17.563384,11,7.773194
17.432137,6,7.778051
19.480888,9,7.784948
17.062092,5,7.789237
24.901902,20,7.804723
23.178504,14,7.816143
16.751353,8,7.822283
17.196505,7,7.827704
12.580153,12,7.837472
19.876037,7,7.8429
23.239096,14,7.853432
24.76522,15,7.865022
24.949182,17,8.01517
21.324419,10,8.030363
26.437298,10,8.045826
26.107481,10,8.061245
25.97792,10,8.078287
17.593586,13,9.714072
17.126756,11,9.730669
16.952022,11,9.747344
17.433563,11,9.771945
16.629714,11,9.788829
17.821044,11,11.400083
18.182505,6,11.409678
18.852226,6,11.426921
18.052528,6,11.436298
18.280185,6,11.445684
18.703592,6,11.455032
18.255515,6,11.465473
18.615479,6,11.474783
18.003875,6,11.484156
17.951538,6,11.49345
17.556367,6,11.503879
17.775014,6,13.102122
15.854172,5,13.110138
16.189556,5,13.118045
15.861181,5,13.133747
16.042399,5,13.141672
16.036674,5,13.149533
16.135433,5,13.157467
16.227673,5,13.166466
16.055614,5,13.174363
16.055881,5,13.182178
16.02607,5,13.190066
16.091547,5,13.198963
15.900724,5,13.206877
16.367267,5,14.815859
16.33444,5,14.823938
16.394954,5,14.842701
16.749283,5,14.8507
16.351423,5,14.858653
16.291569,5,14.866587
16.557256,5,14.875497
16.347676,5,14.883408
16.570865,5,14.891445
16.569907,5,14.899401
16.566623,5,14.908362
16.376394,5,14.91627
16.443901,5,14.924243
21.319852,11,16.588067
18.958712,12,16.616708
17.397069,11,16.633174
18.752877,12,16.65108
20.451548,12,16.668943
21.180036,11,18.31875
18.933342,5,18.326851
18.996585,5,18.334862
18.976632,5,18.343
19.230215,5,18.358508
18.575821,5,18.366483
19.13655,5,18.374595
19.024623,5,18.382784
18.863109,5,18.391829
17.766858,5,18.399751
19.023172,5,18.407783
18.302764,5,18.415677
17.137733,5,20.064108
26.885374,14,20.085592
27.087933,14,20.106483
28.84333,15,20.128979
26.317377,13,20.155974
21.633048,13,21.814551
18.396784,10,21.829839
18.340255,10,21.845271
16.667312,9,21.870011
17.934559,10,21.885294
18.524762,11,21.902074
18.170071,10,23.557737
16.273693,9,23.578754
16.808193,9,23.592669
17.862216,10,23.608062
16.677139,10,23.62345
16.249842,9,23.638294
16.644055,9,23.652136
18.001232,10,25.310715
17.658979,10,25.326203
16.650663,9,25.350719
17.567044,10,25.366198
16.239848,9,25.380105
16.515447,9,25.393959
17.758731,10,25.41033
21.950909,12,27.11025
21.820061,17,27.13603
20.716961,18,27.163102
19.995414,16,27.198396
11.738529,40,28.976495
17.198764,38,30.766898
75.756247,55,32.565428
35.665017,63,32.667649
27.339954,20,34.393065
27.012163,20,34.423101
27.236403,20,34.453166
24.541672,15,36.186703
26.148746,18,36.213803
28.39268,18,36.240982
29.3776,19,37.984846
37.295383,28,38.038635
28.856951,74,39.860662
5.765146,29,41.604158
0.595341,28,41.645833
-0.990492,30,41.697634
47.202058,47,43.46019
36.481931,48,45.233675
21.845047,34,45.284783
35.374058,22,47.032358
32.325618,21,47.063995
31.739176,22,48.80406
37.856527,43,48.869062
38.431739,39,50.643839
29.727831,34,50.69463
40.12504,42,52.457801
84.558516,98,55.995011
81.601405,75,57.813644
24.233638,14,57.834831
22.61101,14,57.855934
19.208219,17,57.881372
96.955574,102,61.464205
32.379001,31,61.510079
26.831373,59,63.291527
118.507128,101,66.848419
38.321621,33,66.909474
47.804354,34,68.656722
52.077464,37,70.409209
86.227882,60,72.212205
103.224031,68,74.015805
96.981923,65,75.816288
173.623148,159,79.462142
58.16824,45,81.227711
114.504477,100,83.102074
89.633071,56,84.887722
75.880194,46,86.660144
66.552375,42,88.431474
56.999856,39,88.499965
85.151237,60,90.283832
110.188735,82,92.112001
81.321065,50,93.887381
74.959696,59,95.69352
148.87186,138,99.303422
117.456674,94,102.862197
103.450572,71,104.664466
168.447523,128,108.274302
686.87715,767,129.908769
498.311324,512,144.338835
336.853205,336,153.348149
271.135325,237,160.581249
340.214544,308,169.674605
490.236137,460,182.255892
714.331477,715,202.027219
175.008585,144,205.656801
211.165536,191,211.053618
518.314296,535,227.104321
142.073162,106,228.963324
112.275337,93,232.525878
148.303126,122,236.091396
535.614616,536,250.470432
131.796701,97,252.337532
214.76139,171,257.780294
264.455334,239,264.897359
153.203247,101,266.73393
409.13744,390,279.245038
203.663446,172,282.929731
187.496574,149,288.238207
906.559188,1000,317.195993
120.738266,73,319.004416
115.103298,69,320.821835
123.855412,72,324.336501
106.828446,67,326.141783
169.898929,134,329.722448
104.757804,64,331.538048
130.493869,77,333.3582
143.287164,89,335.204757
131.734224,71,337.003546
125.811497,78,340.524041
113.465653,58,342.300156
129.08932,68,344.085263
99.887281,61,345.861375
113.713842,66,347.651458
111.009556,73,349.458585
113.319828,60,351.245489
136.347227,85,353.064301
107.252909,64,354.865362
100.552912,56,356.649196
108.312668,59,358.436922
142.53636,108,360.289904
112.227111,62,362.08409
106.059642,63,363.880919
96.078019,56,365.671924
108.248503,58,367.458121
112.350896,67,369.253971
107.995037,64,371.038574
129.652708,81,372.848412
109.504739,63,374.634334
113.025835,70,378.139388
96.948322,57,378.222889
125.482611,73,381.718302
127.20421,84,383.545232
120.640861,72,385.353625
116.907861,71,387.142228
128.794653,84,388.965558
139.590909,97,392.516122
132.347334,81,394.34715
114.765177,69,396.144601
110.520791,65,397.932471
169.823138,106,401.467307
112.705433,63,403.259709
117.38912,63,405.067074
113.56128,66,406.859579
251.219375,214,412.349407
110.039367,68,414.160896
128.903807,73,417.690289
191.080635,142,421.296949
150.922397,93,423.144195
131.805098,74,424.979806
117.806351,68,426.794202
132.953426,84,430.321
129.581164,72,432.149558
178.435311,123,435.710104
143.966047,80,437.519466
130.042417,79,439.334815
116.623314,65,441.131555
140.032468,75,442.957637
133.062216,127,446.572792
273.85491,205,453.753346
118.495487,74,455.601981
125.040548,68,457.432333
269.62077,216,463.124033
101.671727,63,465.058558
122.245985,74,467.026214
131.333879,80,470.932872
90.18297,62,472.855396
117.102474,67,474.847674
111.740989,68,476.785923
115.607506,67,478.749283
166.559087,124,482.664285
109.631063,66,484.610848
111.678043,67,486.553824
114.529677,69,488.584305
95.411276,70,490.548005
167.578803,106,494.437988
438.595122,396,506.334348
112.800771,80,508.383349
120.335587,80,510.364769
224.901144,177,516.322991
111.526636,79,518.339229
112.171084,84,522.239225
286.422777,242,528.360293
127.581775,81,532.177976
133.784086,72,534.218805
155.964877,92,536.246651
62.353583,58,538.208958
127.323593,72,540.16923
162.859747,110,544.041035
132.753797,88,546.067296
159.960147,95,549.906625
174.82526,98,551.940935
146.446671,86,555.734444
149.403168,95,557.813141
159.06056,95,561.633148
162.939404,103,563.649494
143.468526,86,567.525906
182.679881,123,571.53489
134.643341,78,573.537449
128.535523,81,575.521875
143.8862,94,577.569031
117.579097,71,581.456514
132.943373,81,584.228853
132.98571,80,586.231729
210.431363,134,590.160567
296.908385,245,598.011956
153.723896,107,601.874343
122.997981,79,603.882294
173.37852,105,607.78479
139.455362,94,609.840225
131.562526,87,611.88685
153.235287,98,615.77984
152.215278,88,617.759726
129.294325,80,621.703514
142.3789,83,623.672143
119.897376,75,625.634578
112.768593,81,627.63399
148.875709,83,631.515994
168.492635,134,635.382381
310.177212,269,643.225503
140.342624,80,645.225745
125.395089,69,647.226368
131.774128,80,649.194664
122.688991,74,653.005352
126.838295,71,654.971737
27.012803,12,655.010462
23.912172,10,655.029475
119.303945,65,657.032082
125.73514,74,658.98974
140.299162,87,662.916862
700.538841,711,684.575743
158.776623,98,686.573852
136.711584,87,690.49203
155.8991,84,692.555678
217.473886,148,696.570998
203.535046,148,702.47731
155.52049,92,704.547052
150.357285,85,706.460567
199.833664,110,710.037966
236.404287,150,713.679648
130.26894,82,717.218027
192.023861,143,720.84884
139.304244,85,722.681993
139.310944,81,724.509158
216.067766,174,729.881242
192.233558,115,733.485276
184.988299,109,737.072382
158.301459,109,738.951273
313.921882,171,744.323843
204.756527,143,747.969447
117.938382,73,749.805589
156.227224,97,753.34147
263.320383,171,758.684637
152.62153,99,760.52632
225.144632,155,765.896569
553.218471,487,778.624942
133.485845,78,780.456288
139.401914,82,783.959878
132.926101,80,785.752234
198.483715,118,789.269185
236.259083,190,794.599135
176.031535,99,796.435268
232.721829,132,799.996696
238.591491,187,805.311698
151.631428,88,808.815942
162.076518,101,810.653127
145.086194,99,814.165138
264.377376,152,817.743817
125.366407,76,819.525127
213.693931,137,824.762603
207.540892,134,828.321475
155.737164,86,830.125379
420.672231,315,839.015398
238.416222,158,842.628289
311.144062,188,847.943368
165.929125,91,851.446524
237.830464,143,855.010692
221.259405,122,858.554902
114.221453,79,860.336134
104.258765,78,862.128535
248.243501,134,865.67628
269.885355,155,870.976976
344.400799,228,881.331606
238.320141,139,886.618762
146.537347,86,888.438038
136.648971,86,890.269395
562.258815,436,902.756272
148.828536,86,904.566032
358.231457,205,911.673812
118.858191,95,913.502761
141.85756,80,915.32404
277.389528,198,920.785646
235.744598,139,926.100106
127.066663,75,927.931721
316.347885,189,933.343252
179.575689,106,935.211387
153.214687,97,938.78177
187.453423,113,942.33896
212.007386,128,945.890824
221.940007,144,949.476477
268.498613,149,953.0854
204.462437,118,956.63195
206.453439,121,960.183137
149.32299,92,961.996785
152.239446,86,965.463608
281.685662,164,969.124069
235.024412,127,972.681833
228.720855,126,976.231328
296.776845,204,981.562899
165.638064,98,985.059615
212.357699,114,988.590882
448.838472,268,995.716816
478.652756,253,1002.8483
170.76358,100,1004.683924
494.047231,292,1013.505897
220.445046,117,1017.031971
824.067025,481,1029.497488
484.435463,276,1038.399356
215.387063,113,1040.259078
304.829913,171,1045.609584
261.080486,136,1049.227729
88.957044,62,1051.035472
899.420963,560,1067.256666
460.205843,305,1076.198158
294.781117,200,1081.54892
70.975985,47,1083.325869
247.629589,123,1086.88402
284.980447,156,1090.495567
592.075208,329,1099.412569
580.065221,321,1108.293249
517.57354,285,1117.198983
625.572199,347,1126.158089
493.747266,261,1133.270773
557.350005,303,1142.176479
454.456297,222,1147.549388
365.023533,196,1152.87838
156.894476,77,1156.361577
835.083831,451,1169.968548
717.543188,395,1180.653995
542.374368,290,1187.808018
443.571988,216,1194.848962
427.592627,230,1200.257815
286.950349,159,1205.55986
715.72883,333,1214.454399
392.304484,195,1220.021066
321.050654,158,1223.668499
243.814219,119,1227.230104
178.719224,91,1230.764079
268.67823,129,1234.342954
255.333241,121,1237.94059
186.059,91,1239.751452
709.322175,337,1248.649701
301.224101,145,1253.903455
535.247461,253,1260.989054
433.24301,207,1266.33809
374.032294,179,1271.636675
293.777021,142,1275.221021
189.10535,96,1277.067508
380.543096,178,1282.396034
528.669316,261,1289.515608
198.827709,101,1293.035018
450.596315,203,1298.393255
340.290626,169,1303.695691
236.503529,115,1305.533359
389.264454,193,1310.864759
394.423505,200,1316.225556
401.093399,189,1321.861225
296.601393,141,1328.369458
904.376031,429,1339.136173
520.461543,255,1346.260889
349.350216,188,1351.593383
209.600814,100,1355.102887
1079.428711,546,1370.729747
298.409657,146,1376.50542
457.559081,219,1382.369013
1131.96821,566,1399.912459
454.066819,207,1405.729262
348.807733,164,1411.537668
992.608627,466,1426.109335
533.492129,261,1433.897914
385.918804,171,1439.624592
522.801792,265,1448.09244
602.499806,311,1464.685439
835.623999,378,1475.489636
547.114871,255,1482.679228
692.962484,332,1491.844635
209.97247,101,1493.72487
489.642332,222,1500.983976
557.320854,261,1508.189995
620.885104,301,1517.150221
795.876039,383,1527.85472
391.0249,170,1531.523964
1043.840797,484,1545.877156
867.122604,399,1556.736675
542.15834,248,1564.874735
404.33414,182,1570.694122
407.089298,180,1576.453285
493.932427,225,1582.355645
590.376444,260,1590.165794
2124.727386,1000,1621.678342
351.685082,156,1625.355177
634.029584,268,1632.737969
659.32264,299,1641.823737
2227.939477,1000,1670.943861
505.868978,244,1678.199386
1808.185783,820,1700.045953
1864.426382,821,1723.762059
690.201165,311,1732.634984
915.915069,411,1750.86978
281.415757,132,1756.315725
723.263867,344,1765.570716
705.343824,310,1774.693577
328.563606,147,1778.418891
2164.59975,1000,1808.049876
505.651356,221,1813.68222
2195.900811,962,1841.463762
2191.789494,1000,1871.171182
1950.912995,853,1895.564498
236.185577,111,1899.299386
2000.446274,877,1925.716368
544.759808,245,1931.450578
584.780747,291,1940.834921
1212.358224,526,1955.899345
2207.599817,1000,1986.133407
488.243491,227,1991.88247
344.22368,172,1997.528819
430.204084,194,2003.180963
2171.776946,1000,2032.950205
1029.039709,451,2052.897169
341.075815,154,2056.777575
2212.129159,1000,2087.382619
1314.456568,577,2104.604814
1506.57811,658,2123.703539
667.760645,297,2133.237684
877.40993,403,2144.747098
899.322845,393,2156.209226
1582.430185,718,2177.205952
44.48234,28,2179.086544
861.535745,385,2190.534087
335.522937,148,2194.401891
206.262422,97,2198.187429
466.860282,201,2203.951721
2224.585697,1000,2232.85458
391.969548,178,2238.618433
1858.865063,799,2263.555444
572.290135,263,2271.263004
2206.876344,1000,2300.06504
977.146048,423,2313.453307
2376.853793,1000,2343.598191
1653.368672,698,2372.464444
446.184539,203,2378.257882
2186.718123,1000,2407.158635
2197.846164,1000,2437.988581
1565.958387,672,2457.347582
410.585543,196,2464.954509
597.623946,266,2472.702934
1493.763502,625,2490.137209
2144.771041,922,2519.100299
1623.385028,748,2542.239893
2369.711719,1000,2571.398728
873.635833,372,2583.030121
753.194704,320,2592.720022
2301.79619,1000,2624.20825
862.597055,384,2636.536838
570.005187,240,2642.814956
2306.263511,1000,2684.034977
2298.865519,1000,2715.592458
1912.352367,809,2738.706863
2396.691343,1000,2769.31883
341.424752,163,2773.226179
26.557248,13,2775.080519
27.754867,15,2775.103143
26.611906,14,2775.124289
25.172668,12,2775.153171
27.433054,14,2775.173965
919.72014,389,2788.604384
708.010783,293,2796.31658
2315.745572,1000,2827.164804
1344.215791,538,2842.687305
669.861127,291,2852.338889
2347.958832,1000,2881.214522
1609.529847,656,2902.252171
2341.592911,1000,2931.015644
2437.612809,1000,2961.860988
1634.192873,683,2988.099609
1512.14114,642,3009.127552
1025.928172,426,3020.74599
853.283669,363,3032.265498
1231.359626,503,3047.589724
405.940646,184,3053.344433
322.056992,149,3057.207368
403.621348,173,3062.930629
600.338504,267,3070.637649
398.179678,174,3076.383348
799.918941,340,3086.039222
2309.906359,1000,3115.104245
768.459677,329,3126.614806
964.933016,404,3138.282496
1257.135468,530,3153.82282
284.069512,120,3157.673903
2251.461128,934,3186.531218
2384.755248,1000,3216.323367
446.872137,184,3222.473747
1113.84128,472,3238.934654
1040.280401,439,3251.417563
2458.427076,1000,3284.399432
555.464394,235,3300.984954
2239.731637,929,3329.895554
1688.172996,700,3352.552868
2432.542922,1000,3385.499373
1154.044812,487,3399.988537
2499.207578,1000,3433.012082
2423.046834,1000,3466.13536
996.484576,409,3478.581156
1247.654296,530,3494.465883
2460.742325,1000,3525.20911
593.333544,250,3532.893004
2369.170433,1000,3561.657443
2460.771032,1000,3592.386429
1057.052756,430,3605.895518
2427.522645,1000,3641.682221
1116.074408,467,3657.02851
2415.881509,1000,3686.004648
2440.972536,1000,3716.827304
2439.338896,1000,3747.597985
2483.150158,1000,3776.738503
2501.586043,1000,3807.574466
2474.893448,1000,3836.535294
759.457616,306,3846.0177
630.62064,260,3853.727097
2431.116854,978,3884.483158
2477.743716,1000,3913.400069
2470.705061,1000,3951.019475
2510.675889,1000,3980.347932
662.360174,271,3989.994357
2456.280647,1000,4019.170594
2503.133738,1000,4050.053491
644.57909,265,4057.805699
2479.726894,1000,4088.649452
2489.526233,1000,4117.5466
2499.358345,1000,4148.376042
1450.131762,568,4165.848586
2524.174712,1000,4195.073784
1158.477428,475,4210.567671
2508.064469,986,4247.388252
2484.770636,1000,4278.772804
2504.680813,1000,4309.976378
1736.704418,698,4329.523222
2508.494789,1000,4360.715806
2336.264281,923,4388.08922
774.489327,321,4399.74209
1044.739272,410,4411.528279
2550.94395,1000,4442.431828
2371.736019,934,4469.262593
2520.205364,1000,4500.109795
1852.51871,721,4521.392455
1029.536673,410,4533.059238
2497.612541,1000,4570.696309
999.883894,412,4582.355448
2574.884707,1000,4613.150426
2557.224018,1000,4644.125983
2548.105034,1000,4673.024021
196.242847,87,4676.796641
377.967191,157,4680.699911
2509.561159,969,4709.614513
2539.240963,1000,4740.373571
937.15094,374,4751.720818
179.699344,86,4753.667407
1435.970997,560,4770.969523
2552.413687,1000,4801.697033
2591.211331,1000,4830.633564
2558.562799,1000,4867.18372
2554.123609,1000,4896.2236
2580.558288,1000,4927.008072
2587.043911,1000,4957.756113
1295.323909,505,4973.201141
2569.857774,1000,5002.208313
1537.659928,597,5019.690826
2585.704189,1000,5050.23548
1506.2526,609,5069.454762
1751.233932,679,5088.830296
2589.651574,1000,5119.789855
2610.05912,1000,5148.666551
2575.388651,1000,5186.431686
2054.436292,789,5209.753922
735.660664,300,5219.41931
2521.472295,959,5248.54888
2576.860778,1000,5279.644902
1793.477281,691,5301.044116
2584.756459,1000,5330.224407
2580.907768,1000,5361.107491
1485.655554,578,5378.724544
734.372497,291,5386.557994
2593.558065,1000,5417.766218
2249.518894,864,5443.208009
2630.17435,1000,5480.932294
327.329593,133,5484.807958
2609.646398,1000,5515.650106
2570.224431,1000,5544.704865
2616.34176,1000,5575.54509
867.626741,335,5585.225187
891.499033,345,5596.777982
397.876012,165,5600.69171
2626.925713,1000,5631.53968
2604.455334,1000,5662.321731
2403.704369,914,5689.433724
2454.088279,939,5716.591301
2601.969306,1000,5747.472742
2569.436463,1000,5785.055823
2618.3287,1000,5814.097281
2623.133262,1000,5845.02068
2624.570358,1000,5875.935954
1471.958237,573,5893.306406
2623.729899,1000,5922.358526
552.191944,233,5930.048862
1086.503039,427,5941.685178
872.641017,346,5953.130209
2655.560658,1000,5984.172364
1139.94677,442,5995.837475
2591.088108,1000,6026.681339
2619.930589,992,6057.544355
2579.67601,1000,6093.36438
1878.163811,714,6114.64886
2638.508003,1000,6145.554799
2658.196299,1000,6176.514995
1001.382118,380,6188.157755
2638.237534,1000,6217.158882
628.783126,248,6224.9131
2614.672483,1000,6255.660544
2645.69532,1000,6284.842272
1013.938513,391,6296.467882
2659.991592,1000,6327.293506
1267.841597,481,6342.760571
2616.494167,1000,6371.8585
2643.850067,1000,6408.850133
939.364816,363,6418.636412
1709.937701,651,6439.812559
64.687502,36,6439.873304
37.235859,21,6439.904165
2611.986988,1000,6470.877159
2624.887914,1000,6502.034757
923.147653,356,6511.860784
2681.2386,1000,6542.734028
2595.87364,1000,6573.547045
1674.07031,630,6591.034741
2176.17445,816,6616.348345
2617.635317,1000,6647.394957
222.464472,97,6649.404811
832.130844,326,6659.136051
2598.126032,1000,6690.438866
680.253152,266,6701.8632
2260.186748,861,6729.02018
498.824848,200,6734.884782
1409.671853,540,6750.627878
2658.828853,1000,6781.549539
2624.87877,1000,6810.592346
1174.366895,461,6825.998469
2641.228668,1000,6855.145495
2096.581323,799,6880.072958
817.5019,327,6889.742535
2650.490138,1000,6918.826092
830.744273,325,6930.347886
803.666592,308,6938.155379
965.381045,373,6949.726681
621.653296,241,6957.442924
2640.978974,1000,6988.369203
2389.252417,911,7022.339038
2089.122795,793,7045.636037
2441.808676,932,7074.618348
2661.85986,1000,7103.754026
1320.986205,494,7119.200177
1421.397583,540,7136.527172
2676.078531,1000,7165.552032
962.027366,374,7177.234758
546.375114,218,7183.145519
2630.607412,1000,7214.05396
1066.412431,421,7227.538145
1261.251696,482,7241.136494
1259.412593,481,7256.519472
379.80668,154,7260.421551
257.69241,106,7264.275027
2650.853046,1000,7293.332489
2635.586472,1000,7329.684898
1288.099416,486,7345.141062
2041.198316,789,7368.422053
1144.962997,439,7382.671865
2670.1981,1000,7413.92229
2642.741109,1000,7447.137722
1601.867889,607,7467.862808
831.256997,326,7478.246331
731.377054,283,7486.55983
1828.015525,689,7509.357185
1893.882139,718,7532.344709
2187.170635,836,7559.391191
1391.24856,530,7575.979368
1981.230606,766,7600.895322
1690.23114,649,7621.654394
2673.296846,1000,7662.255436
110.359127,56,7664.342725
1587.782374,625,7685.155205
2147.727164,822,7712.273412
2622.061992,1000,7743.619666
1385.42797,530,7760.281978
2614.13136,1000,7793.456804
2634.226946,1000,7826.729321
1906.164814,728,7849.64184
1244.466833,477,7866.20288
2590.211914,1000,7897.452671
2673.772982,1000,7930.667882
2668.48654,1000,7961.953178
2640.903695,1000,8001.862722
2620.515282,1000,8035.04973
2598.1803,1000,8066.171872
392.363213,163,8072.376663
2636.532699,1000,8103.573541
2605.257545,1000,8136.79204
2627.4078,1000,8170.072109
2672.34807,1000,8201.238746
2298.797484,877,8230.202038
2021.842907,759,8254.964013
2205.040555,816,8281.973001
999.111408,386,8294.583645
1549.729868,586,8321.627515
2652.257777,1000,8352.65827
2642.942055,1000,8385.699037
2636.51798,1000,8418.886963
2349.424283,885,8447.926621
1576.171094,603,8466.659657
1934.988883,724,8489.666542
2534.524135,958,8520.794195
2107.226591,800,8547.670055
2073.975604,779,8572.708485
2333.146002,882,8601.869749
885.427923,346,8612.362527
2672.874336,1000,8653.931667
2638.05363,1000,8685.188776
2692.46645,1000,8718.4059
1553.051599,600,8737.310387
1358.416912,512,8753.974072
1580.081841,610,8774.771179
2646.74894,1000,8807.998764
991.990725,390,8820.522785
2676.412222,1000,8851.908442
2658.745888,1000,8885.227139
2636.972597,1000,8916.544969
937.450824,359,8929.001884
881.332057,340,8939.509854
2329.322268,885,8977.083757
2686.681206,1000,9010.273006
685.184219,265,9018.640265
1234.101533,472,9033.28072
2660.664054,1000,9066.623485
1099.607772,428,9081.181262
229.49703,104,9083.342329
414.201112,176,9089.563052
2644.659006,1000,9122.685855
907.550142,353,9133.151402
2179.800884,805,9160.093649
2708.20532,1000,9191.316457
402.597345,163,9197.506331
1675.936764,626,9218.263562
112.241335,57,9220.348548
2664.283714,1000,9251.518682
494.708606,195,9257.7885
2712.576204,1000,9290.964082
2697.559536,1000,9332.46436
2687.49167,988,9363.757294
2657.186587,1000,9397.052311
680.132406,258,9405.462147
473.406694,187,9411.751997
2670.673385,1000,9443.080165
434.401339,165,9449.298941
1832.613033,679,9470.249933
2644.894472,1000,9503.609364
2475.60654,932,9534.767692
2714.359652,1000,9566.059074
2705.012077,1000,9599.56151
2730.504128,1000,9630.96795
2664.352138,983,9672.637186
550.425148,216,9678.935495
656.704389,255,9687.308435
423.743507,171,9693.601699
1135.407106,427,9708.150255
668.481622,261,9716.510878
775.633936,294,9724.939493
2698.877192,1000,9758.386941
1413.705338,526,9775.111724
1350.983364,508,9791.830522
1062.407353,407,9804.464975
802.986239,312,9814.910461
2697.907904,1000,9848.250625
2696.916699,1000,9879.635054
2674.939853,1000,9913.054688
869.945202,337,9923.601388
1895.839887,697,9946.695208
1199.731289,456,9961.318949
1434.543581,544,9988.297222
756.782201,291,9996.753566
2703.694561,1000,10030.23979
2626.304726,1000,10063.811364
2665.963999,1000,10095.258989
1649.048059,624,10116.319121
2662.042494,1000,10149.772808
2172.318083,806,10175.097009
1864.540158,713,10198.337231
2704.785994,1000,10231.944896
1289.336932,483,10248.752227
615.461704,242,10255.172145
596.13313,230,10263.624825
658.397971,260,10272.023645
2668.106847,1000,10305.606432
2703.201103,1000,10344.5502
2266.18679,842,10371.865772
1105.514625,418,10386.608386
2703.844686,1000,10420.17344
2664.565963,995,10451.623858
1077.472883,409,10464.335286
123.699502,60,10466.446369
2142.197983,789,10493.720195
2695.693406,1000,10525.206594
2675.061092,1000,10558.681417
2655.318669,1000,10592.145812
2688.681703,1000,10623.59248
2674.1396,1000,10665.258807
574.34015,227,10671.571616
2701.154037,1000,10705.138252
2706.939817,1000,10738.647101
2087.000922,774,10763.784378
2471.806908,926,10793.129264
2640.303026,1000,10826.593319
487.339733,193,10832.888902
2711.256019,1000,10866.433252
775.980252,291,10874.889148
2676.804611,1000,10908.408607
707.167229,267,10916.808068
1829.458569,685,10939.878129
1703.934216,635,10958.910595
2693.882401,1000,11000.472428
1654.552279,616,11021.385359
2694.953929,1000,11052.942061
2688.722188,1000,11086.376003
2689.282253,1000,11119.977647
984.18255,381,11132.512498
2714.804163,1000,11164.038927
1134.718215,438,11178.68355
520.462635,207,11185.029149
1639.639399,618,11205.952234
2717.143626,1000,11239.462254
2639.284273,1000,11271.056907
417.146016,177,11277.452362
2709.207763,1000,11311.427142
2702.404679,1000,11349.984195
2743.871696,1000,11383.695957
1203.351795,456,11398.442657
2747.010744,1000,11432.222211
1206.518082,454,11447.101691
1659.568428,625,11466.468755
2416.625087,895,11496.142926
1843.022414,681,11519.389015
429.509719,169,11525.681183
1793.937213,667,11546.900812
1238.588034,464,11561.792855
2732.771471,1000,11595.533434
2676.613175,1000,11629.603611
898.744029,335,11640.266442
2439.549387,902,11677.31501
1330.522786,493,11694.253214
1599.217641,597,11713.236985
22.614722,10,11713.255371
665.985375,272,11721.703348
911.691788,354,11734.405879
1073.43396,399,11747.072182
2714.724238,1000,11780.779427
1510.850057,547,11797.730663
1614.779903,597,11818.79384
2052.196296,762,11844.089784
2663.949119,1000,11875.873076
23.8596,9,11875.904395
232.89729,100,11880.087342
388.008535,161,11884.370835
2724.691448,1000,11918.077251
1318.132057,493,11934.943782
2727.373208,1000,11966.676602
2110.659937,789,12002.22913
704.329249,268,12010.664664
540.321373,202,12017.07709
1300.828691,491,12033.95349
1142.396245,419,12046.700751
1830.441749,673,12069.864749
1022.688807,391,12082.532706
1104.954281,422,12095.37018
2719.503599,1000,12129.266128
2538.908594,949,12160.910712
892.970154,337,12171.530933
787.63766,293,12182.066724
1203.465958,453,12196.82131
1573.679851,577,12215.780805
2401.850247,895,12245.355774
1733.233253,649,12266.437318
849.954938,324,12276.994987
2338.503787,866,12306.700488
939.398744,356,12317.36413
640.610835,248,12325.781161
379.335887,152,12337.981871
606.737285,230,12346.424565
2742.286519,1000,12380.227128
2735.855167,1000,12411.847615
2710.102566,1000,12445.791952
1056.384081,398,12458.560087
516.35378,199,12464.943765
1045.616563,394,12477.593312
2714.327931,1000,12511.342948
2756.041234,1000,12545.031385
2750.897837,1000,12576.93962
229.66347,98,12581.117844
2736.103564,1000,12613.001461
749.560466,282,12623.579309
2399.043376,879,12651.306832
2763.622192,1000,12693.34741
1613.953449,602,12714.339338
2727.994872,1000,12746.082059
1341.995878,507,12763.007673
2728.229333,1000,12796.681642
997.46198,378,12809.322894
2726.124568,1000,12841.055192
1595.461284,590,12860.112467
866.809214,344,12872.683547
826.033658,312,12883.208629
498.604866,205,12889.567533
801.896535,305,12900.121866
348.14121,139,12904.372632
2149.991579,796,12929.686663
2779.951765,1000,12963.310796
2232.258617,822,12990.78729
2415.695503,894,13028.64883
702.022069,273,13037.109928
1437.353269,538,13054.027715
2708.336914,1000,13087.949122
1578.225585,583,13106.957727
20.782274,8,13106.972746
1130.527343,428,13121.752399
2702.943562,1000,13155.484994
1122.055702,422,13168.21819
2739.698786,1000,13201.947347
2784.296423,1000,13233.65818
2708.931773,1000,13267.388893
2282.936201,841,13294.934226
380.042765,152,13301.214828
2727.293552,1000,13332.979713
2726.897824,1000,13374.942257
2726.646956,1000,13406.694307
1290.360108,495,13423.527072
2066.35921,760,13448.883802
2716.272202,1000,13482.866014
851.231644,316,13493.444552
354.333125,147,13497.699449
2695.933914,1000,13531.552998
2215.100157,810,13557.161376
2708.739063,974,13589.099178
1046.379239,387,13601.940953
164.667277,72,13606.09884
476.831339,192,13612.529854
424.839367,169,13616.87385
1221.617898,454,13631.742858
2753.428352,1000,13665.60096
1577.117399,588,13693.061562
1449.344954,550,13712.154686
2723.144803,1000,13744.057
658.630906,256,13752.511778
2396.582922,876,13782.09174
919.264619,348,13792.695004
1140.005656,428,13807.455618
2720.373875,1000,13841.282089
1585.149897,593,13860.403667
2719.683098,1000,13894.304631
274.79324,118,13896.523006
1996.130903,734,13921.917113
2011.40202,737,13945.265295
473.10682,184,13951.594325
2767.7151,1000,13985.518723
1333.863389,496,14002.535293
1728.859675,651,14031.952343
2741.704719,1000,14065.852968
429.79091,175,14070.173734
1831.454836,685,14093.455918
1952.231032,724,14116.843447
2704.572351,1000,14150.624192
2772.739276,1000,14184.455259
2062.639548,744,14207.852295
1531.591506,583,14226.958662
2753.155188,1000,14260.710649
759.799049,295,14269.228362
1163.73073,437,14284.012036
2732.728612,1000,14317.920306
2756.701438,1000,14351.762816
2506.351714,917,14388.719935
2786.487523,1000,14422.584296
2681.460796,1000,14454.359789
201.129471,97,14458.553887
27.238604,13,14458.577659
2740.446063,1000,14490.374128
2715.316391,1000,14524.230535
2719.816043,1000,14558.065501
787.375615,309,14568.62489
2697.976489,1000,14600.430459
773.901305,287,14610.971483
708.250878,267,14619.464862
478.433514,190,14625.826519
561.380843,223,14632.213936
2727.579988,1000,14666.244085
815.1481,316,14676.878219
2725.277074,1000,14717.007879
1665.748118,615,14738.21692
2030.123701,746,14763.799244
992.168044,369,14776.51309
2682.364048,1000,14808.388472
2697.597467,1000,14842.233777
1979.44829,712,14865.644422
2710.270822,1000,14899.658471
1869.12008,695,14921.083403
2792.399022,1000,14955.094345
164.845595,79,14957.249915
2751.517461,1000,14991.322737
2755.52191,1000,15023.087829
1389.201898,510,15039.956152
2750.086606,1000,15081.965303
1512.429665,552,15100.946614
2749.040596,1000,15132.734823
2741.079074,1000,15166.539069
549.132548,217,15172.938056
2765.599582,1000,15206.696016
1960.381126,714,15229.99923
2421.875126,888,15259.57196
2511.874331,932,15291.260271
172.770826,76,15293.428921
1312.699165,477,15308.36921
2756.000294,1000,15342.187002
2741.028343,1000,15374.002912
297.250396,122,15378.238669
2765.763101,1000,15420.260896
2719.121691,1000,15454.207603
1061.092586,400,15466.960032
2769.881659,1000,15498.666194
2586.302744,932,15530.372531
499.998989,190,15536.706785
2715.52312,1000,15570.652405
2377.952916,882,15598.271426
1983.326154,728,15623.601714
2734.051367,1000,15655.47986
389.661709,152,15661.775361
501.257901,190,15668.115403
1067.007131,396,15680.799895
2778.573308,1000,15714.539487
483.701329,184,15726.815537
2713.817887,1000,15760.624079
2708.246495,1000,15794.392946
1041.847414,387,15807.09106
2728.771902,981,15838.88767
1298.06151,498,15855.785317
2003.997556,718,15879.071387
827.756594,317,15889.641097
2756.121729,1000,15923.421804
2731.334233,1000,15955.198581
2762.873263,1000,15989.306602
275.733092,111,15993.532706
381.80469,159,15997.841663
1556.314688,564,16016.882468
1278.485353,482,16031.771435
2742.953027,1000,16073.646564
2737.508191,1000,16107.55192
2707.104272,1000,16139.555745
2040.440564,727,16165.096665
2655.528926,1000,16197.02456
320.734501,128,16201.271186
414.784362,179,16207.634183
921.904304,343,16218.305142
603.049268,235,16226.823275
2744.31476,1000,16260.885696
2761.995919,1000,16292.866117
368.606129,149,16299.180244
1415.550008,512,16316.206081
356.961114,143,16320.47002
2735.250614,1000,16354.31496
2596.388603,947,16384.142908
2776.954954,1000,16426.300493
198.971353,89,16428.466145
2244.751813,800,16455.925524
2606.37076,948,16487.663241
875.179971,324,16498.266275
2750.16148,1000,16530.099206
2770.910495,1000,16563.859788
2593.727467,943,16595.609924
722.38015,271,16604.135793
410.206753,167,16610.484092
969.170929,359,16621.195917
2727.155902,1000,16655.176751
927.421,354,16665.828624
30.91158,15,16667.870932
33.899872,18,16667.90387
39.103049,21,16667.941283
24.138643,10,16667.960032
2714.972532,1000,16701.802635
302.839642,121,16706.001323
2774.290302,1000,16747.972117
1240.673469,462,16762.835225
2726.754325,1000,16794.684311
129.981136,64,16796.816958
229.126805,105,16801.04345
2756.119363,1000,16834.955947
2742.907698,996,16866.893515
2757.920765,1000,16900.792915
2767.191105,1000,16932.756603
248.801701,110,16936.989294
1056.387561,383,16949.737144
1045.502108,391,16962.529805
2653.509948,963,16994.464171
1927.583142,714,17017.850324
2741.142282,1000,17052.009176
2716.460803,1000,17093.088876
1048.891681,390,17105.882771
2151.234851,780,17131.613853
307.255892,130,17135.934948
2747.850596,1000,17170.095971
2735.618875,1000,17202.13345
2808.729126,1000,17236.281604
2786.051282,1000,17270.531144
2732.785037,1000,17302.855455
2767.135872,1000,17337.110623
2640.417958,968,17369.15904
2632.490881,943,17401.312744
1692.678298,627,17427.068885
2771.815584,1000,17461.402469
1484.428949,552,17480.535561
2757.317718,1000,17512.637041
2741.783804,1000,17546.747196
2714.989979,1000,17580.90956
2701.633304,1000,17613.013703
2732.864554,1000,17647.228599
1315.616835,483,17662.247739
2282.838723,835,17689.913704
2771.345154,999,17724.002882
2751.161478,1000,17758.156617
2761.014052,1000,17797.93888
2750.743192,1000,17832.193941
120.667807,57,17834.318108
24.9888,11,17834.35283
2745.659247,1000,17868.427833
1567.65762,568,17885.647713
228.574075,97,17889.868
2724.661309,1000,17924.082106
334.235498,132,17928.353043
2769.188504,1000,17960.449477
884.017419,331,17971.251636
2202.142217,809,17999.150538
1759.546651,644,18020.553742
325.718817,136,18024.86667
303.684324,132,18029.147671
2745.330045,1000,18063.367324
2765.410681,1000,18097.597475
2738.415,1000,18137.921695
512.791507,202,18144.394303
2745.508418,1000,18178.661579
2758.780559,1000,18212.836204
821.59816,325,18223.525831
2762.556097,1000,18255.709193
424.804759,164,18262.094141
2751.897331,1000,18296.320436
2734.400261,1000,18328.780238
22.18298,9,18328.797035
21.278404,9,18328.828537
2712.437257,1000,18363.339812
1144.838799,414,18378.247512
2765.785322,1000,18410.54197
2256.278318,813,18438.83541
153.252858,69,18441.015105
225.935299,103,18445.301314
612.889436,231,18460.018234
2768.186076,1000,18494.605949
2809.472685,1000,18527.012141
1682.481399,607,18548.489935
2767.865469,1000,18580.909178
1047.844302,386,18595.945836
675.276042,256,18604.613037
33.931582,21,18604.651764
2670.490554,1000,18637.323633
2805.471383,1000,18671.655683
2305.055742,842,18699.55978
2781.928334,1000,18733.806616
425.138406,165,18738.163966
2800.579903,1000,18771.337587
2761.586089,1000,18809.134051
2815.821132,1000,18839.112202
2730.26177,1000,18871.00034
760.964792,284,18879.051957
2790.688013,1000,18910.952009
2745.419769,1000,18942.811326
882.991573,335,18952.8128
2768.850487,1000,18984.555033
789.878571,298,18992.587463
1807.415577,661,19012.555418
2721.264952,1000,19044.464912
1730.953906,634,19064.422202
2719.824496,1000,19096.415167
2280.07716,823,19129.024455
1652.836107,593,19146.991939
2758.475697,1000,19177.017022
744.786898,284,19186.899944
1091.926068,406,19198.902759
2775.697522,1000,19230.855935
2000.23928,745,19252.8949
2740.071734,1000,19284.612929
490.686836,194,19290.60753
2766.280749,1000,19322.528107
314.998499,132,19326.540645
2653.479616,969,19356.453859
2747.70326,1000,19388.368883
411.41332,159,19392.414327
2726.59062,1000,19424.521024
1047.717339,385,19443.304384
1752.497831,644,19463.286962
660.978587,254,19471.264094
2804.18686,1000,19501.516546
689.850295,261,19509.504964
2764.487448,1000,19541.528771
2102.15321,759,19565.412898
1994.448101,737,19587.467037
2479.30456,903,19617.222309
2740.877351,1000,19647.334985
1879.9629,677,19669.467638
2725.052607,1000,19699.771628
1324.435615,475,19715.684547
960.161832,350,19725.723717
1191.641603,456,19739.751509
2009.867582,730,19770.563791
1041.121468,388,19782.680729
2808.446265,1000,19813.048417
2698.800443,1000,19845.090891
1771.18614,657,19865.092061
2260.551217,810,19890.975867
1197.305489,446,19904.955886
274.928805,118,19908.845587
2764.434781,1000,19938.808092
2764.344341,1000,19970.72062
2760.665994,1000,20002.704269
1796.596531,660,20022.748372
1753.732033,633,20042.749655
2706.572695,1000,20081.580971
1126.8472,417,20093.659925
529.47664,199,20099.648846
1545.419929,568,20117.648123
790.079576,295,20127.573892
1973.577698,711,20149.533767
224.965129,95,20151.567652
866.527964,327,20161.527034
105.773181,71,20163.54284
2164.824276,793,20189.472326
2798.58731,1000,20219.499222
2757.364955,1000,20251.384882
2621.915466,958,20281.448055
1704.512865,620,20301.556489
969.116027,366,20311.621582
1198.529067,441,20325.625733
2242.050899,813,20351.652893
2237.731746,814,20377.624834
2744.994596,1000,20414.484652
820.295346,294,20424.492887
2753.245417,1000,20456.494244
952.012093,355,20466.58563
891.952388,344,20478.509539
2741.4959,1000,20508.645794
483.784258,189,20514.665909
2540.119926,927,20544.450483
2754.930389,1000,20574.479768
1514.654501,544,20592.414574
2807.358319,1000,20622.617915
998.281166,382,20634.616577
327.315003,135,20638.614314
1184.013,431,20652.616962
2167.057805,788,20676.610883
2762.523873,1000,20714.413361
2773.57376,1000,20746.415818
2780.119947,1000,20776.591743
814.516286,297,20786.571765
787.210152,291,20796.531863
1724.579765,626,20814.597535
2731.319054,1000,20846.602305
2733.606388,1000,20878.506301
2707.868064,1000,20908.651008
1767.304909,655,20928.735975
1610.14498,594,20948.674664
2142.759666,787,20972.670145
2747.047123,1000,21004.616445
2704.205655,1000,21041.445373
2770.315803,1000,21073.619855
841.043303,317,21083.660135
2743.486421,1000,21113.87284
256.591057,110,21117.85413
2784.493581,1000,21149.799842
2139.206079,775,21173.842237
2783.832114,1000,21205.887661
1937.769885,711,21227.908643
859.006379,318,21237.94155
2762.079922,1000,21267.91885
2754.211707,1000,21299.849902
2787.539169,1000,21329.939903
2738.485435,1000,21367.733034
2765.216375,1000,21399.704423
2498.115019,906,21427.712016
506.405893,193,21433.710069
2283.990236,825,21459.747471
1899.066936,693,21481.608065
718.131534,270,21489.608565
2340.071543,847,21515.609476
2767.061594,1000,21547.607941
1324.785021,486,21561.6344
2513.983987,898,21589.683303
2022.566765,731,21613.659722
2754.70063,1000,21643.717165
2750.75034,1000,21682.399583
478.151544,184,21688.358311
826.195843,312,21698.365571
2763.332919,1000,21728.422356
2280.042064,823,21754.386626
2269.670528,837,21780.410416
2735.068364,1000,21812.211358
236.96009,97,21814.262232
2764.561845,1000,21846.2328
1358.501143,499,21862.170418
2740.621344,1000,21894.203459
2277.100768,826,21918.441922
2775.34565,1000,21950.406781
2784.766752,1000,21989.146394
1838.123573,653,22009.114183
2769.305376,1000,22039.172489
836.885398,324,22051.103622
2621.132784,961,22081.140535
2778.654376,1000,22110.98485
2746.534323,1000,22142.928498
1104.266434,412,22154.947686
2302.805211,852,22182.903791
2038.042867,725,22205.155796
1013.029533,369,22217.188552
2815.313676,1000,22247.234842
2607.819,953,22277.344858
717.075729,269,22285.413903
909.706777,332,22297.444528
1213.798306,450,22318.083043
1011.426293,385,22330.032781
2810.908082,1000,22360.040777
1978.279603,726,22384.057499
2738.711032,1000,22414.106744
2764.541988,1000,22446.020802
1023.053079,374,22458.064682
1000.736277,372,22468.207803
1010.974582,367,22480.319387
2755.408408,1000,22512.520586
309.518969,132,22516.534586
1755.550942,651,22536.508065
675.046326,254,22544.494222
1331.762877,479,22560.390948
2811.809243,1000,22590.412836
2785.975005,1000,22629.210263
575.099891,221,22635.21564
2748.156962,1000,22667.332816
2739.27717,1000,22697.610908
1530.176937,567,22715.572958
2715.905179,1000,22747.498987
292.618714,128,22751.509738
1342.415416,492,22767.497878
2748.265215,1000,22797.603311
1705.54296,634,22817.529703
2761.363722,1000,22849.46559
2801.086321,1000,22879.491429
2772.783883,1000,22911.437043
1463.618604,539,22927.459726
2756.067527,1000,22966.198373
781.538545,292,22976.198942
2822.895639,1000,23006.193314
1246.072253,462,23022.128132
574.743683,219,23028.168697
1771.987292,646,23048.023774
2787.284963,1000,23080.008215
904.788556,339,23090.012252
2731.593601,1000,23121.937003
2773.885971,1000,23152.166002
503.529319,190,23158.208167
1788.964615,648,23178.400459
2347.092979,845,23206.519396
767.816965,290,23214.608242
1981.798264,713,23236.661083
618.760753,236,23244.636376
1173.290119,425,23265.401397
141.117348,67,23267.403963
1394.183304,503,23281.522281
589.556388,237,23289.6051
2004.848088,711,23311.792114
1748.913661,642,23331.892935
970.736925,360,23343.911237
2749.385266,1000,23375.806586
887.673458,333,23385.846592
2721.610185,1000,23415.904774
1328.642182,487,23431.987959
2727.066743,1000,23464.133603
2133.291764,775,23488.142876
230.335861,98,23490.190452
575.028412,221,23498.126945
2509.382674,902,23526.119469
812.784124,306,23536.072594
2757.477527,1000,23566.041528
2780.097023,1000,23603.736163
2457.721475,881,23631.613951
2773.212868,1000,23661.501243
2829.724722,1000,23693.27655
2722.404341,1000,23723.259815
2787.200828,1000,23755.059298
540.058033,204,23761.04452
2794.635916,1000,23792.884824
556.720771,208,23798.893839
1054.437454,397,23810.84634
2776.851986,1000,23842.710804
1305.325485,495,23858.670699
1562.742993,560,23874.703833
2773.432009,1000,23913.258236
1659.65436,602,23931.215057
2792.656299,1000,23962.993404
2222.064704,802,23988.689223
2792.127261,1000,24018.554173
2805.73504,1000,24050.409334
675.411144,255,24058.357372
2756.899962,1000,24088.288919
1321.132111,487,24104.133279
417.167274,161,24110.041549
2737.979148,1000,24139.945993
1380.202286,502,24155.863023
128.485989,60,24157.859942
1895.347226,673,24179.905953
2740.202003,1000,24209.853606
323.058022,126,24220.594914
2797.332246,1000,24252.355356
713.279718,260,24260.304359
2778.219863,1000,24290.179793
207.587055,91,24294.082601
1237.528946,462,24308.004666
2777.156991,1000,24339.789821
2484.837979,886,24367.789914
2733.809075,1000,24397.737915
2768.877589,1000,24429.642372
2734.39532,991,24459.561768
1708.719328,627,24479.464358
1381.780581,496,24495.28296
2751.207706,1000,24525.215946
2021.484415,743,24555.916261
2774.721839,1000,24587.908581
1263.184343,459,24601.816999
2293.938249,838,24627.483867
685.361242,261,24635.462802
813.161354,299,24645.468917
1417.713791,527,24661.479184
1961.567904,702,24683.485106
617.871701,243,24691.463011
2757.068794,1000,24721.578417
510.883055,202,24727.556825
2528.245136,903,24757.316464
1139.798325,428,24769.339678
2105.683561,747,24793.219071
23.588088,10,24793.241817
2762.008133,1000,24825.043847
2753.258807,1000,24860.824548
1275.716558,471,24876.838291
2696.031291,1000,24906.834146
2732.288986,1000,24938.488056
2793.786884,1000,24970.190557
2759.04717,1000,25000.192128
2781.758585,1000,25032.030152
2749.893889,1000,25061.901124
1540.482048,567,25079.798401
974.395367,364,25091.638255
2771.350535,1000,25123.38567
2776.633167,1000,25153.190079
2771.54757,1000,25191.566537
944.220783,351,25201.517732
1043.825107,385,25213.477819
1066.574369,393,25227.29682
1896.0431,691,25247.004655
2753.791171,995,25278.705043
2685.998591,977,25308.497889
2193.9121,797,25334.229586
2734.746366,1000,25364.041955
708.146105,260,25372.006898
2800.444853,1000,25403.85161
2783.377384,1000,25435.533636
2077.936934,761,25457.44841
293.897564,118,25461.443045
2747.734192,1000,25499.836751
2764.528547,1000,25531.493151
2753.753366,1000,25561.062746
1443.103218,525,25577.005944
2740.96276,1000,25608.875914
2772.02231,1000,25640.762387
746.854721,285,25648.808259
1160.240756,422,25662.78352
1334.518505,491,25676.733411
364.339896,140,25680.718791
593.753211,222,25688.597745
2800.488943,1000,25720.381364
2581.202165,928,25748.381836
904.113942,345,25758.431563
2755.427448,1000,25790.106612
2763.236425,1000,25828.43188
2052.447372,735,25850.316108
572.377579,221,25858.065554
1146.607479,431,25870.065002
2241.906534,805,25895.749023
2326.718567,836,25921.555514
2807.109333,1000,25953.228498
2811.885073,1000,25983.031681
2682.492168,1000,26014.753723
802.625416,299,26024.657611
2043.238387,751,26046.531914
2332.71281,870,26074.277298
1317.5985,487,26090.108814
2745.485967,1000,26125.457264
2778.711253,1000,26157.156997
1896.672066,692,26178.849343
2732.394044,1000,26208.678268
2209.671642,796,26234.422541
2707.354793,1000,26264.310671
2761.911128,1000,26296.094504
2773.864746,1000,26327.794457
2756.948295,1000,26357.610072
2737.996207,1000,26389.22376
2798.027654,1000,26418.998042
1079.34924,396,26439.52757
2756.141108,1000,26469.336474
211.658713,95,26473.245631
1249.674999,466,26486.965869
467.884594,187,26492.897897
2786.245121,1000,26524.532491
2764.566264,1000,26554.298064
2743.838382,1000,26585.930336
345.486393,141,26589.910672
201.717427,90,26591.934295
1423.874391,522,26609.663945
400.540263,162,26613.6641
938.9169,355,26625.477726
312.853334,130,26629.472647
2232.401883,822,26653.352025
2203.949813,788,26679.032357
392.83117,151,26683.032088
2771.643108,1000,26714.667597
2735.636952,1000,26744.400499
1300.592529,477,26767.00085
2769.512879,1000,26796.900041
1283.014407,459,26812.814883
915.835328,340,26822.752053
1105.117588,427,26836.582436
2787.907575,1000,26866.336509
305.398122,128,26870.328272
2758.059084,1000,26902.087789
2361.122705,845,26927.919141
2245.364581,844,26953.720274
1500.515693,543,26971.63338
2789.092257,1000,27001.389896
829.39067,303,27011.299695
2777.275726,1000,27043.191199
1553.159738,570,27061.110251
2774.240011,1000,27097.444949
1675.951948,622,27117.337082
2781.805142,1000,27149.251491
596.777307,226,27155.279409
2742.032716,1000,27187.045017
2716.827673,1000,27216.766356
2749.682892,1000,27248.412564
268.544391,111,27252.346447
768.961971,290,27260.312799
1994.733611,729,27283.983796
2692.640745,1000,27313.77629
1275.977662,463,27329.531345
933.557168,339,27339.466011
1537.108364,563,27357.23362
1875.220511,681,27377.010696
2729.899431,1000,27415.360399
2772.18939,1000,27446.953074
2767.114726,1000,27476.771317
2288.4917,821,27502.532959
2126.480538,791,27526.324558
2741.338004,1000,27557.981293
1653.214278,604,27575.818778
1061.819612,407,27589.611627
1300.820925,497,27605.432024
2778.105687,1000,27635.147338
2832.692437,1000,27666.78769
1561.731948,585,27684.621194
2799.352346,1000,27722.833655
2754.604397,1000,27752.608737
2774.064827,1000,27784.214065
1142.192161,427,27796.17828
1162.304622,423,27810.017081
758.014031,285,27819.836287
2753.72941,1000,27849.587131
2779.035608,1000,27881.262586
1774.023488,645,27901.100803
545.425637,211,27907.050557
318.406433,130,27911.018589
2809.511345,1000,27942.643685
2807.101099,1000,27972.386065
1195.787149,444,27986.265187
2516.055642,923,28021.865237
2152.560597,772,28045.630924
1007.825311,373,28057.631731
728.803501,279,28065.638175
132.901026,64,28067.616874
863.153815,322,28077.600051
2807.036548,1000,28109.450306
2771.498799,1000,28139.472775
1792.055322,644,28159.336018
230.164011,104,28163.256454
2740.153804,1000,28194.903617
2781.963247,1000,28224.843744
2773.488372,1000,28256.527168
2752.893303,1000,28288.238062
2774.825022,1000,28318.178236
2228.603713,813,28350.505885
2767.787803,1000,28380.371503
2767.831916,1000,28412.104381
2730.095023,1000,28443.802469
2712.896787,1000,28473.569738
690.427942,264,28481.454797
241.862208,104,28485.381093
2686.612839,1000,28516.999817
2772.188548,1000,28546.935603
509.525667,195,28552.889041
948.671185,357,28564.737263
1893.196414,695,28586.58115
2779.585283,1000,28616.387184
2770.09203,1000,28654.684758
559.960587,221,28662.538945
2760.817952,1000,28692.228238
2748.699963,1000,28723.986287
2582.113154,939,28751.858264
1160.861421,424,28765.739395
2708.167955,1000,28797.543821
2771.682257,1000,28827.322431
219.964466,97,28831.217268
2743.068486,1000,28860.898464
2737.277595,1000,28892.507856
2752.054976,1000,28924.07162
1389.662111,511,28939.904848
2766.089957,1000,28976.30747
2807.991124,1000,29007.836906
2762.848171,1000,29039.3447
2796.111137,1000,29069.045023
228.614523,101,29072.949198
644.515637,244,29080.865951
2766.483237,1000,29110.609897
2708.094233,1000,29142.18069
2771.81268,1000,29171.849316
196.785154,84,29175.746368
2724.844309,1000,29205.507066
2742.393401,1000,29237.133808
1942.495472,696,29258.995396
699.958399,267,29267.02796
125.353767,91,29270.946136
2789.255587,1000,29307.324422
556.472176,217,29315.185339
1185.584086,438,29327.164799
2736.556853,1000,29358.973444
426.018472,162,29364.862131
2750.257482,1000,29394.642462
2717.713837,1000,29426.411186
2723.321911,1000,29456.109744
2752.790861,1000,29487.863213
2750.984952,1000,29519.544249
2738.205227,1000,29549.50265
2752.877731,1000,29581.119137
993.478543,375,29599.573232
74.310996,42,29599.634698
2763.652836,1000,29631.223866
371.202196,148,29635.190804
2351.512643,865,29662.762886
1284.237937,478,29676.616216
2742.150815,1000,29708.206451
2591.160749,939,29737.793925
2746.370155,1000,29767.505273
2744.508284,1000,29799.078552
2691.510601,1000,29830.672066
676.410604,260,29838.550363
2730.851674,1000,29868.257609
1242.216444,463,29882.086424
2693.659156,1000,29920.226641
2805.787488,1000,29951.830487
819.488809,306,29959.760926
2663.790068,1000,29991.259734
1528.813897,562,30009.038982
833.712853,321,30018.930246
1025.101279,379,30030.808122
757.183276,284,30038.783221
492.071843,190,30044.728269
2752.247805,1000,30076.290596
1257.822214,472,30090.134156
2766.101638,1000,30121.706624
2779.33699,1000,30151.441866
714.572514,273,30161.272504
1550.839146,568,30179.07249
1814.574863,683,30198.920664
2758.781712,1000,30237.251464
2078.319169,764,30260.954106
2155.450296,799,30284.784853
2768.884419,1000,30316.331553
2786.143491,1000,30348.235623
2060.502055,758,30370.097502
2762.534511,1000,30401.747364
2785.611617,1000,30433.361933
2778.689959,1000,30463.062749
2740.830756,1000,30494.887602
2720.250505,1000,30526.779261
2729.617088,1000,30563.3133
1059.288303,386,30575.222904
1072.778876,398,30587.176607
1736.06289,630,30607.058048
2326.098313,859,30634.927372
2780.494573,1000,30664.809604
2750.328467,1000,30696.568768
2730.694444,1000,30728.242039
2728.63547,1000,30757.940762
2747.47965,1000,30789.619145
2740.241625,1000,30819.444957
2737.035568,1000,30851.011975
2372.180649,863,30885.361752
737.611093,276,30893.318661
2717.626914,1000,30923.03285
2742.834415,1000,30954.601836
2093.955613,764,30978.310281
1502.91116,552,30996.082836
2746.60936,1000,31025.726607
1159.627367,434,31039.524549
2432.119423,880,31067.323238
2746.530355,1000,31097.105762
2095.808177,755,31120.812033
1638.182967,601,31139.834386
2749.480396,1000,31160.076055
218.980211,97,31168.079109
1945.938644,716,31182.895903
2776.276023,1000,31204.457316
2766.556474,1000,31224.751328
1267.979338,479,31235.526732
2776.595476,1000,31255.873962
2736.559106,1000,31277.50798
2761.019712,1000,31299.085913
2525.237177,920,31318.018918
2755.037883,1000,31339.53588
2731.533534,1000,31359.77696
2768.430297,1000,31386.701781
2794.948049,1000,31407.044069
2055.062056,757,31423.2334
2768.06122,1000,31444.761072
1809.591595,666,31458.258926
2761.259105,1000,31479.758183
2777.460786,1000,31501.236715
1363.01289,498,31510.709433
2777.577656,1000,31532.193614
2795.431916,1000,31553.649086
2728.373058,1000,31573.789122
